-- Import patient data from JSON
-- Clear existing data
TRUNCATE TABLE observations, conditions, risk_assessments, patients CASCADE;

-- Patient: John Anderson
INSERT INTO patients (
    id, medical_record_number, first_name, last_name, date_of_birth, gender, email, phone,
    weight, height, smoking_status, cvd_history, family_history_esrd,
    on_ras_inhibitor, on_sglt2i, nephrotoxic_meds, nephrologist_referral,
    diagnosis_date, last_visit_date, next_visit_date
) VALUES (
    '32618787-3616-4da6-8c52-a72fcdd68970', 'MRN001'::text, 'John'::text, 'Anderson'::text,
    '1958-11-09', 'male'::text, 'john.anderson@email.com'::text, '+1-555-0001',
    92.5, 172, 'Former'::text,
    true, false,
    true, false,
    true, false,
    '2022-05-11', '2025-10-15'::text, '2025-11-28'::text
);
INSERT INTO observations (patient_id, observation_type, value_numeric, value_text, unit, observation_date, status)
VALUES ('32618787-3616-4da6-8c52-a72fcdd68970', 'eGFR', 28.5, NULL, 'mL/min/1.73m²'::text, CURRENT_TIMESTAMP, 'final');
INSERT INTO observations (patient_id, observation_type, value_numeric, value_text, unit, observation_date, status)
VALUES ('32618787-3616-4da6-8c52-a72fcdd68970', 'eGFR_trend', NULL, 'down'::text, NULL, CURRENT_TIMESTAMP, 'final');
INSERT INTO observations (patient_id, observation_type, value_numeric, value_text, unit, observation_date, status)
VALUES ('32618787-3616-4da6-8c52-a72fcdd68970', 'eGFR_change_percent', -8.5, NULL, '%'::text, CURRENT_TIMESTAMP, 'final');
INSERT INTO observations (patient_id, observation_type, value_numeric, value_text, unit, observation_date, status)
VALUES ('32618787-3616-4da6-8c52-a72fcdd68970', 'serum_creatinine', 2.4, NULL, 'mg/dL'::text, CURRENT_TIMESTAMP, 'final');
INSERT INTO observations (patient_id, observation_type, value_numeric, value_text, unit, observation_date, status)
VALUES ('32618787-3616-4da6-8c52-a72fcdd68970', 'BUN', 45, NULL, 'mg/dL'::text, CURRENT_TIMESTAMP, 'final');
INSERT INTO observations (patient_id, observation_type, value_numeric, value_text, unit, observation_date, status)
VALUES ('32618787-3616-4da6-8c52-a72fcdd68970', 'uACR', 450.0, NULL, 'mg/g'::text, CURRENT_TIMESTAMP, 'final');
INSERT INTO observations (patient_id, observation_type, value_numeric, value_text, unit, observation_date, status)
VALUES ('32618787-3616-4da6-8c52-a72fcdd68970', 'proteinuria_category', NULL, 'A3'::text, NULL, CURRENT_TIMESTAMP, 'final');
INSERT INTO observations (patient_id, observation_type, value_numeric, value_text, unit, observation_date, status)
VALUES ('32618787-3616-4da6-8c52-a72fcdd68970', 'blood_pressure_systolic', 152, NULL, 'mmHg'::text, CURRENT_TIMESTAMP, 'final');
INSERT INTO observations (patient_id, observation_type, value_numeric, value_text, unit, observation_date, status)
VALUES ('32618787-3616-4da6-8c52-a72fcdd68970', 'blood_pressure_diastolic', 94, NULL, 'mmHg'::text, CURRENT_TIMESTAMP, 'final');
INSERT INTO observations (patient_id, observation_type, value_numeric, value_text, unit, observation_date, status)
VALUES ('32618787-3616-4da6-8c52-a72fcdd68970', 'HbA1c', 7.8, NULL, '%'::text, CURRENT_TIMESTAMP, 'final');
INSERT INTO observations (patient_id, observation_type, value_numeric, value_text, unit, observation_date, status)
VALUES ('32618787-3616-4da6-8c52-a72fcdd68970', 'LDL_cholesterol', 142, NULL, 'mg/dL'::text, CURRENT_TIMESTAMP, 'final');
INSERT INTO observations (patient_id, observation_type, value_numeric, value_text, unit, observation_date, status)
VALUES ('32618787-3616-4da6-8c52-a72fcdd68970', 'HDL_cholesterol', 38, NULL, 'mg/dL'::text, CURRENT_TIMESTAMP, 'final');
INSERT INTO observations (patient_id, observation_type, value_numeric, value_text, unit, observation_date, status)
VALUES ('32618787-3616-4da6-8c52-a72fcdd68970', 'BMI', 31.2, NULL, 'kg/m²'::text, CURRENT_TIMESTAMP, 'final');
INSERT INTO observations (patient_id, observation_type, value_numeric, value_text, unit, observation_date, status)
VALUES ('32618787-3616-4da6-8c52-a72fcdd68970', 'hemoglobin', 10.2, NULL, 'g/dL'::text, CURRENT_TIMESTAMP, 'final');
INSERT INTO observations (patient_id, observation_type, value_numeric, value_text, unit, observation_date, status)
VALUES ('32618787-3616-4da6-8c52-a72fcdd68970', 'potassium', 5.8, NULL, 'mEq/L'::text, CURRENT_TIMESTAMP, 'final');
INSERT INTO observations (patient_id, observation_type, value_numeric, value_text, unit, observation_date, status)
VALUES ('32618787-3616-4da6-8c52-a72fcdd68970', 'calcium', 8.9, NULL, 'mg/dL'::text, CURRENT_TIMESTAMP, 'final');
INSERT INTO observations (patient_id, observation_type, value_numeric, value_text, unit, observation_date, status)
VALUES ('32618787-3616-4da6-8c52-a72fcdd68970', 'phosphorus', 5.2, NULL, 'mg/dL'::text, CURRENT_TIMESTAMP, 'final');
INSERT INTO observations (patient_id, observation_type, value_numeric, value_text, unit, observation_date, status)
VALUES ('32618787-3616-4da6-8c52-a72fcdd68970', 'albumin', 3.2, NULL, 'g/dL'::text, CURRENT_TIMESTAMP, 'final');
INSERT INTO conditions (patient_id, condition_code, condition_name, clinical_status, onset_date, recorded_date, severity)
VALUES ('32618787-3616-4da6-8c52-a72fcdd68970', 'E11.9', 'Type 2 Diabetes Mellitus', 'active', '2022-05-11', CURRENT_TIMESTAMP, 'moderate');
INSERT INTO conditions (patient_id, condition_code, condition_name, clinical_status, onset_date, recorded_date, severity)
VALUES ('32618787-3616-4da6-8c52-a72fcdd68970', 'I10', 'Essential Hypertension', 'active', '2022-05-11', CURRENT_TIMESTAMP, 'moderate');
INSERT INTO conditions (patient_id, condition_code, condition_name, clinical_status, onset_date, recorded_date, severity)
VALUES ('32618787-3616-4da6-8c52-a72fcdd68970', 'N18.4', 'Chronic Kidney Disease, Stage 4', 'active', '2022-05-11', CURRENT_TIMESTAMP, 'severe');
INSERT INTO conditions (patient_id, condition_code, condition_name, clinical_status, onset_date, recorded_date, severity)
VALUES ('32618787-3616-4da6-8c52-a72fcdd68970', 'I25.10', 'Coronary Artery Disease', 'active', '2022-05-11', CURRENT_TIMESTAMP, 'moderate');

-- Patient: Maria Rodriguez
INSERT INTO patients (
    id, medical_record_number, first_name, last_name, date_of_birth, gender, email, phone,
    weight, height, smoking_status, cvd_history, family_history_esrd,
    on_ras_inhibitor, on_sglt2i, nephrotoxic_meds, nephrologist_referral,
    diagnosis_date, last_visit_date, next_visit_date
) VALUES (
    '3ba232c9-ddf1-4024-a949-d18c5af34730', 'MRN002'::text, 'Maria'::text, 'Rodriguez'::text,
    '1973-11-09', 'female'::text, 'maria.rodriguez@email.com'::text, '+1-555-0001',
    68.5, 165, 'Never'::text,
    false, false,
    true, false,
    false, false,
    NULL, '2025-10-28'::text, '2026-04-28'::text
);
INSERT INTO observations (patient_id, observation_type, value_numeric, value_text, unit, observation_date, status)
VALUES ('3ba232c9-ddf1-4024-a949-d18c5af34730', 'eGFR', 95.0, NULL, 'mL/min/1.73m²'::text, CURRENT_TIMESTAMP, 'final');
INSERT INTO observations (patient_id, observation_type, value_numeric, value_text, unit, observation_date, status)
VALUES ('3ba232c9-ddf1-4024-a949-d18c5af34730', 'eGFR_trend', NULL, 'stable'::text, NULL, CURRENT_TIMESTAMP, 'final');
INSERT INTO observations (patient_id, observation_type, value_numeric, value_text, unit, observation_date, status)
VALUES ('3ba232c9-ddf1-4024-a949-d18c5af34730', 'eGFR_change_percent', 0.5, NULL, '%'::text, CURRENT_TIMESTAMP, 'final');
INSERT INTO observations (patient_id, observation_type, value_numeric, value_text, unit, observation_date, status)
VALUES ('3ba232c9-ddf1-4024-a949-d18c5af34730', 'serum_creatinine', 0.9, NULL, 'mg/dL'::text, CURRENT_TIMESTAMP, 'final');
INSERT INTO observations (patient_id, observation_type, value_numeric, value_text, unit, observation_date, status)
VALUES ('3ba232c9-ddf1-4024-a949-d18c5af34730', 'BUN', 18, NULL, 'mg/dL'::text, CURRENT_TIMESTAMP, 'final');
INSERT INTO observations (patient_id, observation_type, value_numeric, value_text, unit, observation_date, status)
VALUES ('3ba232c9-ddf1-4024-a949-d18c5af34730', 'uACR', 15.0, NULL, 'mg/g'::text, CURRENT_TIMESTAMP, 'final');
INSERT INTO observations (patient_id, observation_type, value_numeric, value_text, unit, observation_date, status)
VALUES ('3ba232c9-ddf1-4024-a949-d18c5af34730', 'proteinuria_category', NULL, 'A1'::text, NULL, CURRENT_TIMESTAMP, 'final');
INSERT INTO observations (patient_id, observation_type, value_numeric, value_text, unit, observation_date, status)
VALUES ('3ba232c9-ddf1-4024-a949-d18c5af34730', 'blood_pressure_systolic', 122, NULL, 'mmHg'::text, CURRENT_TIMESTAMP, 'final');
INSERT INTO observations (patient_id, observation_type, value_numeric, value_text, unit, observation_date, status)
VALUES ('3ba232c9-ddf1-4024-a949-d18c5af34730', 'blood_pressure_diastolic', 78, NULL, 'mmHg'::text, CURRENT_TIMESTAMP, 'final');
INSERT INTO observations (patient_id, observation_type, value_numeric, value_text, unit, observation_date, status)
VALUES ('3ba232c9-ddf1-4024-a949-d18c5af34730', 'HbA1c', 5.4, NULL, '%'::text, CURRENT_TIMESTAMP, 'final');
INSERT INTO observations (patient_id, observation_type, value_numeric, value_text, unit, observation_date, status)
VALUES ('3ba232c9-ddf1-4024-a949-d18c5af34730', 'LDL_cholesterol', 105, NULL, 'mg/dL'::text, CURRENT_TIMESTAMP, 'final');
INSERT INTO observations (patient_id, observation_type, value_numeric, value_text, unit, observation_date, status)
VALUES ('3ba232c9-ddf1-4024-a949-d18c5af34730', 'HDL_cholesterol', 58, NULL, 'mg/dL'::text, CURRENT_TIMESTAMP, 'final');
INSERT INTO observations (patient_id, observation_type, value_numeric, value_text, unit, observation_date, status)
VALUES ('3ba232c9-ddf1-4024-a949-d18c5af34730', 'BMI', 25.2, NULL, 'kg/m²'::text, CURRENT_TIMESTAMP, 'final');
INSERT INTO observations (patient_id, observation_type, value_numeric, value_text, unit, observation_date, status)
VALUES ('3ba232c9-ddf1-4024-a949-d18c5af34730', 'hemoglobin', 13.5, NULL, 'g/dL'::text, CURRENT_TIMESTAMP, 'final');
INSERT INTO observations (patient_id, observation_type, value_numeric, value_text, unit, observation_date, status)
VALUES ('3ba232c9-ddf1-4024-a949-d18c5af34730', 'potassium', 4.2, NULL, 'mEq/L'::text, CURRENT_TIMESTAMP, 'final');
INSERT INTO observations (patient_id, observation_type, value_numeric, value_text, unit, observation_date, status)
VALUES ('3ba232c9-ddf1-4024-a949-d18c5af34730', 'calcium', 9.4, NULL, 'mg/dL'::text, CURRENT_TIMESTAMP, 'final');
INSERT INTO observations (patient_id, observation_type, value_numeric, value_text, unit, observation_date, status)
VALUES ('3ba232c9-ddf1-4024-a949-d18c5af34730', 'phosphorus', 3.5, NULL, 'mg/dL'::text, CURRENT_TIMESTAMP, 'final');
INSERT INTO observations (patient_id, observation_type, value_numeric, value_text, unit, observation_date, status)
VALUES ('3ba232c9-ddf1-4024-a949-d18c5af34730', 'albumin', 4.1, NULL, 'g/dL'::text, CURRENT_TIMESTAMP, 'final');
INSERT INTO conditions (patient_id, condition_code, condition_name, clinical_status, onset_date, recorded_date, severity)
VALUES ('3ba232c9-ddf1-4024-a949-d18c5af34730', 'I10', 'Essential Hypertension', 'active', NULL, CURRENT_TIMESTAMP, 'moderate');

-- Patient: Robert Chen
INSERT INTO patients (
    id, medical_record_number, first_name, last_name, date_of_birth, gender, email, phone,
    weight, height, smoking_status, cvd_history, family_history_esrd,
    on_ras_inhibitor, on_sglt2i, nephrotoxic_meds, nephrologist_referral,
    diagnosis_date, last_visit_date, next_visit_date
) VALUES (
    '256b7f01-a6f9-456c-9862-0f8f22710acf', 'MRN003'::text, 'Robert'::text, 'Chen'::text,
    '1952-11-09', 'male'::text, 'robert.chen@email.com'::text, '+1-555-0001',
    78.2, 168, 'Former'::text,
    true, true,
    true, true,
    false, true,
    '2018-11-10', '2025-11-02'::text, '2025-11-16'::text
);
INSERT INTO observations (patient_id, observation_type, value_numeric, value_text, unit, observation_date, status)
VALUES ('256b7f01-a6f9-456c-9862-0f8f22710acf', 'eGFR', 12.0, NULL, 'mL/min/1.73m²'::text, CURRENT_TIMESTAMP, 'final');
INSERT INTO observations (patient_id, observation_type, value_numeric, value_text, unit, observation_date, status)
VALUES ('256b7f01-a6f9-456c-9862-0f8f22710acf', 'eGFR_trend', NULL, 'down'::text, NULL, CURRENT_TIMESTAMP, 'final');
INSERT INTO observations (patient_id, observation_type, value_numeric, value_text, unit, observation_date, status)
VALUES ('256b7f01-a6f9-456c-9862-0f8f22710acf', 'eGFR_change_percent', -15.2, NULL, '%'::text, CURRENT_TIMESTAMP, 'final');
INSERT INTO observations (patient_id, observation_type, value_numeric, value_text, unit, observation_date, status)
VALUES ('256b7f01-a6f9-456c-9862-0f8f22710acf', 'serum_creatinine', 5.8, NULL, 'mg/dL'::text, CURRENT_TIMESTAMP, 'final');
INSERT INTO observations (patient_id, observation_type, value_numeric, value_text, unit, observation_date, status)
VALUES ('256b7f01-a6f9-456c-9862-0f8f22710acf', 'BUN', 82, NULL, 'mg/dL'::text, CURRENT_TIMESTAMP, 'final');
INSERT INTO observations (patient_id, observation_type, value_numeric, value_text, unit, observation_date, status)
VALUES ('256b7f01-a6f9-456c-9862-0f8f22710acf', 'uACR', 850.0, NULL, 'mg/g'::text, CURRENT_TIMESTAMP, 'final');
INSERT INTO observations (patient_id, observation_type, value_numeric, value_text, unit, observation_date, status)
VALUES ('256b7f01-a6f9-456c-9862-0f8f22710acf', 'proteinuria_category', NULL, 'A3'::text, NULL, CURRENT_TIMESTAMP, 'final');
INSERT INTO observations (patient_id, observation_type, value_numeric, value_text, unit, observation_date, status)
VALUES ('256b7f01-a6f9-456c-9862-0f8f22710acf', 'blood_pressure_systolic', 168, NULL, 'mmHg'::text, CURRENT_TIMESTAMP, 'final');
INSERT INTO observations (patient_id, observation_type, value_numeric, value_text, unit, observation_date, status)
VALUES ('256b7f01-a6f9-456c-9862-0f8f22710acf', 'blood_pressure_diastolic', 102, NULL, 'mmHg'::text, CURRENT_TIMESTAMP, 'final');
INSERT INTO observations (patient_id, observation_type, value_numeric, value_text, unit, observation_date, status)
VALUES ('256b7f01-a6f9-456c-9862-0f8f22710acf', 'HbA1c', 8.5, NULL, '%'::text, CURRENT_TIMESTAMP, 'final');
INSERT INTO observations (patient_id, observation_type, value_numeric, value_text, unit, observation_date, status)
VALUES ('256b7f01-a6f9-456c-9862-0f8f22710acf', 'LDL_cholesterol', 156, NULL, 'mg/dL'::text, CURRENT_TIMESTAMP, 'final');
INSERT INTO observations (patient_id, observation_type, value_numeric, value_text, unit, observation_date, status)
VALUES ('256b7f01-a6f9-456c-9862-0f8f22710acf', 'HDL_cholesterol', 32, NULL, 'mg/dL'::text, CURRENT_TIMESTAMP, 'final');
INSERT INTO observations (patient_id, observation_type, value_numeric, value_text, unit, observation_date, status)
VALUES ('256b7f01-a6f9-456c-9862-0f8f22710acf', 'BMI', 27.7, NULL, 'kg/m²'::text, CURRENT_TIMESTAMP, 'final');
INSERT INTO observations (patient_id, observation_type, value_numeric, value_text, unit, observation_date, status)
VALUES ('256b7f01-a6f9-456c-9862-0f8f22710acf', 'hemoglobin', 8.5, NULL, 'g/dL'::text, CURRENT_TIMESTAMP, 'final');
INSERT INTO observations (patient_id, observation_type, value_numeric, value_text, unit, observation_date, status)
VALUES ('256b7f01-a6f9-456c-9862-0f8f22710acf', 'potassium', 6.2, NULL, 'mEq/L'::text, CURRENT_TIMESTAMP, 'final');
INSERT INTO observations (patient_id, observation_type, value_numeric, value_text, unit, observation_date, status)
VALUES ('256b7f01-a6f9-456c-9862-0f8f22710acf', 'calcium', 8.2, NULL, 'mg/dL'::text, CURRENT_TIMESTAMP, 'final');
INSERT INTO observations (patient_id, observation_type, value_numeric, value_text, unit, observation_date, status)
VALUES ('256b7f01-a6f9-456c-9862-0f8f22710acf', 'phosphorus', 6.8, NULL, 'mg/dL'::text, CURRENT_TIMESTAMP, 'final');
INSERT INTO observations (patient_id, observation_type, value_numeric, value_text, unit, observation_date, status)
VALUES ('256b7f01-a6f9-456c-9862-0f8f22710acf', 'albumin', 2.8, NULL, 'g/dL'::text, CURRENT_TIMESTAMP, 'final');
INSERT INTO conditions (patient_id, condition_code, condition_name, clinical_status, onset_date, recorded_date, severity)
VALUES ('256b7f01-a6f9-456c-9862-0f8f22710acf', 'E11.9', 'Type 2 Diabetes Mellitus', 'active', '2018-11-10', CURRENT_TIMESTAMP, 'moderate');
INSERT INTO conditions (patient_id, condition_code, condition_name, clinical_status, onset_date, recorded_date, severity)
VALUES ('256b7f01-a6f9-456c-9862-0f8f22710acf', 'I10', 'Essential Hypertension', 'active', '2018-11-10', CURRENT_TIMESTAMP, 'moderate');
INSERT INTO conditions (patient_id, condition_code, condition_name, clinical_status, onset_date, recorded_date, severity)
VALUES ('256b7f01-a6f9-456c-9862-0f8f22710acf', 'N18.5', 'Chronic Kidney Disease, Stage 5', 'active', '2018-11-10', CURRENT_TIMESTAMP, 'severe');
INSERT INTO conditions (patient_id, condition_code, condition_name, clinical_status, onset_date, recorded_date, severity)
VALUES ('256b7f01-a6f9-456c-9862-0f8f22710acf', 'I25.10', 'Coronary Artery Disease', 'active', '2018-11-10', CURRENT_TIMESTAMP, 'moderate');

-- Patient: Sarah Williams
INSERT INTO patients (
    id, medical_record_number, first_name, last_name, date_of_birth, gender, email, phone,
    weight, height, smoking_status, cvd_history, family_history_esrd,
    on_ras_inhibitor, on_sglt2i, nephrotoxic_meds, nephrologist_referral,
    diagnosis_date, last_visit_date, next_visit_date
) VALUES (
    'e7b33aa6-8401-4dae-8b65-14b39ff8916b', 'MRN004'::text, 'Sarah'::text, 'Williams'::text,
    '1980-11-09', 'female'::text, 'sarah.williams@email.com'::text, '+1-555-0001',
    85.0, 170, 'Current'::text,
    false, false,
    true, true,
    false, false,
    '2024-05-11', '2025-10-20'::text, '2026-01-20'::text
);
INSERT INTO observations (patient_id, observation_type, value_numeric, value_text, unit, observation_date, status)
VALUES ('e7b33aa6-8401-4dae-8b65-14b39ff8916b', 'eGFR', 68.0, NULL, 'mL/min/1.73m²'::text, CURRENT_TIMESTAMP, 'final');
INSERT INTO observations (patient_id, observation_type, value_numeric, value_text, unit, observation_date, status)
VALUES ('e7b33aa6-8401-4dae-8b65-14b39ff8916b', 'eGFR_trend', NULL, 'stable'::text, NULL, CURRENT_TIMESTAMP, 'final');
INSERT INTO observations (patient_id, observation_type, value_numeric, value_text, unit, observation_date, status)
VALUES ('e7b33aa6-8401-4dae-8b65-14b39ff8916b', 'eGFR_change_percent', -1.2, NULL, '%'::text, CURRENT_TIMESTAMP, 'final');
INSERT INTO observations (patient_id, observation_type, value_numeric, value_text, unit, observation_date, status)
VALUES ('e7b33aa6-8401-4dae-8b65-14b39ff8916b', 'serum_creatinine', 1.2, NULL, 'mg/dL'::text, CURRENT_TIMESTAMP, 'final');
INSERT INTO observations (patient_id, observation_type, value_numeric, value_text, unit, observation_date, status)
VALUES ('e7b33aa6-8401-4dae-8b65-14b39ff8916b', 'BUN', 24, NULL, 'mg/dL'::text, CURRENT_TIMESTAMP, 'final');
INSERT INTO observations (patient_id, observation_type, value_numeric, value_text, unit, observation_date, status)
VALUES ('e7b33aa6-8401-4dae-8b65-14b39ff8916b', 'uACR', 85.0, NULL, 'mg/g'::text, CURRENT_TIMESTAMP, 'final');
INSERT INTO observations (patient_id, observation_type, value_numeric, value_text, unit, observation_date, status)
VALUES ('e7b33aa6-8401-4dae-8b65-14b39ff8916b', 'proteinuria_category', NULL, 'A2'::text, NULL, CURRENT_TIMESTAMP, 'final');
INSERT INTO observations (patient_id, observation_type, value_numeric, value_text, unit, observation_date, status)
VALUES ('e7b33aa6-8401-4dae-8b65-14b39ff8916b', 'blood_pressure_systolic', 138, NULL, 'mmHg'::text, CURRENT_TIMESTAMP, 'final');
INSERT INTO observations (patient_id, observation_type, value_numeric, value_text, unit, observation_date, status)
VALUES ('e7b33aa6-8401-4dae-8b65-14b39ff8916b', 'blood_pressure_diastolic', 86, NULL, 'mmHg'::text, CURRENT_TIMESTAMP, 'final');
INSERT INTO observations (patient_id, observation_type, value_numeric, value_text, unit, observation_date, status)
VALUES ('e7b33aa6-8401-4dae-8b65-14b39ff8916b', 'HbA1c', 6.8, NULL, '%'::text, CURRENT_TIMESTAMP, 'final');
INSERT INTO observations (patient_id, observation_type, value_numeric, value_text, unit, observation_date, status)
VALUES ('e7b33aa6-8401-4dae-8b65-14b39ff8916b', 'LDL_cholesterol', 122, NULL, 'mg/dL'::text, CURRENT_TIMESTAMP, 'final');
INSERT INTO observations (patient_id, observation_type, value_numeric, value_text, unit, observation_date, status)
VALUES ('e7b33aa6-8401-4dae-8b65-14b39ff8916b', 'HDL_cholesterol', 48, NULL, 'mg/dL'::text, CURRENT_TIMESTAMP, 'final');
INSERT INTO observations (patient_id, observation_type, value_numeric, value_text, unit, observation_date, status)
VALUES ('e7b33aa6-8401-4dae-8b65-14b39ff8916b', 'BMI', 29.4, NULL, 'kg/m²'::text, CURRENT_TIMESTAMP, 'final');
INSERT INTO observations (patient_id, observation_type, value_numeric, value_text, unit, observation_date, status)
VALUES ('e7b33aa6-8401-4dae-8b65-14b39ff8916b', 'hemoglobin', 12.8, NULL, 'g/dL'::text, CURRENT_TIMESTAMP, 'final');
INSERT INTO observations (patient_id, observation_type, value_numeric, value_text, unit, observation_date, status)
VALUES ('e7b33aa6-8401-4dae-8b65-14b39ff8916b', 'potassium', 4.5, NULL, 'mEq/L'::text, CURRENT_TIMESTAMP, 'final');
INSERT INTO observations (patient_id, observation_type, value_numeric, value_text, unit, observation_date, status)
VALUES ('e7b33aa6-8401-4dae-8b65-14b39ff8916b', 'calcium', 9.2, NULL, 'mg/dL'::text, CURRENT_TIMESTAMP, 'final');
INSERT INTO observations (patient_id, observation_type, value_numeric, value_text, unit, observation_date, status)
VALUES ('e7b33aa6-8401-4dae-8b65-14b39ff8916b', 'phosphorus', 3.8, NULL, 'mg/dL'::text, CURRENT_TIMESTAMP, 'final');
INSERT INTO observations (patient_id, observation_type, value_numeric, value_text, unit, observation_date, status)
VALUES ('e7b33aa6-8401-4dae-8b65-14b39ff8916b', 'albumin', 3.9, NULL, 'g/dL'::text, CURRENT_TIMESTAMP, 'final');
INSERT INTO conditions (patient_id, condition_code, condition_name, clinical_status, onset_date, recorded_date, severity)
VALUES ('e7b33aa6-8401-4dae-8b65-14b39ff8916b', 'E11.9', 'Type 2 Diabetes Mellitus', 'active', '2024-05-11', CURRENT_TIMESTAMP, 'moderate');
INSERT INTO conditions (patient_id, condition_code, condition_name, clinical_status, onset_date, recorded_date, severity)
VALUES ('e7b33aa6-8401-4dae-8b65-14b39ff8916b', 'I10', 'Essential Hypertension', 'active', '2024-05-11', CURRENT_TIMESTAMP, 'moderate');
INSERT INTO conditions (patient_id, condition_code, condition_name, clinical_status, onset_date, recorded_date, severity)
VALUES ('e7b33aa6-8401-4dae-8b65-14b39ff8916b', 'N18.2', 'Chronic Kidney Disease, Stage 2', 'active', '2024-05-11', CURRENT_TIMESTAMP, 'mild');

-- Patient: Michael O'Brien
INSERT INTO patients (
    id, medical_record_number, first_name, last_name, date_of_birth, gender, email, phone,
    weight, height, smoking_status, cvd_history, family_history_esrd,
    on_ras_inhibitor, on_sglt2i, nephrotoxic_meds, nephrologist_referral,
    diagnosis_date, last_visit_date, next_visit_date
) VALUES (
    'c852baf0-381f-430a-853d-218a07aad4c0', 'MRN005'::text, 'Michael'::text, 'O''Brien'::text,
    '1967-11-09', 'male'::text, 'michael.o''brien@email.com'::text, '+1-555-0001',
    95.0, 178, 'Former'::text,
    false, false,
    true, true,
    false, false,
    '2023-11-10', '2025-10-05'::text, '2026-01-05'::text
);
INSERT INTO observations (patient_id, observation_type, value_numeric, value_text, unit, observation_date, status)
VALUES ('c852baf0-381f-430a-853d-218a07aad4c0', 'eGFR', 52.0, NULL, 'mL/min/1.73m²'::text, CURRENT_TIMESTAMP, 'final');
INSERT INTO observations (patient_id, observation_type, value_numeric, value_text, unit, observation_date, status)
VALUES ('c852baf0-381f-430a-853d-218a07aad4c0', 'eGFR_trend', NULL, 'down'::text, NULL, CURRENT_TIMESTAMP, 'final');
INSERT INTO observations (patient_id, observation_type, value_numeric, value_text, unit, observation_date, status)
VALUES ('c852baf0-381f-430a-853d-218a07aad4c0', 'eGFR_change_percent', -4.8, NULL, '%'::text, CURRENT_TIMESTAMP, 'final');
INSERT INTO observations (patient_id, observation_type, value_numeric, value_text, unit, observation_date, status)
VALUES ('c852baf0-381f-430a-853d-218a07aad4c0', 'serum_creatinine', 1.6, NULL, 'mg/dL'::text, CURRENT_TIMESTAMP, 'final');
INSERT INTO observations (patient_id, observation_type, value_numeric, value_text, unit, observation_date, status)
VALUES ('c852baf0-381f-430a-853d-218a07aad4c0', 'BUN', 32, NULL, 'mg/dL'::text, CURRENT_TIMESTAMP, 'final');
INSERT INTO observations (patient_id, observation_type, value_numeric, value_text, unit, observation_date, status)
VALUES ('c852baf0-381f-430a-853d-218a07aad4c0', 'uACR', 180.0, NULL, 'mg/g'::text, CURRENT_TIMESTAMP, 'final');
INSERT INTO observations (patient_id, observation_type, value_numeric, value_text, unit, observation_date, status)
VALUES ('c852baf0-381f-430a-853d-218a07aad4c0', 'proteinuria_category', NULL, 'A2'::text, NULL, CURRENT_TIMESTAMP, 'final');
INSERT INTO observations (patient_id, observation_type, value_numeric, value_text, unit, observation_date, status)
VALUES ('c852baf0-381f-430a-853d-218a07aad4c0', 'blood_pressure_systolic', 145, NULL, 'mmHg'::text, CURRENT_TIMESTAMP, 'final');
INSERT INTO observations (patient_id, observation_type, value_numeric, value_text, unit, observation_date, status)
VALUES ('c852baf0-381f-430a-853d-218a07aad4c0', 'blood_pressure_diastolic', 90, NULL, 'mmHg'::text, CURRENT_TIMESTAMP, 'final');
INSERT INTO observations (patient_id, observation_type, value_numeric, value_text, unit, observation_date, status)
VALUES ('c852baf0-381f-430a-853d-218a07aad4c0', 'HbA1c', 7.2, NULL, '%'::text, CURRENT_TIMESTAMP, 'final');
INSERT INTO observations (patient_id, observation_type, value_numeric, value_text, unit, observation_date, status)
VALUES ('c852baf0-381f-430a-853d-218a07aad4c0', 'LDL_cholesterol', 135, NULL, 'mg/dL'::text, CURRENT_TIMESTAMP, 'final');
INSERT INTO observations (patient_id, observation_type, value_numeric, value_text, unit, observation_date, status)
VALUES ('c852baf0-381f-430a-853d-218a07aad4c0', 'HDL_cholesterol', 42, NULL, 'mg/dL'::text, CURRENT_TIMESTAMP, 'final');
INSERT INTO observations (patient_id, observation_type, value_numeric, value_text, unit, observation_date, status)
VALUES ('c852baf0-381f-430a-853d-218a07aad4c0', 'BMI', 30.0, NULL, 'kg/m²'::text, CURRENT_TIMESTAMP, 'final');
INSERT INTO observations (patient_id, observation_type, value_numeric, value_text, unit, observation_date, status)
VALUES ('c852baf0-381f-430a-853d-218a07aad4c0', 'hemoglobin', 11.5, NULL, 'g/dL'::text, CURRENT_TIMESTAMP, 'final');
INSERT INTO observations (patient_id, observation_type, value_numeric, value_text, unit, observation_date, status)
VALUES ('c852baf0-381f-430a-853d-218a07aad4c0', 'potassium', 4.8, NULL, 'mEq/L'::text, CURRENT_TIMESTAMP, 'final');
INSERT INTO observations (patient_id, observation_type, value_numeric, value_text, unit, observation_date, status)
VALUES ('c852baf0-381f-430a-853d-218a07aad4c0', 'calcium', 9.0, NULL, 'mg/dL'::text, CURRENT_TIMESTAMP, 'final');
INSERT INTO observations (patient_id, observation_type, value_numeric, value_text, unit, observation_date, status)
VALUES ('c852baf0-381f-430a-853d-218a07aad4c0', 'phosphorus', 4.2, NULL, 'mg/dL'::text, CURRENT_TIMESTAMP, 'final');
INSERT INTO observations (patient_id, observation_type, value_numeric, value_text, unit, observation_date, status)
VALUES ('c852baf0-381f-430a-853d-218a07aad4c0', 'albumin', 3.6, NULL, 'g/dL'::text, CURRENT_TIMESTAMP, 'final');
INSERT INTO conditions (patient_id, condition_code, condition_name, clinical_status, onset_date, recorded_date, severity)
VALUES ('c852baf0-381f-430a-853d-218a07aad4c0', 'E11.9', 'Type 2 Diabetes Mellitus', 'active', '2023-11-10', CURRENT_TIMESTAMP, 'moderate');
INSERT INTO conditions (patient_id, condition_code, condition_name, clinical_status, onset_date, recorded_date, severity)
VALUES ('c852baf0-381f-430a-853d-218a07aad4c0', 'I10', 'Essential Hypertension', 'active', '2023-11-10', CURRENT_TIMESTAMP, 'moderate');
INSERT INTO conditions (patient_id, condition_code, condition_name, clinical_status, onset_date, recorded_date, severity)
VALUES ('c852baf0-381f-430a-853d-218a07aad4c0', 'N18.3', 'Chronic Kidney Disease, Stage 3', 'active', '2023-11-10', CURRENT_TIMESTAMP, 'moderate');

-- Patient: Jennifer Lee
INSERT INTO patients (
    id, medical_record_number, first_name, last_name, date_of_birth, gender, email, phone,
    weight, height, smoking_status, cvd_history, family_history_esrd,
    on_ras_inhibitor, on_sglt2i, nephrotoxic_meds, nephrologist_referral,
    diagnosis_date, last_visit_date, next_visit_date
) VALUES (
    '2dfa41da-b7b5-4c5d-a1f1-0010470e1d33', 'MRN006'::text, 'Jennifer'::text, 'Lee'::text,
    '1986-11-09', 'female'::text, 'jennifer.lee@email.com'::text, '+1-555-0001',
    62.0, 162, 'Never'::text,
    false, false,
    false, false,
    false, false,
    NULL, '2025-09-15'::text, '2026-03-15'::text
);
INSERT INTO observations (patient_id, observation_type, value_numeric, value_text, unit, observation_date, status)
VALUES ('2dfa41da-b7b5-4c5d-a1f1-0010470e1d33', 'eGFR', 105.0, NULL, 'mL/min/1.73m²'::text, CURRENT_TIMESTAMP, 'final');
INSERT INTO observations (patient_id, observation_type, value_numeric, value_text, unit, observation_date, status)
VALUES ('2dfa41da-b7b5-4c5d-a1f1-0010470e1d33', 'eGFR_trend', NULL, 'stable'::text, NULL, CURRENT_TIMESTAMP, 'final');
INSERT INTO observations (patient_id, observation_type, value_numeric, value_text, unit, observation_date, status)
VALUES ('2dfa41da-b7b5-4c5d-a1f1-0010470e1d33', 'eGFR_change_percent', 1.0, NULL, '%'::text, CURRENT_TIMESTAMP, 'final');
INSERT INTO observations (patient_id, observation_type, value_numeric, value_text, unit, observation_date, status)
VALUES ('2dfa41da-b7b5-4c5d-a1f1-0010470e1d33', 'serum_creatinine', 0.8, NULL, 'mg/dL'::text, CURRENT_TIMESTAMP, 'final');
INSERT INTO observations (patient_id, observation_type, value_numeric, value_text, unit, observation_date, status)
VALUES ('2dfa41da-b7b5-4c5d-a1f1-0010470e1d33', 'BUN', 15, NULL, 'mg/dL'::text, CURRENT_TIMESTAMP, 'final');
INSERT INTO observations (patient_id, observation_type, value_numeric, value_text, unit, observation_date, status)
VALUES ('2dfa41da-b7b5-4c5d-a1f1-0010470e1d33', 'uACR', 25.0, NULL, 'mg/g'::text, CURRENT_TIMESTAMP, 'final');
INSERT INTO observations (patient_id, observation_type, value_numeric, value_text, unit, observation_date, status)
VALUES ('2dfa41da-b7b5-4c5d-a1f1-0010470e1d33', 'proteinuria_category', NULL, 'A1'::text, NULL, CURRENT_TIMESTAMP, 'final');
INSERT INTO observations (patient_id, observation_type, value_numeric, value_text, unit, observation_date, status)
VALUES ('2dfa41da-b7b5-4c5d-a1f1-0010470e1d33', 'blood_pressure_systolic', 118, NULL, 'mmHg'::text, CURRENT_TIMESTAMP, 'final');
INSERT INTO observations (patient_id, observation_type, value_numeric, value_text, unit, observation_date, status)
VALUES ('2dfa41da-b7b5-4c5d-a1f1-0010470e1d33', 'blood_pressure_diastolic', 75, NULL, 'mmHg'::text, CURRENT_TIMESTAMP, 'final');
INSERT INTO observations (patient_id, observation_type, value_numeric, value_text, unit, observation_date, status)
VALUES ('2dfa41da-b7b5-4c5d-a1f1-0010470e1d33', 'HbA1c', 5.2, NULL, '%'::text, CURRENT_TIMESTAMP, 'final');
INSERT INTO observations (patient_id, observation_type, value_numeric, value_text, unit, observation_date, status)
VALUES ('2dfa41da-b7b5-4c5d-a1f1-0010470e1d33', 'LDL_cholesterol', 98, NULL, 'mg/dL'::text, CURRENT_TIMESTAMP, 'final');
INSERT INTO observations (patient_id, observation_type, value_numeric, value_text, unit, observation_date, status)
VALUES ('2dfa41da-b7b5-4c5d-a1f1-0010470e1d33', 'HDL_cholesterol', 62, NULL, 'mg/dL'::text, CURRENT_TIMESTAMP, 'final');
INSERT INTO observations (patient_id, observation_type, value_numeric, value_text, unit, observation_date, status)
VALUES ('2dfa41da-b7b5-4c5d-a1f1-0010470e1d33', 'BMI', 23.6, NULL, 'kg/m²'::text, CURRENT_TIMESTAMP, 'final');
INSERT INTO observations (patient_id, observation_type, value_numeric, value_text, unit, observation_date, status)
VALUES ('2dfa41da-b7b5-4c5d-a1f1-0010470e1d33', 'hemoglobin', 13.8, NULL, 'g/dL'::text, CURRENT_TIMESTAMP, 'final');
INSERT INTO observations (patient_id, observation_type, value_numeric, value_text, unit, observation_date, status)
VALUES ('2dfa41da-b7b5-4c5d-a1f1-0010470e1d33', 'potassium', 4.0, NULL, 'mEq/L'::text, CURRENT_TIMESTAMP, 'final');
INSERT INTO observations (patient_id, observation_type, value_numeric, value_text, unit, observation_date, status)
VALUES ('2dfa41da-b7b5-4c5d-a1f1-0010470e1d33', 'calcium', 9.5, NULL, 'mg/dL'::text, CURRENT_TIMESTAMP, 'final');
INSERT INTO observations (patient_id, observation_type, value_numeric, value_text, unit, observation_date, status)
VALUES ('2dfa41da-b7b5-4c5d-a1f1-0010470e1d33', 'phosphorus', 3.4, NULL, 'mg/dL'::text, CURRENT_TIMESTAMP, 'final');
INSERT INTO observations (patient_id, observation_type, value_numeric, value_text, unit, observation_date, status)
VALUES ('2dfa41da-b7b5-4c5d-a1f1-0010470e1d33', 'albumin', 4.2, NULL, 'g/dL'::text, CURRENT_TIMESTAMP, 'final');
INSERT INTO conditions (patient_id, condition_code, condition_name, clinical_status, onset_date, recorded_date, severity)
VALUES ('2dfa41da-b7b5-4c5d-a1f1-0010470e1d33', 'N18.1', 'Chronic Kidney Disease, Stage 1', 'active', NULL, CURRENT_TIMESTAMP, 'mild');

-- Patient: David Martinez
INSERT INTO patients (
    id, medical_record_number, first_name, last_name, date_of_birth, gender, email, phone,
    weight, height, smoking_status, cvd_history, family_history_esrd,
    on_ras_inhibitor, on_sglt2i, nephrotoxic_meds, nephrologist_referral,
    diagnosis_date, last_visit_date, next_visit_date
) VALUES (
    'd1f6691f-7019-4b70-aa1b-d20428a45461', 'MRN007'::text, 'David'::text, 'Martinez'::text,
    '1954-11-09', 'male'::text, 'david.martinez@email.com'::text, '+1-555-0001',
    88.0, 175, 'Current'::text,
    true, false,
    true, false,
    true, true,
    '2020-11-09', '2025-10-25'::text, '2025-11-22'::text
);
INSERT INTO observations (patient_id, observation_type, value_numeric, value_text, unit, observation_date, status)
VALUES ('d1f6691f-7019-4b70-aa1b-d20428a45461', 'eGFR', 25.0, NULL, 'mL/min/1.73m²'::text, CURRENT_TIMESTAMP, 'final');
INSERT INTO observations (patient_id, observation_type, value_numeric, value_text, unit, observation_date, status)
VALUES ('d1f6691f-7019-4b70-aa1b-d20428a45461', 'eGFR_trend', NULL, 'down'::text, NULL, CURRENT_TIMESTAMP, 'final');
INSERT INTO observations (patient_id, observation_type, value_numeric, value_text, unit, observation_date, status)
VALUES ('d1f6691f-7019-4b70-aa1b-d20428a45461', 'eGFR_change_percent', -10.5, NULL, '%'::text, CURRENT_TIMESTAMP, 'final');
INSERT INTO observations (patient_id, observation_type, value_numeric, value_text, unit, observation_date, status)
VALUES ('d1f6691f-7019-4b70-aa1b-d20428a45461', 'serum_creatinine', 2.8, NULL, 'mg/dL'::text, CURRENT_TIMESTAMP, 'final');
INSERT INTO observations (patient_id, observation_type, value_numeric, value_text, unit, observation_date, status)
VALUES ('d1f6691f-7019-4b70-aa1b-d20428a45461', 'BUN', 52, NULL, 'mg/dL'::text, CURRENT_TIMESTAMP, 'final');
INSERT INTO observations (patient_id, observation_type, value_numeric, value_text, unit, observation_date, status)
VALUES ('d1f6691f-7019-4b70-aa1b-d20428a45461', 'uACR', 520.0, NULL, 'mg/g'::text, CURRENT_TIMESTAMP, 'final');
INSERT INTO observations (patient_id, observation_type, value_numeric, value_text, unit, observation_date, status)
VALUES ('d1f6691f-7019-4b70-aa1b-d20428a45461', 'proteinuria_category', NULL, 'A3'::text, NULL, CURRENT_TIMESTAMP, 'final');
INSERT INTO observations (patient_id, observation_type, value_numeric, value_text, unit, observation_date, status)
VALUES ('d1f6691f-7019-4b70-aa1b-d20428a45461', 'blood_pressure_systolic', 158, NULL, 'mmHg'::text, CURRENT_TIMESTAMP, 'final');
INSERT INTO observations (patient_id, observation_type, value_numeric, value_text, unit, observation_date, status)
VALUES ('d1f6691f-7019-4b70-aa1b-d20428a45461', 'blood_pressure_diastolic', 96, NULL, 'mmHg'::text, CURRENT_TIMESTAMP, 'final');
INSERT INTO observations (patient_id, observation_type, value_numeric, value_text, unit, observation_date, status)
VALUES ('d1f6691f-7019-4b70-aa1b-d20428a45461', 'HbA1c', 8.2, NULL, '%'::text, CURRENT_TIMESTAMP, 'final');
INSERT INTO observations (patient_id, observation_type, value_numeric, value_text, unit, observation_date, status)
VALUES ('d1f6691f-7019-4b70-aa1b-d20428a45461', 'LDL_cholesterol', 148, NULL, 'mg/dL'::text, CURRENT_TIMESTAMP, 'final');
INSERT INTO observations (patient_id, observation_type, value_numeric, value_text, unit, observation_date, status)
VALUES ('d1f6691f-7019-4b70-aa1b-d20428a45461', 'HDL_cholesterol', 36, NULL, 'mg/dL'::text, CURRENT_TIMESTAMP, 'final');
INSERT INTO observations (patient_id, observation_type, value_numeric, value_text, unit, observation_date, status)
VALUES ('d1f6691f-7019-4b70-aa1b-d20428a45461', 'BMI', 28.7, NULL, 'kg/m²'::text, CURRENT_TIMESTAMP, 'final');
INSERT INTO observations (patient_id, observation_type, value_numeric, value_text, unit, observation_date, status)
VALUES ('d1f6691f-7019-4b70-aa1b-d20428a45461', 'hemoglobin', 9.8, NULL, 'g/dL'::text, CURRENT_TIMESTAMP, 'final');
INSERT INTO observations (patient_id, observation_type, value_numeric, value_text, unit, observation_date, status)
VALUES ('d1f6691f-7019-4b70-aa1b-d20428a45461', 'potassium', 5.6, NULL, 'mEq/L'::text, CURRENT_TIMESTAMP, 'final');
INSERT INTO observations (patient_id, observation_type, value_numeric, value_text, unit, observation_date, status)
VALUES ('d1f6691f-7019-4b70-aa1b-d20428a45461', 'calcium', 8.7, NULL, 'mg/dL'::text, CURRENT_TIMESTAMP, 'final');
INSERT INTO observations (patient_id, observation_type, value_numeric, value_text, unit, observation_date, status)
VALUES ('d1f6691f-7019-4b70-aa1b-d20428a45461', 'phosphorus', 5.5, NULL, 'mg/dL'::text, CURRENT_TIMESTAMP, 'final');
INSERT INTO observations (patient_id, observation_type, value_numeric, value_text, unit, observation_date, status)
VALUES ('d1f6691f-7019-4b70-aa1b-d20428a45461', 'albumin', 3.1, NULL, 'g/dL'::text, CURRENT_TIMESTAMP, 'final');
INSERT INTO conditions (patient_id, condition_code, condition_name, clinical_status, onset_date, recorded_date, severity)
VALUES ('d1f6691f-7019-4b70-aa1b-d20428a45461', 'E11.9', 'Type 2 Diabetes Mellitus', 'active', '2020-11-09', CURRENT_TIMESTAMP, 'moderate');
INSERT INTO conditions (patient_id, condition_code, condition_name, clinical_status, onset_date, recorded_date, severity)
VALUES ('d1f6691f-7019-4b70-aa1b-d20428a45461', 'I10', 'Essential Hypertension', 'active', '2020-11-09', CURRENT_TIMESTAMP, 'moderate');
INSERT INTO conditions (patient_id, condition_code, condition_name, clinical_status, onset_date, recorded_date, severity)
VALUES ('d1f6691f-7019-4b70-aa1b-d20428a45461', 'N18.4', 'Chronic Kidney Disease, Stage 4', 'active', '2020-11-09', CURRENT_TIMESTAMP, 'severe');
INSERT INTO conditions (patient_id, condition_code, condition_name, clinical_status, onset_date, recorded_date, severity)
VALUES ('d1f6691f-7019-4b70-aa1b-d20428a45461', 'I25.10', 'Coronary Artery Disease', 'active', '2020-11-09', CURRENT_TIMESTAMP, 'moderate');

-- Patient: Patricia Johnson
INSERT INTO patients (
    id, medical_record_number, first_name, last_name, date_of_birth, gender, email, phone,
    weight, height, smoking_status, cvd_history, family_history_esrd,
    on_ras_inhibitor, on_sglt2i, nephrotoxic_meds, nephrologist_referral,
    diagnosis_date, last_visit_date, next_visit_date
) VALUES (
    'e394bbfd-2893-4038-89bf-09079830ea10', 'MRN008'::text, 'Patricia'::text, 'Johnson'::text,
    '1962-11-09', 'female'::text, 'patricia.johnson@email.com'::text, '+1-555-0001',
    72.5, 158, 'Never'::text,
    false, false,
    true, true,
    false, false,
    '2023-05-11', '2025-10-10'::text, '2026-01-10'::text
);
INSERT INTO observations (patient_id, observation_type, value_numeric, value_text, unit, observation_date, status)
VALUES ('e394bbfd-2893-4038-89bf-09079830ea10', 'eGFR', 48.0, NULL, 'mL/min/1.73m²'::text, CURRENT_TIMESTAMP, 'final');
INSERT INTO observations (patient_id, observation_type, value_numeric, value_text, unit, observation_date, status)
VALUES ('e394bbfd-2893-4038-89bf-09079830ea10', 'eGFR_trend', NULL, 'stable'::text, NULL, CURRENT_TIMESTAMP, 'final');
INSERT INTO observations (patient_id, observation_type, value_numeric, value_text, unit, observation_date, status)
VALUES ('e394bbfd-2893-4038-89bf-09079830ea10', 'eGFR_change_percent', -2.1, NULL, '%'::text, CURRENT_TIMESTAMP, 'final');
INSERT INTO observations (patient_id, observation_type, value_numeric, value_text, unit, observation_date, status)
VALUES ('e394bbfd-2893-4038-89bf-09079830ea10', 'serum_creatinine', 1.7, NULL, 'mg/dL'::text, CURRENT_TIMESTAMP, 'final');
INSERT INTO observations (patient_id, observation_type, value_numeric, value_text, unit, observation_date, status)
VALUES ('e394bbfd-2893-4038-89bf-09079830ea10', 'BUN', 35, NULL, 'mg/dL'::text, CURRENT_TIMESTAMP, 'final');
INSERT INTO observations (patient_id, observation_type, value_numeric, value_text, unit, observation_date, status)
VALUES ('e394bbfd-2893-4038-89bf-09079830ea10', 'uACR', 165.0, NULL, 'mg/g'::text, CURRENT_TIMESTAMP, 'final');
INSERT INTO observations (patient_id, observation_type, value_numeric, value_text, unit, observation_date, status)
VALUES ('e394bbfd-2893-4038-89bf-09079830ea10', 'proteinuria_category', NULL, 'A2'::text, NULL, CURRENT_TIMESTAMP, 'final');
INSERT INTO observations (patient_id, observation_type, value_numeric, value_text, unit, observation_date, status)
VALUES ('e394bbfd-2893-4038-89bf-09079830ea10', 'blood_pressure_systolic', 142, NULL, 'mmHg'::text, CURRENT_TIMESTAMP, 'final');
INSERT INTO observations (patient_id, observation_type, value_numeric, value_text, unit, observation_date, status)
VALUES ('e394bbfd-2893-4038-89bf-09079830ea10', 'blood_pressure_diastolic', 88, NULL, 'mmHg'::text, CURRENT_TIMESTAMP, 'final');
INSERT INTO observations (patient_id, observation_type, value_numeric, value_text, unit, observation_date, status)
VALUES ('e394bbfd-2893-4038-89bf-09079830ea10', 'HbA1c', 6.9, NULL, '%'::text, CURRENT_TIMESTAMP, 'final');
INSERT INTO observations (patient_id, observation_type, value_numeric, value_text, unit, observation_date, status)
VALUES ('e394bbfd-2893-4038-89bf-09079830ea10', 'LDL_cholesterol', 128, NULL, 'mg/dL'::text, CURRENT_TIMESTAMP, 'final');
INSERT INTO observations (patient_id, observation_type, value_numeric, value_text, unit, observation_date, status)
VALUES ('e394bbfd-2893-4038-89bf-09079830ea10', 'HDL_cholesterol', 45, NULL, 'mg/dL'::text, CURRENT_TIMESTAMP, 'final');
INSERT INTO observations (patient_id, observation_type, value_numeric, value_text, unit, observation_date, status)
VALUES ('e394bbfd-2893-4038-89bf-09079830ea10', 'BMI', 29.0, NULL, 'kg/m²'::text, CURRENT_TIMESTAMP, 'final');
INSERT INTO observations (patient_id, observation_type, value_numeric, value_text, unit, observation_date, status)
VALUES ('e394bbfd-2893-4038-89bf-09079830ea10', 'hemoglobin', 11.8, NULL, 'g/dL'::text, CURRENT_TIMESTAMP, 'final');
INSERT INTO observations (patient_id, observation_type, value_numeric, value_text, unit, observation_date, status)
VALUES ('e394bbfd-2893-4038-89bf-09079830ea10', 'potassium', 4.6, NULL, 'mEq/L'::text, CURRENT_TIMESTAMP, 'final');
INSERT INTO observations (patient_id, observation_type, value_numeric, value_text, unit, observation_date, status)
VALUES ('e394bbfd-2893-4038-89bf-09079830ea10', 'calcium', 9.1, NULL, 'mg/dL'::text, CURRENT_TIMESTAMP, 'final');
INSERT INTO observations (patient_id, observation_type, value_numeric, value_text, unit, observation_date, status)
VALUES ('e394bbfd-2893-4038-89bf-09079830ea10', 'phosphorus', 4.0, NULL, 'mg/dL'::text, CURRENT_TIMESTAMP, 'final');
INSERT INTO observations (patient_id, observation_type, value_numeric, value_text, unit, observation_date, status)
VALUES ('e394bbfd-2893-4038-89bf-09079830ea10', 'albumin', 3.7, NULL, 'g/dL'::text, CURRENT_TIMESTAMP, 'final');
INSERT INTO conditions (patient_id, condition_code, condition_name, clinical_status, onset_date, recorded_date, severity)
VALUES ('e394bbfd-2893-4038-89bf-09079830ea10', 'E11.9', 'Type 2 Diabetes Mellitus', 'active', '2023-05-11', CURRENT_TIMESTAMP, 'moderate');
INSERT INTO conditions (patient_id, condition_code, condition_name, clinical_status, onset_date, recorded_date, severity)
VALUES ('e394bbfd-2893-4038-89bf-09079830ea10', 'I10', 'Essential Hypertension', 'active', '2023-05-11', CURRENT_TIMESTAMP, 'moderate');
INSERT INTO conditions (patient_id, condition_code, condition_name, clinical_status, onset_date, recorded_date, severity)
VALUES ('e394bbfd-2893-4038-89bf-09079830ea10', 'N18.3', 'Chronic Kidney Disease, Stage 3', 'active', '2023-05-11', CURRENT_TIMESTAMP, 'moderate');

-- Patient: James Taylor
INSERT INTO patients (
    id, medical_record_number, first_name, last_name, date_of_birth, gender, email, phone,
    weight, height, smoking_status, cvd_history, family_history_esrd,
    on_ras_inhibitor, on_sglt2i, nephrotoxic_meds, nephrologist_referral,
    diagnosis_date, last_visit_date, next_visit_date
) VALUES (
    'c64aa5bc-071e-4c9d-9a36-ab11a7e9dc90', 'MRN009'::text, 'James'::text, 'Taylor'::text,
    '1970-11-09', 'male'::text, 'james.taylor@email.com'::text, '+1-555-0001',
    82.0, 180, 'Former'::text,
    false, false,
    true, false,
    false, false,
    '2024-11-09', '2025-09-28'::text, '2026-03-28'::text
);
INSERT INTO observations (patient_id, observation_type, value_numeric, value_text, unit, observation_date, status)
VALUES ('c64aa5bc-071e-4c9d-9a36-ab11a7e9dc90', 'eGFR', 72.0, NULL, 'mL/min/1.73m²'::text, CURRENT_TIMESTAMP, 'final');
INSERT INTO observations (patient_id, observation_type, value_numeric, value_text, unit, observation_date, status)
VALUES ('c64aa5bc-071e-4c9d-9a36-ab11a7e9dc90', 'eGFR_trend', NULL, 'up'::text, NULL, CURRENT_TIMESTAMP, 'final');
INSERT INTO observations (patient_id, observation_type, value_numeric, value_text, unit, observation_date, status)
VALUES ('c64aa5bc-071e-4c9d-9a36-ab11a7e9dc90', 'eGFR_change_percent', 3.2, NULL, '%'::text, CURRENT_TIMESTAMP, 'final');
INSERT INTO observations (patient_id, observation_type, value_numeric, value_text, unit, observation_date, status)
VALUES ('c64aa5bc-071e-4c9d-9a36-ab11a7e9dc90', 'serum_creatinine', 1.1, NULL, 'mg/dL'::text, CURRENT_TIMESTAMP, 'final');
INSERT INTO observations (patient_id, observation_type, value_numeric, value_text, unit, observation_date, status)
VALUES ('c64aa5bc-071e-4c9d-9a36-ab11a7e9dc90', 'BUN', 22, NULL, 'mg/dL'::text, CURRENT_TIMESTAMP, 'final');
INSERT INTO observations (patient_id, observation_type, value_numeric, value_text, unit, observation_date, status)
VALUES ('c64aa5bc-071e-4c9d-9a36-ab11a7e9dc90', 'uACR', 55.0, NULL, 'mg/g'::text, CURRENT_TIMESTAMP, 'final');
INSERT INTO observations (patient_id, observation_type, value_numeric, value_text, unit, observation_date, status)
VALUES ('c64aa5bc-071e-4c9d-9a36-ab11a7e9dc90', 'proteinuria_category', NULL, 'A2'::text, NULL, CURRENT_TIMESTAMP, 'final');
INSERT INTO observations (patient_id, observation_type, value_numeric, value_text, unit, observation_date, status)
VALUES ('c64aa5bc-071e-4c9d-9a36-ab11a7e9dc90', 'blood_pressure_systolic', 128, NULL, 'mmHg'::text, CURRENT_TIMESTAMP, 'final');
INSERT INTO observations (patient_id, observation_type, value_numeric, value_text, unit, observation_date, status)
VALUES ('c64aa5bc-071e-4c9d-9a36-ab11a7e9dc90', 'blood_pressure_diastolic', 82, NULL, 'mmHg'::text, CURRENT_TIMESTAMP, 'final');
INSERT INTO observations (patient_id, observation_type, value_numeric, value_text, unit, observation_date, status)
VALUES ('c64aa5bc-071e-4c9d-9a36-ab11a7e9dc90', 'HbA1c', 6.2, NULL, '%'::text, CURRENT_TIMESTAMP, 'final');
INSERT INTO observations (patient_id, observation_type, value_numeric, value_text, unit, observation_date, status)
VALUES ('c64aa5bc-071e-4c9d-9a36-ab11a7e9dc90', 'LDL_cholesterol', 110, NULL, 'mg/dL'::text, CURRENT_TIMESTAMP, 'final');
INSERT INTO observations (patient_id, observation_type, value_numeric, value_text, unit, observation_date, status)
VALUES ('c64aa5bc-071e-4c9d-9a36-ab11a7e9dc90', 'HDL_cholesterol', 52, NULL, 'mg/dL'::text, CURRENT_TIMESTAMP, 'final');
INSERT INTO observations (patient_id, observation_type, value_numeric, value_text, unit, observation_date, status)
VALUES ('c64aa5bc-071e-4c9d-9a36-ab11a7e9dc90', 'BMI', 25.3, NULL, 'kg/m²'::text, CURRENT_TIMESTAMP, 'final');
INSERT INTO observations (patient_id, observation_type, value_numeric, value_text, unit, observation_date, status)
VALUES ('c64aa5bc-071e-4c9d-9a36-ab11a7e9dc90', 'hemoglobin', 13.2, NULL, 'g/dL'::text, CURRENT_TIMESTAMP, 'final');
INSERT INTO observations (patient_id, observation_type, value_numeric, value_text, unit, observation_date, status)
VALUES ('c64aa5bc-071e-4c9d-9a36-ab11a7e9dc90', 'potassium', 4.3, NULL, 'mEq/L'::text, CURRENT_TIMESTAMP, 'final');
INSERT INTO observations (patient_id, observation_type, value_numeric, value_text, unit, observation_date, status)
VALUES ('c64aa5bc-071e-4c9d-9a36-ab11a7e9dc90', 'calcium', 9.3, NULL, 'mg/dL'::text, CURRENT_TIMESTAMP, 'final');
INSERT INTO observations (patient_id, observation_type, value_numeric, value_text, unit, observation_date, status)
VALUES ('c64aa5bc-071e-4c9d-9a36-ab11a7e9dc90', 'phosphorus', 3.6, NULL, 'mg/dL'::text, CURRENT_TIMESTAMP, 'final');
INSERT INTO observations (patient_id, observation_type, value_numeric, value_text, unit, observation_date, status)
VALUES ('c64aa5bc-071e-4c9d-9a36-ab11a7e9dc90', 'albumin', 4.0, NULL, 'g/dL'::text, CURRENT_TIMESTAMP, 'final');
INSERT INTO conditions (patient_id, condition_code, condition_name, clinical_status, onset_date, recorded_date, severity)
VALUES ('c64aa5bc-071e-4c9d-9a36-ab11a7e9dc90', 'I10', 'Essential Hypertension', 'active', '2024-11-09', CURRENT_TIMESTAMP, 'moderate');
INSERT INTO conditions (patient_id, condition_code, condition_name, clinical_status, onset_date, recorded_date, severity)
VALUES ('c64aa5bc-071e-4c9d-9a36-ab11a7e9dc90', 'N18.2', 'Chronic Kidney Disease, Stage 2', 'active', '2024-11-09', CURRENT_TIMESTAMP, 'mild');

-- Patient: Linda White
INSERT INTO patients (
    id, medical_record_number, first_name, last_name, date_of_birth, gender, email, phone,
    weight, height, smoking_status, cvd_history, family_history_esrd,
    on_ras_inhibitor, on_sglt2i, nephrotoxic_meds, nephrologist_referral,
    diagnosis_date, last_visit_date, next_visit_date
) VALUES (
    '03859138-1e9b-4023-ba64-b1dabd28a822', 'MRN010'::text, 'Linda'::text, 'White'::text,
    '1977-11-09', 'female'::text, 'linda.white@email.com'::text, '+1-555-0001',
    65.0, 168, 'Never'::text,
    false, false,
    true, false,
    false, false,
    NULL, '2025-10-12'::text, '2026-04-12'::text
);
INSERT INTO observations (patient_id, observation_type, value_numeric, value_text, unit, observation_date, status)
VALUES ('03859138-1e9b-4023-ba64-b1dabd28a822', 'eGFR', 98.0, NULL, 'mL/min/1.73m²'::text, CURRENT_TIMESTAMP, 'final');
INSERT INTO observations (patient_id, observation_type, value_numeric, value_text, unit, observation_date, status)
VALUES ('03859138-1e9b-4023-ba64-b1dabd28a822', 'eGFR_trend', NULL, 'stable'::text, NULL, CURRENT_TIMESTAMP, 'final');
INSERT INTO observations (patient_id, observation_type, value_numeric, value_text, unit, observation_date, status)
VALUES ('03859138-1e9b-4023-ba64-b1dabd28a822', 'eGFR_change_percent', 0.8, NULL, '%'::text, CURRENT_TIMESTAMP, 'final');
INSERT INTO observations (patient_id, observation_type, value_numeric, value_text, unit, observation_date, status)
VALUES ('03859138-1e9b-4023-ba64-b1dabd28a822', 'serum_creatinine', 0.85, NULL, 'mg/dL'::text, CURRENT_TIMESTAMP, 'final');
INSERT INTO observations (patient_id, observation_type, value_numeric, value_text, unit, observation_date, status)
VALUES ('03859138-1e9b-4023-ba64-b1dabd28a822', 'BUN', 16, NULL, 'mg/dL'::text, CURRENT_TIMESTAMP, 'final');
INSERT INTO observations (patient_id, observation_type, value_numeric, value_text, unit, observation_date, status)
VALUES ('03859138-1e9b-4023-ba64-b1dabd28a822', 'uACR', 18.0, NULL, 'mg/g'::text, CURRENT_TIMESTAMP, 'final');
INSERT INTO observations (patient_id, observation_type, value_numeric, value_text, unit, observation_date, status)
VALUES ('03859138-1e9b-4023-ba64-b1dabd28a822', 'proteinuria_category', NULL, 'A1'::text, NULL, CURRENT_TIMESTAMP, 'final');
INSERT INTO observations (patient_id, observation_type, value_numeric, value_text, unit, observation_date, status)
VALUES ('03859138-1e9b-4023-ba64-b1dabd28a822', 'blood_pressure_systolic', 120, NULL, 'mmHg'::text, CURRENT_TIMESTAMP, 'final');
INSERT INTO observations (patient_id, observation_type, value_numeric, value_text, unit, observation_date, status)
VALUES ('03859138-1e9b-4023-ba64-b1dabd28a822', 'blood_pressure_diastolic', 76, NULL, 'mmHg'::text, CURRENT_TIMESTAMP, 'final');
INSERT INTO observations (patient_id, observation_type, value_numeric, value_text, unit, observation_date, status)
VALUES ('03859138-1e9b-4023-ba64-b1dabd28a822', 'HbA1c', 5.6, NULL, '%'::text, CURRENT_TIMESTAMP, 'final');
INSERT INTO observations (patient_id, observation_type, value_numeric, value_text, unit, observation_date, status)
VALUES ('03859138-1e9b-4023-ba64-b1dabd28a822', 'LDL_cholesterol', 102, NULL, 'mg/dL'::text, CURRENT_TIMESTAMP, 'final');
INSERT INTO observations (patient_id, observation_type, value_numeric, value_text, unit, observation_date, status)
VALUES ('03859138-1e9b-4023-ba64-b1dabd28a822', 'HDL_cholesterol', 60, NULL, 'mg/dL'::text, CURRENT_TIMESTAMP, 'final');
INSERT INTO observations (patient_id, observation_type, value_numeric, value_text, unit, observation_date, status)
VALUES ('03859138-1e9b-4023-ba64-b1dabd28a822', 'BMI', 23.0, NULL, 'kg/m²'::text, CURRENT_TIMESTAMP, 'final');
INSERT INTO observations (patient_id, observation_type, value_numeric, value_text, unit, observation_date, status)
VALUES ('03859138-1e9b-4023-ba64-b1dabd28a822', 'hemoglobin', 13.6, NULL, 'g/dL'::text, CURRENT_TIMESTAMP, 'final');
INSERT INTO observations (patient_id, observation_type, value_numeric, value_text, unit, observation_date, status)
VALUES ('03859138-1e9b-4023-ba64-b1dabd28a822', 'potassium', 4.1, NULL, 'mEq/L'::text, CURRENT_TIMESTAMP, 'final');
INSERT INTO observations (patient_id, observation_type, value_numeric, value_text, unit, observation_date, status)
VALUES ('03859138-1e9b-4023-ba64-b1dabd28a822', 'calcium', 9.4, NULL, 'mg/dL'::text, CURRENT_TIMESTAMP, 'final');
INSERT INTO observations (patient_id, observation_type, value_numeric, value_text, unit, observation_date, status)
VALUES ('03859138-1e9b-4023-ba64-b1dabd28a822', 'phosphorus', 3.5, NULL, 'mg/dL'::text, CURRENT_TIMESTAMP, 'final');
INSERT INTO observations (patient_id, observation_type, value_numeric, value_text, unit, observation_date, status)
VALUES ('03859138-1e9b-4023-ba64-b1dabd28a822', 'albumin', 4.1, NULL, 'g/dL'::text, CURRENT_TIMESTAMP, 'final');
INSERT INTO conditions (patient_id, condition_code, condition_name, clinical_status, onset_date, recorded_date, severity)
VALUES ('03859138-1e9b-4023-ba64-b1dabd28a822', 'I10', 'Essential Hypertension', 'active', NULL, CURRENT_TIMESTAMP, 'moderate');

-- Patient: Thomas Brown
INSERT INTO patients (
    id, medical_record_number, first_name, last_name, date_of_birth, gender, email, phone,
    weight, height, smoking_status, cvd_history, family_history_esrd,
    on_ras_inhibitor, on_sglt2i, nephrotoxic_meds, nephrologist_referral,
    diagnosis_date, last_visit_date, next_visit_date
) VALUES (
    'e13e87ef-6a60-4345-9915-d8d7a22066ea', 'MRN011'::text, 'Thomas'::text, 'Brown'::text,
    '1957-11-09', 'male'::text, 'thomas.brown@email.com'::text, '+1-555-0001',
    75.0, 170, 'Former'::text,
    true, true,
    true, false,
    false, true,
    '2017-11-09', '2025-11-01'::text, '2025-11-15'::text
);
INSERT INTO observations (patient_id, observation_type, value_numeric, value_text, unit, observation_date, status)
VALUES ('e13e87ef-6a60-4345-9915-d8d7a22066ea', 'eGFR', 10.0, NULL, 'mL/min/1.73m²'::text, CURRENT_TIMESTAMP, 'final');
INSERT INTO observations (patient_id, observation_type, value_numeric, value_text, unit, observation_date, status)
VALUES ('e13e87ef-6a60-4345-9915-d8d7a22066ea', 'eGFR_trend', NULL, 'down'::text, NULL, CURRENT_TIMESTAMP, 'final');
INSERT INTO observations (patient_id, observation_type, value_numeric, value_text, unit, observation_date, status)
VALUES ('e13e87ef-6a60-4345-9915-d8d7a22066ea', 'eGFR_change_percent', -18.5, NULL, '%'::text, CURRENT_TIMESTAMP, 'final');
INSERT INTO observations (patient_id, observation_type, value_numeric, value_text, unit, observation_date, status)
VALUES ('e13e87ef-6a60-4345-9915-d8d7a22066ea', 'serum_creatinine', 6.2, NULL, 'mg/dL'::text, CURRENT_TIMESTAMP, 'final');
INSERT INTO observations (patient_id, observation_type, value_numeric, value_text, unit, observation_date, status)
VALUES ('e13e87ef-6a60-4345-9915-d8d7a22066ea', 'BUN', 95, NULL, 'mg/dL'::text, CURRENT_TIMESTAMP, 'final');
INSERT INTO observations (patient_id, observation_type, value_numeric, value_text, unit, observation_date, status)
VALUES ('e13e87ef-6a60-4345-9915-d8d7a22066ea', 'uACR', 920.0, NULL, 'mg/g'::text, CURRENT_TIMESTAMP, 'final');
INSERT INTO observations (patient_id, observation_type, value_numeric, value_text, unit, observation_date, status)
VALUES ('e13e87ef-6a60-4345-9915-d8d7a22066ea', 'proteinuria_category', NULL, 'A3'::text, NULL, CURRENT_TIMESTAMP, 'final');
INSERT INTO observations (patient_id, observation_type, value_numeric, value_text, unit, observation_date, status)
VALUES ('e13e87ef-6a60-4345-9915-d8d7a22066ea', 'blood_pressure_systolic', 172, NULL, 'mmHg'::text, CURRENT_TIMESTAMP, 'final');
INSERT INTO observations (patient_id, observation_type, value_numeric, value_text, unit, observation_date, status)
VALUES ('e13e87ef-6a60-4345-9915-d8d7a22066ea', 'blood_pressure_diastolic', 105, NULL, 'mmHg'::text, CURRENT_TIMESTAMP, 'final');
INSERT INTO observations (patient_id, observation_type, value_numeric, value_text, unit, observation_date, status)
VALUES ('e13e87ef-6a60-4345-9915-d8d7a22066ea', 'HbA1c', 9.1, NULL, '%'::text, CURRENT_TIMESTAMP, 'final');
INSERT INTO observations (patient_id, observation_type, value_numeric, value_text, unit, observation_date, status)
VALUES ('e13e87ef-6a60-4345-9915-d8d7a22066ea', 'LDL_cholesterol', 165, NULL, 'mg/dL'::text, CURRENT_TIMESTAMP, 'final');
INSERT INTO observations (patient_id, observation_type, value_numeric, value_text, unit, observation_date, status)
VALUES ('e13e87ef-6a60-4345-9915-d8d7a22066ea', 'HDL_cholesterol', 28, NULL, 'mg/dL'::text, CURRENT_TIMESTAMP, 'final');
INSERT INTO observations (patient_id, observation_type, value_numeric, value_text, unit, observation_date, status)
VALUES ('e13e87ef-6a60-4345-9915-d8d7a22066ea', 'BMI', 25.9, NULL, 'kg/m²'::text, CURRENT_TIMESTAMP, 'final');
INSERT INTO observations (patient_id, observation_type, value_numeric, value_text, unit, observation_date, status)
VALUES ('e13e87ef-6a60-4345-9915-d8d7a22066ea', 'hemoglobin', 8.2, NULL, 'g/dL'::text, CURRENT_TIMESTAMP, 'final');
INSERT INTO observations (patient_id, observation_type, value_numeric, value_text, unit, observation_date, status)
VALUES ('e13e87ef-6a60-4345-9915-d8d7a22066ea', 'potassium', 6.5, NULL, 'mEq/L'::text, CURRENT_TIMESTAMP, 'final');
INSERT INTO observations (patient_id, observation_type, value_numeric, value_text, unit, observation_date, status)
VALUES ('e13e87ef-6a60-4345-9915-d8d7a22066ea', 'calcium', 8.0, NULL, 'mg/dL'::text, CURRENT_TIMESTAMP, 'final');
INSERT INTO observations (patient_id, observation_type, value_numeric, value_text, unit, observation_date, status)
VALUES ('e13e87ef-6a60-4345-9915-d8d7a22066ea', 'phosphorus', 7.2, NULL, 'mg/dL'::text, CURRENT_TIMESTAMP, 'final');
INSERT INTO observations (patient_id, observation_type, value_numeric, value_text, unit, observation_date, status)
VALUES ('e13e87ef-6a60-4345-9915-d8d7a22066ea', 'albumin', 2.6, NULL, 'g/dL'::text, CURRENT_TIMESTAMP, 'final');
INSERT INTO conditions (patient_id, condition_code, condition_name, clinical_status, onset_date, recorded_date, severity)
VALUES ('e13e87ef-6a60-4345-9915-d8d7a22066ea', 'E11.9', 'Type 2 Diabetes Mellitus', 'active', '2017-11-09', CURRENT_TIMESTAMP, 'moderate');
INSERT INTO conditions (patient_id, condition_code, condition_name, clinical_status, onset_date, recorded_date, severity)
VALUES ('e13e87ef-6a60-4345-9915-d8d7a22066ea', 'I10', 'Essential Hypertension', 'active', '2017-11-09', CURRENT_TIMESTAMP, 'moderate');
INSERT INTO conditions (patient_id, condition_code, condition_name, clinical_status, onset_date, recorded_date, severity)
VALUES ('e13e87ef-6a60-4345-9915-d8d7a22066ea', 'N18.5', 'Chronic Kidney Disease, Stage 5', 'active', '2017-11-09', CURRENT_TIMESTAMP, 'severe');
INSERT INTO conditions (patient_id, condition_code, condition_name, clinical_status, onset_date, recorded_date, severity)
VALUES ('e13e87ef-6a60-4345-9915-d8d7a22066ea', 'I25.10', 'Coronary Artery Disease', 'active', '2017-11-09', CURRENT_TIMESTAMP, 'moderate');

-- Patient: Mary Davis
INSERT INTO patients (
    id, medical_record_number, first_name, last_name, date_of_birth, gender, email, phone,
    weight, height, smoking_status, cvd_history, family_history_esrd,
    on_ras_inhibitor, on_sglt2i, nephrotoxic_meds, nephrologist_referral,
    diagnosis_date, last_visit_date, next_visit_date
) VALUES (
    '100807d5-33b9-4aba-a2e7-18493d6c64c7', 'MRN012'::text, 'Mary'::text, 'Davis'::text,
    '1983-11-09', 'female'::text, 'mary.davis@email.com'::text, '+1-555-0001',
    58.0, 160, 'Never'::text,
    false, false,
    false, false,
    false, false,
    NULL, '2025-09-20'::text, '2026-03-20'::text
);
INSERT INTO observations (patient_id, observation_type, value_numeric, value_text, unit, observation_date, status)
VALUES ('100807d5-33b9-4aba-a2e7-18493d6c64c7', 'eGFR', 102.0, NULL, 'mL/min/1.73m²'::text, CURRENT_TIMESTAMP, 'final');
INSERT INTO observations (patient_id, observation_type, value_numeric, value_text, unit, observation_date, status)
VALUES ('100807d5-33b9-4aba-a2e7-18493d6c64c7', 'eGFR_trend', NULL, 'stable'::text, NULL, CURRENT_TIMESTAMP, 'final');
INSERT INTO observations (patient_id, observation_type, value_numeric, value_text, unit, observation_date, status)
VALUES ('100807d5-33b9-4aba-a2e7-18493d6c64c7', 'eGFR_change_percent', 0.5, NULL, '%'::text, CURRENT_TIMESTAMP, 'final');
INSERT INTO observations (patient_id, observation_type, value_numeric, value_text, unit, observation_date, status)
VALUES ('100807d5-33b9-4aba-a2e7-18493d6c64c7', 'serum_creatinine', 0.82, NULL, 'mg/dL'::text, CURRENT_TIMESTAMP, 'final');
INSERT INTO observations (patient_id, observation_type, value_numeric, value_text, unit, observation_date, status)
VALUES ('100807d5-33b9-4aba-a2e7-18493d6c64c7', 'BUN', 14, NULL, 'mg/dL'::text, CURRENT_TIMESTAMP, 'final');
INSERT INTO observations (patient_id, observation_type, value_numeric, value_text, unit, observation_date, status)
VALUES ('100807d5-33b9-4aba-a2e7-18493d6c64c7', 'uACR', 22.0, NULL, 'mg/g'::text, CURRENT_TIMESTAMP, 'final');
INSERT INTO observations (patient_id, observation_type, value_numeric, value_text, unit, observation_date, status)
VALUES ('100807d5-33b9-4aba-a2e7-18493d6c64c7', 'proteinuria_category', NULL, 'A1'::text, NULL, CURRENT_TIMESTAMP, 'final');
INSERT INTO observations (patient_id, observation_type, value_numeric, value_text, unit, observation_date, status)
VALUES ('100807d5-33b9-4aba-a2e7-18493d6c64c7', 'blood_pressure_systolic', 115, NULL, 'mmHg'::text, CURRENT_TIMESTAMP, 'final');
INSERT INTO observations (patient_id, observation_type, value_numeric, value_text, unit, observation_date, status)
VALUES ('100807d5-33b9-4aba-a2e7-18493d6c64c7', 'blood_pressure_diastolic', 72, NULL, 'mmHg'::text, CURRENT_TIMESTAMP, 'final');
INSERT INTO observations (patient_id, observation_type, value_numeric, value_text, unit, observation_date, status)
VALUES ('100807d5-33b9-4aba-a2e7-18493d6c64c7', 'HbA1c', 5.3, NULL, '%'::text, CURRENT_TIMESTAMP, 'final');
INSERT INTO observations (patient_id, observation_type, value_numeric, value_text, unit, observation_date, status)
VALUES ('100807d5-33b9-4aba-a2e7-18493d6c64c7', 'LDL_cholesterol', 95, NULL, 'mg/dL'::text, CURRENT_TIMESTAMP, 'final');
INSERT INTO observations (patient_id, observation_type, value_numeric, value_text, unit, observation_date, status)
VALUES ('100807d5-33b9-4aba-a2e7-18493d6c64c7', 'HDL_cholesterol', 65, NULL, 'mg/dL'::text, CURRENT_TIMESTAMP, 'final');
INSERT INTO observations (patient_id, observation_type, value_numeric, value_text, unit, observation_date, status)
VALUES ('100807d5-33b9-4aba-a2e7-18493d6c64c7', 'BMI', 22.7, NULL, 'kg/m²'::text, CURRENT_TIMESTAMP, 'final');
INSERT INTO observations (patient_id, observation_type, value_numeric, value_text, unit, observation_date, status)
VALUES ('100807d5-33b9-4aba-a2e7-18493d6c64c7', 'hemoglobin', 13.9, NULL, 'g/dL'::text, CURRENT_TIMESTAMP, 'final');
INSERT INTO observations (patient_id, observation_type, value_numeric, value_text, unit, observation_date, status)
VALUES ('100807d5-33b9-4aba-a2e7-18493d6c64c7', 'potassium', 4.0, NULL, 'mEq/L'::text, CURRENT_TIMESTAMP, 'final');
INSERT INTO observations (patient_id, observation_type, value_numeric, value_text, unit, observation_date, status)
VALUES ('100807d5-33b9-4aba-a2e7-18493d6c64c7', 'calcium', 9.6, NULL, 'mg/dL'::text, CURRENT_TIMESTAMP, 'final');
INSERT INTO observations (patient_id, observation_type, value_numeric, value_text, unit, observation_date, status)
VALUES ('100807d5-33b9-4aba-a2e7-18493d6c64c7', 'phosphorus', 3.3, NULL, 'mg/dL'::text, CURRENT_TIMESTAMP, 'final');
INSERT INTO observations (patient_id, observation_type, value_numeric, value_text, unit, observation_date, status)
VALUES ('100807d5-33b9-4aba-a2e7-18493d6c64c7', 'albumin', 4.3, NULL, 'g/dL'::text, CURRENT_TIMESTAMP, 'final');
INSERT INTO conditions (patient_id, condition_code, condition_name, clinical_status, onset_date, recorded_date, severity)
VALUES ('100807d5-33b9-4aba-a2e7-18493d6c64c7', 'N18.1', 'Chronic Kidney Disease, Stage 1', 'active', NULL, CURRENT_TIMESTAMP, 'mild');

-- Patient: Christopher Wilson
INSERT INTO patients (
    id, medical_record_number, first_name, last_name, date_of_birth, gender, email, phone,
    weight, height, smoking_status, cvd_history, family_history_esrd,
    on_ras_inhibitor, on_sglt2i, nephrotoxic_meds, nephrologist_referral,
    diagnosis_date, last_visit_date, next_visit_date
) VALUES (
    'ce2032ae-649a-46ce-a0ad-b948f51a9886', 'MRN013'::text, 'Christopher'::text, 'Wilson'::text,
    '1963-11-09', 'male'::text, 'christopher.wilson@email.com'::text, '+1-555-0001',
    102.0, 182, 'Current'::text,
    true, false,
    true, true,
    true, true,
    '2021-05-11', '2025-10-30'::text, '2025-11-20'::text
);
INSERT INTO observations (patient_id, observation_type, value_numeric, value_text, unit, observation_date, status)
VALUES ('ce2032ae-649a-46ce-a0ad-b948f51a9886', 'eGFR', 22.0, NULL, 'mL/min/1.73m²'::text, CURRENT_TIMESTAMP, 'final');
INSERT INTO observations (patient_id, observation_type, value_numeric, value_text, unit, observation_date, status)
VALUES ('ce2032ae-649a-46ce-a0ad-b948f51a9886', 'eGFR_trend', NULL, 'down'::text, NULL, CURRENT_TIMESTAMP, 'final');
INSERT INTO observations (patient_id, observation_type, value_numeric, value_text, unit, observation_date, status)
VALUES ('ce2032ae-649a-46ce-a0ad-b948f51a9886', 'eGFR_change_percent', -12.3, NULL, '%'::text, CURRENT_TIMESTAMP, 'final');
INSERT INTO observations (patient_id, observation_type, value_numeric, value_text, unit, observation_date, status)
VALUES ('ce2032ae-649a-46ce-a0ad-b948f51a9886', 'serum_creatinine', 3.2, NULL, 'mg/dL'::text, CURRENT_TIMESTAMP, 'final');
INSERT INTO observations (patient_id, observation_type, value_numeric, value_text, unit, observation_date, status)
VALUES ('ce2032ae-649a-46ce-a0ad-b948f51a9886', 'BUN', 58, NULL, 'mg/dL'::text, CURRENT_TIMESTAMP, 'final');
INSERT INTO observations (patient_id, observation_type, value_numeric, value_text, unit, observation_date, status)
VALUES ('ce2032ae-649a-46ce-a0ad-b948f51a9886', 'uACR', 580.0, NULL, 'mg/g'::text, CURRENT_TIMESTAMP, 'final');
INSERT INTO observations (patient_id, observation_type, value_numeric, value_text, unit, observation_date, status)
VALUES ('ce2032ae-649a-46ce-a0ad-b948f51a9886', 'proteinuria_category', NULL, 'A3'::text, NULL, CURRENT_TIMESTAMP, 'final');
INSERT INTO observations (patient_id, observation_type, value_numeric, value_text, unit, observation_date, status)
VALUES ('ce2032ae-649a-46ce-a0ad-b948f51a9886', 'blood_pressure_systolic', 162, NULL, 'mmHg'::text, CURRENT_TIMESTAMP, 'final');
INSERT INTO observations (patient_id, observation_type, value_numeric, value_text, unit, observation_date, status)
VALUES ('ce2032ae-649a-46ce-a0ad-b948f51a9886', 'blood_pressure_diastolic', 98, NULL, 'mmHg'::text, CURRENT_TIMESTAMP, 'final');
INSERT INTO observations (patient_id, observation_type, value_numeric, value_text, unit, observation_date, status)
VALUES ('ce2032ae-649a-46ce-a0ad-b948f51a9886', 'HbA1c', 8.7, NULL, '%'::text, CURRENT_TIMESTAMP, 'final');
INSERT INTO observations (patient_id, observation_type, value_numeric, value_text, unit, observation_date, status)
VALUES ('ce2032ae-649a-46ce-a0ad-b948f51a9886', 'LDL_cholesterol', 152, NULL, 'mg/dL'::text, CURRENT_TIMESTAMP, 'final');
INSERT INTO observations (patient_id, observation_type, value_numeric, value_text, unit, observation_date, status)
VALUES ('ce2032ae-649a-46ce-a0ad-b948f51a9886', 'HDL_cholesterol', 34, NULL, 'mg/dL'::text, CURRENT_TIMESTAMP, 'final');
INSERT INTO observations (patient_id, observation_type, value_numeric, value_text, unit, observation_date, status)
VALUES ('ce2032ae-649a-46ce-a0ad-b948f51a9886', 'BMI', 30.8, NULL, 'kg/m²'::text, CURRENT_TIMESTAMP, 'final');
INSERT INTO observations (patient_id, observation_type, value_numeric, value_text, unit, observation_date, status)
VALUES ('ce2032ae-649a-46ce-a0ad-b948f51a9886', 'hemoglobin', 9.5, NULL, 'g/dL'::text, CURRENT_TIMESTAMP, 'final');
INSERT INTO observations (patient_id, observation_type, value_numeric, value_text, unit, observation_date, status)
VALUES ('ce2032ae-649a-46ce-a0ad-b948f51a9886', 'potassium', 5.9, NULL, 'mEq/L'::text, CURRENT_TIMESTAMP, 'final');
INSERT INTO observations (patient_id, observation_type, value_numeric, value_text, unit, observation_date, status)
VALUES ('ce2032ae-649a-46ce-a0ad-b948f51a9886', 'calcium', 8.5, NULL, 'mg/dL'::text, CURRENT_TIMESTAMP, 'final');
INSERT INTO observations (patient_id, observation_type, value_numeric, value_text, unit, observation_date, status)
VALUES ('ce2032ae-649a-46ce-a0ad-b948f51a9886', 'phosphorus', 5.8, NULL, 'mg/dL'::text, CURRENT_TIMESTAMP, 'final');
INSERT INTO observations (patient_id, observation_type, value_numeric, value_text, unit, observation_date, status)
VALUES ('ce2032ae-649a-46ce-a0ad-b948f51a9886', 'albumin', 3.0, NULL, 'g/dL'::text, CURRENT_TIMESTAMP, 'final');
INSERT INTO conditions (patient_id, condition_code, condition_name, clinical_status, onset_date, recorded_date, severity)
VALUES ('ce2032ae-649a-46ce-a0ad-b948f51a9886', 'E11.9', 'Type 2 Diabetes Mellitus', 'active', '2021-05-11', CURRENT_TIMESTAMP, 'moderate');
INSERT INTO conditions (patient_id, condition_code, condition_name, clinical_status, onset_date, recorded_date, severity)
VALUES ('ce2032ae-649a-46ce-a0ad-b948f51a9886', 'I10', 'Essential Hypertension', 'active', '2021-05-11', CURRENT_TIMESTAMP, 'moderate');
INSERT INTO conditions (patient_id, condition_code, condition_name, clinical_status, onset_date, recorded_date, severity)
VALUES ('ce2032ae-649a-46ce-a0ad-b948f51a9886', 'N18.4', 'Chronic Kidney Disease, Stage 4', 'active', '2021-05-11', CURRENT_TIMESTAMP, 'severe');
INSERT INTO conditions (patient_id, condition_code, condition_name, clinical_status, onset_date, recorded_date, severity)
VALUES ('ce2032ae-649a-46ce-a0ad-b948f51a9886', 'I25.10', 'Coronary Artery Disease', 'active', '2021-05-11', CURRENT_TIMESTAMP, 'moderate');

-- Patient: Barbara Moore
INSERT INTO patients (
    id, medical_record_number, first_name, last_name, date_of_birth, gender, email, phone,
    weight, height, smoking_status, cvd_history, family_history_esrd,
    on_ras_inhibitor, on_sglt2i, nephrotoxic_meds, nephrologist_referral,
    diagnosis_date, last_visit_date, next_visit_date
) VALUES (
    '61454f9a-b1a1-4e76-9256-6aaa42b597b7', 'MRN014'::text, 'Barbara'::text, 'Moore'::text,
    '1969-11-09', 'female'::text, 'barbara.moore@email.com'::text, '+1-555-0001',
    78.0, 165, 'Former'::text,
    false, false,
    true, true,
    false, false,
    '2023-11-10', '2025-10-08'::text, '2026-01-08'::text
);
INSERT INTO observations (patient_id, observation_type, value_numeric, value_text, unit, observation_date, status)
VALUES ('61454f9a-b1a1-4e76-9256-6aaa42b597b7', 'eGFR', 55.0, NULL, 'mL/min/1.73m²'::text, CURRENT_TIMESTAMP, 'final');
INSERT INTO observations (patient_id, observation_type, value_numeric, value_text, unit, observation_date, status)
VALUES ('61454f9a-b1a1-4e76-9256-6aaa42b597b7', 'eGFR_trend', NULL, 'stable'::text, NULL, CURRENT_TIMESTAMP, 'final');
INSERT INTO observations (patient_id, observation_type, value_numeric, value_text, unit, observation_date, status)
VALUES ('61454f9a-b1a1-4e76-9256-6aaa42b597b7', 'eGFR_change_percent', -1.8, NULL, '%'::text, CURRENT_TIMESTAMP, 'final');
INSERT INTO observations (patient_id, observation_type, value_numeric, value_text, unit, observation_date, status)
VALUES ('61454f9a-b1a1-4e76-9256-6aaa42b597b7', 'serum_creatinine', 1.5, NULL, 'mg/dL'::text, CURRENT_TIMESTAMP, 'final');
INSERT INTO observations (patient_id, observation_type, value_numeric, value_text, unit, observation_date, status)
VALUES ('61454f9a-b1a1-4e76-9256-6aaa42b597b7', 'BUN', 30, NULL, 'mg/dL'::text, CURRENT_TIMESTAMP, 'final');
INSERT INTO observations (patient_id, observation_type, value_numeric, value_text, unit, observation_date, status)
VALUES ('61454f9a-b1a1-4e76-9256-6aaa42b597b7', 'uACR', 145.0, NULL, 'mg/g'::text, CURRENT_TIMESTAMP, 'final');
INSERT INTO observations (patient_id, observation_type, value_numeric, value_text, unit, observation_date, status)
VALUES ('61454f9a-b1a1-4e76-9256-6aaa42b597b7', 'proteinuria_category', NULL, 'A2'::text, NULL, CURRENT_TIMESTAMP, 'final');
INSERT INTO observations (patient_id, observation_type, value_numeric, value_text, unit, observation_date, status)
VALUES ('61454f9a-b1a1-4e76-9256-6aaa42b597b7', 'blood_pressure_systolic', 140, NULL, 'mmHg'::text, CURRENT_TIMESTAMP, 'final');
INSERT INTO observations (patient_id, observation_type, value_numeric, value_text, unit, observation_date, status)
VALUES ('61454f9a-b1a1-4e76-9256-6aaa42b597b7', 'blood_pressure_diastolic', 87, NULL, 'mmHg'::text, CURRENT_TIMESTAMP, 'final');
INSERT INTO observations (patient_id, observation_type, value_numeric, value_text, unit, observation_date, status)
VALUES ('61454f9a-b1a1-4e76-9256-6aaa42b597b7', 'HbA1c', 7.0, NULL, '%'::text, CURRENT_TIMESTAMP, 'final');
INSERT INTO observations (patient_id, observation_type, value_numeric, value_text, unit, observation_date, status)
VALUES ('61454f9a-b1a1-4e76-9256-6aaa42b597b7', 'LDL_cholesterol', 125, NULL, 'mg/dL'::text, CURRENT_TIMESTAMP, 'final');
INSERT INTO observations (patient_id, observation_type, value_numeric, value_text, unit, observation_date, status)
VALUES ('61454f9a-b1a1-4e76-9256-6aaa42b597b7', 'HDL_cholesterol', 46, NULL, 'mg/dL'::text, CURRENT_TIMESTAMP, 'final');
INSERT INTO observations (patient_id, observation_type, value_numeric, value_text, unit, observation_date, status)
VALUES ('61454f9a-b1a1-4e76-9256-6aaa42b597b7', 'BMI', 28.7, NULL, 'kg/m²'::text, CURRENT_TIMESTAMP, 'final');
INSERT INTO observations (patient_id, observation_type, value_numeric, value_text, unit, observation_date, status)
VALUES ('61454f9a-b1a1-4e76-9256-6aaa42b597b7', 'hemoglobin', 11.9, NULL, 'g/dL'::text, CURRENT_TIMESTAMP, 'final');
INSERT INTO observations (patient_id, observation_type, value_numeric, value_text, unit, observation_date, status)
VALUES ('61454f9a-b1a1-4e76-9256-6aaa42b597b7', 'potassium', 4.7, NULL, 'mEq/L'::text, CURRENT_TIMESTAMP, 'final');
INSERT INTO observations (patient_id, observation_type, value_numeric, value_text, unit, observation_date, status)
VALUES ('61454f9a-b1a1-4e76-9256-6aaa42b597b7', 'calcium', 9.2, NULL, 'mg/dL'::text, CURRENT_TIMESTAMP, 'final');
INSERT INTO observations (patient_id, observation_type, value_numeric, value_text, unit, observation_date, status)
VALUES ('61454f9a-b1a1-4e76-9256-6aaa42b597b7', 'phosphorus', 4.1, NULL, 'mg/dL'::text, CURRENT_TIMESTAMP, 'final');
INSERT INTO observations (patient_id, observation_type, value_numeric, value_text, unit, observation_date, status)
VALUES ('61454f9a-b1a1-4e76-9256-6aaa42b597b7', 'albumin', 3.8, NULL, 'g/dL'::text, CURRENT_TIMESTAMP, 'final');
INSERT INTO conditions (patient_id, condition_code, condition_name, clinical_status, onset_date, recorded_date, severity)
VALUES ('61454f9a-b1a1-4e76-9256-6aaa42b597b7', 'E11.9', 'Type 2 Diabetes Mellitus', 'active', '2023-11-10', CURRENT_TIMESTAMP, 'moderate');
INSERT INTO conditions (patient_id, condition_code, condition_name, clinical_status, onset_date, recorded_date, severity)
VALUES ('61454f9a-b1a1-4e76-9256-6aaa42b597b7', 'I10', 'Essential Hypertension', 'active', '2023-11-10', CURRENT_TIMESTAMP, 'moderate');
INSERT INTO conditions (patient_id, condition_code, condition_name, clinical_status, onset_date, recorded_date, severity)
VALUES ('61454f9a-b1a1-4e76-9256-6aaa42b597b7', 'N18.3', 'Chronic Kidney Disease, Stage 3', 'active', '2023-11-10', CURRENT_TIMESTAMP, 'moderate');

-- Patient: Daniel Garcia
INSERT INTO patients (
    id, medical_record_number, first_name, last_name, date_of_birth, gender, email, phone,
    weight, height, smoking_status, cvd_history, family_history_esrd,
    on_ras_inhibitor, on_sglt2i, nephrotoxic_meds, nephrologist_referral,
    diagnosis_date, last_visit_date, next_visit_date
) VALUES (
    '9cbbe9bc-d9ea-47aa-bb02-174e17e85e1b', 'MRN015'::text, 'Daniel'::text, 'Garcia'::text,
    '1974-11-09', 'male'::text, 'daniel.garcia@email.com'::text, '+1-555-0001',
    80.0, 176, 'Never'::text,
    false, false,
    true, false,
    false, false,
    NULL, '2025-09-25'::text, '2026-03-25'::text
);
INSERT INTO observations (patient_id, observation_type, value_numeric, value_text, unit, observation_date, status)
VALUES ('9cbbe9bc-d9ea-47aa-bb02-174e17e85e1b', 'eGFR', 75.0, NULL, 'mL/min/1.73m²'::text, CURRENT_TIMESTAMP, 'final');
INSERT INTO observations (patient_id, observation_type, value_numeric, value_text, unit, observation_date, status)
VALUES ('9cbbe9bc-d9ea-47aa-bb02-174e17e85e1b', 'eGFR_trend', NULL, 'up'::text, NULL, CURRENT_TIMESTAMP, 'final');
INSERT INTO observations (patient_id, observation_type, value_numeric, value_text, unit, observation_date, status)
VALUES ('9cbbe9bc-d9ea-47aa-bb02-174e17e85e1b', 'eGFR_change_percent', 4.5, NULL, '%'::text, CURRENT_TIMESTAMP, 'final');
INSERT INTO observations (patient_id, observation_type, value_numeric, value_text, unit, observation_date, status)
VALUES ('9cbbe9bc-d9ea-47aa-bb02-174e17e85e1b', 'serum_creatinine', 1.0, NULL, 'mg/dL'::text, CURRENT_TIMESTAMP, 'final');
INSERT INTO observations (patient_id, observation_type, value_numeric, value_text, unit, observation_date, status)
VALUES ('9cbbe9bc-d9ea-47aa-bb02-174e17e85e1b', 'BUN', 20, NULL, 'mg/dL'::text, CURRENT_TIMESTAMP, 'final');
INSERT INTO observations (patient_id, observation_type, value_numeric, value_text, unit, observation_date, status)
VALUES ('9cbbe9bc-d9ea-47aa-bb02-174e17e85e1b', 'uACR', 48.0, NULL, 'mg/g'::text, CURRENT_TIMESTAMP, 'final');
INSERT INTO observations (patient_id, observation_type, value_numeric, value_text, unit, observation_date, status)
VALUES ('9cbbe9bc-d9ea-47aa-bb02-174e17e85e1b', 'proteinuria_category', NULL, 'A2'::text, NULL, CURRENT_TIMESTAMP, 'final');
INSERT INTO observations (patient_id, observation_type, value_numeric, value_text, unit, observation_date, status)
VALUES ('9cbbe9bc-d9ea-47aa-bb02-174e17e85e1b', 'blood_pressure_systolic', 125, NULL, 'mmHg'::text, CURRENT_TIMESTAMP, 'final');
INSERT INTO observations (patient_id, observation_type, value_numeric, value_text, unit, observation_date, status)
VALUES ('9cbbe9bc-d9ea-47aa-bb02-174e17e85e1b', 'blood_pressure_diastolic', 80, NULL, 'mmHg'::text, CURRENT_TIMESTAMP, 'final');
INSERT INTO observations (patient_id, observation_type, value_numeric, value_text, unit, observation_date, status)
VALUES ('9cbbe9bc-d9ea-47aa-bb02-174e17e85e1b', 'HbA1c', 6.0, NULL, '%'::text, CURRENT_TIMESTAMP, 'final');
INSERT INTO observations (patient_id, observation_type, value_numeric, value_text, unit, observation_date, status)
VALUES ('9cbbe9bc-d9ea-47aa-bb02-174e17e85e1b', 'LDL_cholesterol', 108, NULL, 'mg/dL'::text, CURRENT_TIMESTAMP, 'final');
INSERT INTO observations (patient_id, observation_type, value_numeric, value_text, unit, observation_date, status)
VALUES ('9cbbe9bc-d9ea-47aa-bb02-174e17e85e1b', 'HDL_cholesterol', 54, NULL, 'mg/dL'::text, CURRENT_TIMESTAMP, 'final');
INSERT INTO observations (patient_id, observation_type, value_numeric, value_text, unit, observation_date, status)
VALUES ('9cbbe9bc-d9ea-47aa-bb02-174e17e85e1b', 'BMI', 25.8, NULL, 'kg/m²'::text, CURRENT_TIMESTAMP, 'final');
INSERT INTO observations (patient_id, observation_type, value_numeric, value_text, unit, observation_date, status)
VALUES ('9cbbe9bc-d9ea-47aa-bb02-174e17e85e1b', 'hemoglobin', 13.4, NULL, 'g/dL'::text, CURRENT_TIMESTAMP, 'final');
INSERT INTO observations (patient_id, observation_type, value_numeric, value_text, unit, observation_date, status)
VALUES ('9cbbe9bc-d9ea-47aa-bb02-174e17e85e1b', 'potassium', 4.2, NULL, 'mEq/L'::text, CURRENT_TIMESTAMP, 'final');
INSERT INTO observations (patient_id, observation_type, value_numeric, value_text, unit, observation_date, status)
VALUES ('9cbbe9bc-d9ea-47aa-bb02-174e17e85e1b', 'calcium', 9.4, NULL, 'mg/dL'::text, CURRENT_TIMESTAMP, 'final');
INSERT INTO observations (patient_id, observation_type, value_numeric, value_text, unit, observation_date, status)
VALUES ('9cbbe9bc-d9ea-47aa-bb02-174e17e85e1b', 'phosphorus', 3.7, NULL, 'mg/dL'::text, CURRENT_TIMESTAMP, 'final');
INSERT INTO observations (patient_id, observation_type, value_numeric, value_text, unit, observation_date, status)
VALUES ('9cbbe9bc-d9ea-47aa-bb02-174e17e85e1b', 'albumin', 4.0, NULL, 'g/dL'::text, CURRENT_TIMESTAMP, 'final');
INSERT INTO conditions (patient_id, condition_code, condition_name, clinical_status, onset_date, recorded_date, severity)
VALUES ('9cbbe9bc-d9ea-47aa-bb02-174e17e85e1b', 'I10', 'Essential Hypertension', 'active', NULL, CURRENT_TIMESTAMP, 'moderate');
INSERT INTO conditions (patient_id, condition_code, condition_name, clinical_status, onset_date, recorded_date, severity)
VALUES ('9cbbe9bc-d9ea-47aa-bb02-174e17e85e1b', 'N18.2', 'Chronic Kidney Disease, Stage 2', 'active', NULL, CURRENT_TIMESTAMP, 'mild');

-- Patient: Nancy Miller
INSERT INTO patients (
    id, medical_record_number, first_name, last_name, date_of_birth, gender, email, phone,
    weight, height, smoking_status, cvd_history, family_history_esrd,
    on_ras_inhibitor, on_sglt2i, nephrotoxic_meds, nephrologist_referral,
    diagnosis_date, last_visit_date, next_visit_date
) VALUES (
    '7f83a5dd-b740-4554-802a-c0356dcef951', 'MRN016'::text, 'Nancy'::text, 'Miller'::text,
    '1981-11-09', 'female'::text, 'nancy.miller@email.com'::text, '+1-555-0001',
    70.0, 170, 'Never'::text,
    false, false,
    false, false,
    false, false,
    NULL, '2025-10-18'::text, '2026-04-18'::text
);
INSERT INTO observations (patient_id, observation_type, value_numeric, value_text, unit, observation_date, status)
VALUES ('7f83a5dd-b740-4554-802a-c0356dcef951', 'eGFR', 92.0, NULL, 'mL/min/1.73m²'::text, CURRENT_TIMESTAMP, 'final');
INSERT INTO observations (patient_id, observation_type, value_numeric, value_text, unit, observation_date, status)
VALUES ('7f83a5dd-b740-4554-802a-c0356dcef951', 'eGFR_trend', NULL, 'stable'::text, NULL, CURRENT_TIMESTAMP, 'final');
INSERT INTO observations (patient_id, observation_type, value_numeric, value_text, unit, observation_date, status)
VALUES ('7f83a5dd-b740-4554-802a-c0356dcef951', 'eGFR_change_percent', 1.2, NULL, '%'::text, CURRENT_TIMESTAMP, 'final');
INSERT INTO observations (patient_id, observation_type, value_numeric, value_text, unit, observation_date, status)
VALUES ('7f83a5dd-b740-4554-802a-c0356dcef951', 'serum_creatinine', 0.88, NULL, 'mg/dL'::text, CURRENT_TIMESTAMP, 'final');
INSERT INTO observations (patient_id, observation_type, value_numeric, value_text, unit, observation_date, status)
VALUES ('7f83a5dd-b740-4554-802a-c0356dcef951', 'BUN', 17, NULL, 'mg/dL'::text, CURRENT_TIMESTAMP, 'final');
INSERT INTO observations (patient_id, observation_type, value_numeric, value_text, unit, observation_date, status)
VALUES ('7f83a5dd-b740-4554-802a-c0356dcef951', 'uACR', 20.0, NULL, 'mg/g'::text, CURRENT_TIMESTAMP, 'final');
INSERT INTO observations (patient_id, observation_type, value_numeric, value_text, unit, observation_date, status)
VALUES ('7f83a5dd-b740-4554-802a-c0356dcef951', 'proteinuria_category', NULL, 'A1'::text, NULL, CURRENT_TIMESTAMP, 'final');
INSERT INTO observations (patient_id, observation_type, value_numeric, value_text, unit, observation_date, status)
VALUES ('7f83a5dd-b740-4554-802a-c0356dcef951', 'blood_pressure_systolic', 118, NULL, 'mmHg'::text, CURRENT_TIMESTAMP, 'final');
INSERT INTO observations (patient_id, observation_type, value_numeric, value_text, unit, observation_date, status)
VALUES ('7f83a5dd-b740-4554-802a-c0356dcef951', 'blood_pressure_diastolic', 74, NULL, 'mmHg'::text, CURRENT_TIMESTAMP, 'final');
INSERT INTO observations (patient_id, observation_type, value_numeric, value_text, unit, observation_date, status)
VALUES ('7f83a5dd-b740-4554-802a-c0356dcef951', 'HbA1c', 5.5, NULL, '%'::text, CURRENT_TIMESTAMP, 'final');
INSERT INTO observations (patient_id, observation_type, value_numeric, value_text, unit, observation_date, status)
VALUES ('7f83a5dd-b740-4554-802a-c0356dcef951', 'LDL_cholesterol', 100, NULL, 'mg/dL'::text, CURRENT_TIMESTAMP, 'final');
INSERT INTO observations (patient_id, observation_type, value_numeric, value_text, unit, observation_date, status)
VALUES ('7f83a5dd-b740-4554-802a-c0356dcef951', 'HDL_cholesterol', 58, NULL, 'mg/dL'::text, CURRENT_TIMESTAMP, 'final');
INSERT INTO observations (patient_id, observation_type, value_numeric, value_text, unit, observation_date, status)
VALUES ('7f83a5dd-b740-4554-802a-c0356dcef951', 'BMI', 24.2, NULL, 'kg/m²'::text, CURRENT_TIMESTAMP, 'final');
INSERT INTO observations (patient_id, observation_type, value_numeric, value_text, unit, observation_date, status)
VALUES ('7f83a5dd-b740-4554-802a-c0356dcef951', 'hemoglobin', 13.7, NULL, 'g/dL'::text, CURRENT_TIMESTAMP, 'final');
INSERT INTO observations (patient_id, observation_type, value_numeric, value_text, unit, observation_date, status)
VALUES ('7f83a5dd-b740-4554-802a-c0356dcef951', 'potassium', 4.1, NULL, 'mEq/L'::text, CURRENT_TIMESTAMP, 'final');
INSERT INTO observations (patient_id, observation_type, value_numeric, value_text, unit, observation_date, status)
VALUES ('7f83a5dd-b740-4554-802a-c0356dcef951', 'calcium', 9.5, NULL, 'mg/dL'::text, CURRENT_TIMESTAMP, 'final');
INSERT INTO observations (patient_id, observation_type, value_numeric, value_text, unit, observation_date, status)
VALUES ('7f83a5dd-b740-4554-802a-c0356dcef951', 'phosphorus', 3.4, NULL, 'mg/dL'::text, CURRENT_TIMESTAMP, 'final');
INSERT INTO observations (patient_id, observation_type, value_numeric, value_text, unit, observation_date, status)
VALUES ('7f83a5dd-b740-4554-802a-c0356dcef951', 'albumin', 4.2, NULL, 'g/dL'::text, CURRENT_TIMESTAMP, 'final');

-- Patient: Paul Anderson
INSERT INTO patients (
    id, medical_record_number, first_name, last_name, date_of_birth, gender, email, phone,
    weight, height, smoking_status, cvd_history, family_history_esrd,
    on_ras_inhibitor, on_sglt2i, nephrotoxic_meds, nephrologist_referral,
    diagnosis_date, last_visit_date, next_visit_date
) VALUES (
    '075143e2-5cab-4925-8135-0aeda2e7f67f', 'MRN017'::text, 'Paul'::text, 'Anderson'::text,
    '1955-11-09', 'male'::text, 'paul.anderson@email.com'::text, '+1-555-0001',
    82.0, 173, 'Former'::text,
    true, false,
    true, true,
    false, true,
    '2019-05-11', '2025-11-03'::text, '2025-11-17'::text
);
INSERT INTO observations (patient_id, observation_type, value_numeric, value_text, unit, observation_date, status)
VALUES ('075143e2-5cab-4925-8135-0aeda2e7f67f', 'eGFR', 14.0, NULL, 'mL/min/1.73m²'::text, CURRENT_TIMESTAMP, 'final');
INSERT INTO observations (patient_id, observation_type, value_numeric, value_text, unit, observation_date, status)
VALUES ('075143e2-5cab-4925-8135-0aeda2e7f67f', 'eGFR_trend', NULL, 'down'::text, NULL, CURRENT_TIMESTAMP, 'final');
INSERT INTO observations (patient_id, observation_type, value_numeric, value_text, unit, observation_date, status)
VALUES ('075143e2-5cab-4925-8135-0aeda2e7f67f', 'eGFR_change_percent', -16.8, NULL, '%'::text, CURRENT_TIMESTAMP, 'final');
INSERT INTO observations (patient_id, observation_type, value_numeric, value_text, unit, observation_date, status)
VALUES ('075143e2-5cab-4925-8135-0aeda2e7f67f', 'serum_creatinine', 5.2, NULL, 'mg/dL'::text, CURRENT_TIMESTAMP, 'final');
INSERT INTO observations (patient_id, observation_type, value_numeric, value_text, unit, observation_date, status)
VALUES ('075143e2-5cab-4925-8135-0aeda2e7f67f', 'BUN', 88, NULL, 'mg/dL'::text, CURRENT_TIMESTAMP, 'final');
INSERT INTO observations (patient_id, observation_type, value_numeric, value_text, unit, observation_date, status)
VALUES ('075143e2-5cab-4925-8135-0aeda2e7f67f', 'uACR', 780.0, NULL, 'mg/g'::text, CURRENT_TIMESTAMP, 'final');
INSERT INTO observations (patient_id, observation_type, value_numeric, value_text, unit, observation_date, status)
VALUES ('075143e2-5cab-4925-8135-0aeda2e7f67f', 'proteinuria_category', NULL, 'A3'::text, NULL, CURRENT_TIMESTAMP, 'final');
INSERT INTO observations (patient_id, observation_type, value_numeric, value_text, unit, observation_date, status)
VALUES ('075143e2-5cab-4925-8135-0aeda2e7f67f', 'blood_pressure_systolic', 165, NULL, 'mmHg'::text, CURRENT_TIMESTAMP, 'final');
INSERT INTO observations (patient_id, observation_type, value_numeric, value_text, unit, observation_date, status)
VALUES ('075143e2-5cab-4925-8135-0aeda2e7f67f', 'blood_pressure_diastolic', 100, NULL, 'mmHg'::text, CURRENT_TIMESTAMP, 'final');
INSERT INTO observations (patient_id, observation_type, value_numeric, value_text, unit, observation_date, status)
VALUES ('075143e2-5cab-4925-8135-0aeda2e7f67f', 'HbA1c', 8.9, NULL, '%'::text, CURRENT_TIMESTAMP, 'final');
INSERT INTO observations (patient_id, observation_type, value_numeric, value_text, unit, observation_date, status)
VALUES ('075143e2-5cab-4925-8135-0aeda2e7f67f', 'LDL_cholesterol', 160, NULL, 'mg/dL'::text, CURRENT_TIMESTAMP, 'final');
INSERT INTO observations (patient_id, observation_type, value_numeric, value_text, unit, observation_date, status)
VALUES ('075143e2-5cab-4925-8135-0aeda2e7f67f', 'HDL_cholesterol', 30, NULL, 'mg/dL'::text, CURRENT_TIMESTAMP, 'final');
INSERT INTO observations (patient_id, observation_type, value_numeric, value_text, unit, observation_date, status)
VALUES ('075143e2-5cab-4925-8135-0aeda2e7f67f', 'BMI', 27.4, NULL, 'kg/m²'::text, CURRENT_TIMESTAMP, 'final');
INSERT INTO observations (patient_id, observation_type, value_numeric, value_text, unit, observation_date, status)
VALUES ('075143e2-5cab-4925-8135-0aeda2e7f67f', 'hemoglobin', 8.8, NULL, 'g/dL'::text, CURRENT_TIMESTAMP, 'final');
INSERT INTO observations (patient_id, observation_type, value_numeric, value_text, unit, observation_date, status)
VALUES ('075143e2-5cab-4925-8135-0aeda2e7f67f', 'potassium', 6.0, NULL, 'mEq/L'::text, CURRENT_TIMESTAMP, 'final');
INSERT INTO observations (patient_id, observation_type, value_numeric, value_text, unit, observation_date, status)
VALUES ('075143e2-5cab-4925-8135-0aeda2e7f67f', 'calcium', 8.3, NULL, 'mg/dL'::text, CURRENT_TIMESTAMP, 'final');
INSERT INTO observations (patient_id, observation_type, value_numeric, value_text, unit, observation_date, status)
VALUES ('075143e2-5cab-4925-8135-0aeda2e7f67f', 'phosphorus', 6.5, NULL, 'mg/dL'::text, CURRENT_TIMESTAMP, 'final');
INSERT INTO observations (patient_id, observation_type, value_numeric, value_text, unit, observation_date, status)
VALUES ('075143e2-5cab-4925-8135-0aeda2e7f67f', 'albumin', 2.9, NULL, 'g/dL'::text, CURRENT_TIMESTAMP, 'final');
INSERT INTO conditions (patient_id, condition_code, condition_name, clinical_status, onset_date, recorded_date, severity)
VALUES ('075143e2-5cab-4925-8135-0aeda2e7f67f', 'E11.9', 'Type 2 Diabetes Mellitus', 'active', '2019-05-11', CURRENT_TIMESTAMP, 'moderate');
INSERT INTO conditions (patient_id, condition_code, condition_name, clinical_status, onset_date, recorded_date, severity)
VALUES ('075143e2-5cab-4925-8135-0aeda2e7f67f', 'I10', 'Essential Hypertension', 'active', '2019-05-11', CURRENT_TIMESTAMP, 'moderate');
INSERT INTO conditions (patient_id, condition_code, condition_name, clinical_status, onset_date, recorded_date, severity)
VALUES ('075143e2-5cab-4925-8135-0aeda2e7f67f', 'N18.5', 'Chronic Kidney Disease, Stage 5', 'active', '2019-05-11', CURRENT_TIMESTAMP, 'severe');
INSERT INTO conditions (patient_id, condition_code, condition_name, clinical_status, onset_date, recorded_date, severity)
VALUES ('075143e2-5cab-4925-8135-0aeda2e7f67f', 'I25.10', 'Coronary Artery Disease', 'active', '2019-05-11', CURRENT_TIMESTAMP, 'moderate');

-- Patient: Karen Thomas
INSERT INTO patients (
    id, medical_record_number, first_name, last_name, date_of_birth, gender, email, phone,
    weight, height, smoking_status, cvd_history, family_history_esrd,
    on_ras_inhibitor, on_sglt2i, nephrotoxic_meds, nephrologist_referral,
    diagnosis_date, last_visit_date, next_visit_date
) VALUES (
    '9a701edd-98e5-4366-a8cc-8f301aeafcf6', 'MRN018'::text, 'Karen'::text, 'Thomas'::text,
    '1987-11-09', 'female'::text, 'karen.thomas@email.com'::text, '+1-555-0001',
    60.0, 165, 'Never'::text,
    false, false,
    false, false,
    false, false,
    NULL, '2025-09-12'::text, '2026-03-12'::text
);
INSERT INTO observations (patient_id, observation_type, value_numeric, value_text, unit, observation_date, status)
VALUES ('9a701edd-98e5-4366-a8cc-8f301aeafcf6', 'eGFR', 108.0, NULL, 'mL/min/1.73m²'::text, CURRENT_TIMESTAMP, 'final');
INSERT INTO observations (patient_id, observation_type, value_numeric, value_text, unit, observation_date, status)
VALUES ('9a701edd-98e5-4366-a8cc-8f301aeafcf6', 'eGFR_trend', NULL, 'stable'::text, NULL, CURRENT_TIMESTAMP, 'final');
INSERT INTO observations (patient_id, observation_type, value_numeric, value_text, unit, observation_date, status)
VALUES ('9a701edd-98e5-4366-a8cc-8f301aeafcf6', 'eGFR_change_percent', 0.2, NULL, '%'::text, CURRENT_TIMESTAMP, 'final');
INSERT INTO observations (patient_id, observation_type, value_numeric, value_text, unit, observation_date, status)
VALUES ('9a701edd-98e5-4366-a8cc-8f301aeafcf6', 'serum_creatinine', 0.75, NULL, 'mg/dL'::text, CURRENT_TIMESTAMP, 'final');
INSERT INTO observations (patient_id, observation_type, value_numeric, value_text, unit, observation_date, status)
VALUES ('9a701edd-98e5-4366-a8cc-8f301aeafcf6', 'BUN', 13, NULL, 'mg/dL'::text, CURRENT_TIMESTAMP, 'final');
INSERT INTO observations (patient_id, observation_type, value_numeric, value_text, unit, observation_date, status)
VALUES ('9a701edd-98e5-4366-a8cc-8f301aeafcf6', 'uACR', 28.0, NULL, 'mg/g'::text, CURRENT_TIMESTAMP, 'final');
INSERT INTO observations (patient_id, observation_type, value_numeric, value_text, unit, observation_date, status)
VALUES ('9a701edd-98e5-4366-a8cc-8f301aeafcf6', 'proteinuria_category', NULL, 'A1'::text, NULL, CURRENT_TIMESTAMP, 'final');
INSERT INTO observations (patient_id, observation_type, value_numeric, value_text, unit, observation_date, status)
VALUES ('9a701edd-98e5-4366-a8cc-8f301aeafcf6', 'blood_pressure_systolic', 112, NULL, 'mmHg'::text, CURRENT_TIMESTAMP, 'final');
INSERT INTO observations (patient_id, observation_type, value_numeric, value_text, unit, observation_date, status)
VALUES ('9a701edd-98e5-4366-a8cc-8f301aeafcf6', 'blood_pressure_diastolic', 70, NULL, 'mmHg'::text, CURRENT_TIMESTAMP, 'final');
INSERT INTO observations (patient_id, observation_type, value_numeric, value_text, unit, observation_date, status)
VALUES ('9a701edd-98e5-4366-a8cc-8f301aeafcf6', 'HbA1c', 5.1, NULL, '%'::text, CURRENT_TIMESTAMP, 'final');
INSERT INTO observations (patient_id, observation_type, value_numeric, value_text, unit, observation_date, status)
VALUES ('9a701edd-98e5-4366-a8cc-8f301aeafcf6', 'LDL_cholesterol', 92, NULL, 'mg/dL'::text, CURRENT_TIMESTAMP, 'final');
INSERT INTO observations (patient_id, observation_type, value_numeric, value_text, unit, observation_date, status)
VALUES ('9a701edd-98e5-4366-a8cc-8f301aeafcf6', 'HDL_cholesterol', 68, NULL, 'mg/dL'::text, CURRENT_TIMESTAMP, 'final');
INSERT INTO observations (patient_id, observation_type, value_numeric, value_text, unit, observation_date, status)
VALUES ('9a701edd-98e5-4366-a8cc-8f301aeafcf6', 'BMI', 22.0, NULL, 'kg/m²'::text, CURRENT_TIMESTAMP, 'final');
INSERT INTO observations (patient_id, observation_type, value_numeric, value_text, unit, observation_date, status)
VALUES ('9a701edd-98e5-4366-a8cc-8f301aeafcf6', 'hemoglobin', 14.0, NULL, 'g/dL'::text, CURRENT_TIMESTAMP, 'final');
INSERT INTO observations (patient_id, observation_type, value_numeric, value_text, unit, observation_date, status)
VALUES ('9a701edd-98e5-4366-a8cc-8f301aeafcf6', 'potassium', 3.9, NULL, 'mEq/L'::text, CURRENT_TIMESTAMP, 'final');
INSERT INTO observations (patient_id, observation_type, value_numeric, value_text, unit, observation_date, status)
VALUES ('9a701edd-98e5-4366-a8cc-8f301aeafcf6', 'calcium', 9.6, NULL, 'mg/dL'::text, CURRENT_TIMESTAMP, 'final');
INSERT INTO observations (patient_id, observation_type, value_numeric, value_text, unit, observation_date, status)
VALUES ('9a701edd-98e5-4366-a8cc-8f301aeafcf6', 'phosphorus', 3.2, NULL, 'mg/dL'::text, CURRENT_TIMESTAMP, 'final');
INSERT INTO observations (patient_id, observation_type, value_numeric, value_text, unit, observation_date, status)
VALUES ('9a701edd-98e5-4366-a8cc-8f301aeafcf6', 'albumin', 4.4, NULL, 'g/dL'::text, CURRENT_TIMESTAMP, 'final');
INSERT INTO conditions (patient_id, condition_code, condition_name, clinical_status, onset_date, recorded_date, severity)
VALUES ('9a701edd-98e5-4366-a8cc-8f301aeafcf6', 'N18.1', 'Chronic Kidney Disease, Stage 1', 'active', NULL, CURRENT_TIMESTAMP, 'mild');

-- Patient: Steven Jackson
INSERT INTO patients (
    id, medical_record_number, first_name, last_name, date_of_birth, gender, email, phone,
    weight, height, smoking_status, cvd_history, family_history_esrd,
    on_ras_inhibitor, on_sglt2i, nephrotoxic_meds, nephrologist_referral,
    diagnosis_date, last_visit_date, next_visit_date
) VALUES (
    'ca107bbb-86c3-4b2c-94fb-eb9e8a8395dd', 'MRN019'::text, 'Steven'::text, 'Jackson'::text,
    '1960-11-09', 'male'::text, 'steven.jackson@email.com'::text, '+1-555-0001',
    90.0, 175, 'Former'::text,
    true, false,
    true, false,
    true, false,
    '2021-11-09', '2025-10-22'::text, '2025-11-25'::text
);
INSERT INTO observations (patient_id, observation_type, value_numeric, value_text, unit, observation_date, status)
VALUES ('ca107bbb-86c3-4b2c-94fb-eb9e8a8395dd', 'eGFR', 27.0, NULL, 'mL/min/1.73m²'::text, CURRENT_TIMESTAMP, 'final');
INSERT INTO observations (patient_id, observation_type, value_numeric, value_text, unit, observation_date, status)
VALUES ('ca107bbb-86c3-4b2c-94fb-eb9e8a8395dd', 'eGFR_trend', NULL, 'down'::text, NULL, CURRENT_TIMESTAMP, 'final');
INSERT INTO observations (patient_id, observation_type, value_numeric, value_text, unit, observation_date, status)
VALUES ('ca107bbb-86c3-4b2c-94fb-eb9e8a8395dd', 'eGFR_change_percent', -9.2, NULL, '%'::text, CURRENT_TIMESTAMP, 'final');
INSERT INTO observations (patient_id, observation_type, value_numeric, value_text, unit, observation_date, status)
VALUES ('ca107bbb-86c3-4b2c-94fb-eb9e8a8395dd', 'serum_creatinine', 2.6, NULL, 'mg/dL'::text, CURRENT_TIMESTAMP, 'final');
INSERT INTO observations (patient_id, observation_type, value_numeric, value_text, unit, observation_date, status)
VALUES ('ca107bbb-86c3-4b2c-94fb-eb9e8a8395dd', 'BUN', 48, NULL, 'mg/dL'::text, CURRENT_TIMESTAMP, 'final');
INSERT INTO observations (patient_id, observation_type, value_numeric, value_text, unit, observation_date, status)
VALUES ('ca107bbb-86c3-4b2c-94fb-eb9e8a8395dd', 'uACR', 490.0, NULL, 'mg/g'::text, CURRENT_TIMESTAMP, 'final');
INSERT INTO observations (patient_id, observation_type, value_numeric, value_text, unit, observation_date, status)
VALUES ('ca107bbb-86c3-4b2c-94fb-eb9e8a8395dd', 'proteinuria_category', NULL, 'A3'::text, NULL, CURRENT_TIMESTAMP, 'final');
INSERT INTO observations (patient_id, observation_type, value_numeric, value_text, unit, observation_date, status)
VALUES ('ca107bbb-86c3-4b2c-94fb-eb9e8a8395dd', 'blood_pressure_systolic', 155, NULL, 'mmHg'::text, CURRENT_TIMESTAMP, 'final');
INSERT INTO observations (patient_id, observation_type, value_numeric, value_text, unit, observation_date, status)
VALUES ('ca107bbb-86c3-4b2c-94fb-eb9e8a8395dd', 'blood_pressure_diastolic', 95, NULL, 'mmHg'::text, CURRENT_TIMESTAMP, 'final');
INSERT INTO observations (patient_id, observation_type, value_numeric, value_text, unit, observation_date, status)
VALUES ('ca107bbb-86c3-4b2c-94fb-eb9e8a8395dd', 'HbA1c', 7.9, NULL, '%'::text, CURRENT_TIMESTAMP, 'final');
INSERT INTO observations (patient_id, observation_type, value_numeric, value_text, unit, observation_date, status)
VALUES ('ca107bbb-86c3-4b2c-94fb-eb9e8a8395dd', 'LDL_cholesterol', 145, NULL, 'mg/dL'::text, CURRENT_TIMESTAMP, 'final');
INSERT INTO observations (patient_id, observation_type, value_numeric, value_text, unit, observation_date, status)
VALUES ('ca107bbb-86c3-4b2c-94fb-eb9e8a8395dd', 'HDL_cholesterol', 37, NULL, 'mg/dL'::text, CURRENT_TIMESTAMP, 'final');
INSERT INTO observations (patient_id, observation_type, value_numeric, value_text, unit, observation_date, status)
VALUES ('ca107bbb-86c3-4b2c-94fb-eb9e8a8395dd', 'BMI', 29.4, NULL, 'kg/m²'::text, CURRENT_TIMESTAMP, 'final');
INSERT INTO observations (patient_id, observation_type, value_numeric, value_text, unit, observation_date, status)
VALUES ('ca107bbb-86c3-4b2c-94fb-eb9e8a8395dd', 'hemoglobin', 10.0, NULL, 'g/dL'::text, CURRENT_TIMESTAMP, 'final');
INSERT INTO observations (patient_id, observation_type, value_numeric, value_text, unit, observation_date, status)
VALUES ('ca107bbb-86c3-4b2c-94fb-eb9e8a8395dd', 'potassium', 5.7, NULL, 'mEq/L'::text, CURRENT_TIMESTAMP, 'final');
INSERT INTO observations (patient_id, observation_type, value_numeric, value_text, unit, observation_date, status)
VALUES ('ca107bbb-86c3-4b2c-94fb-eb9e8a8395dd', 'calcium', 8.8, NULL, 'mg/dL'::text, CURRENT_TIMESTAMP, 'final');
INSERT INTO observations (patient_id, observation_type, value_numeric, value_text, unit, observation_date, status)
VALUES ('ca107bbb-86c3-4b2c-94fb-eb9e8a8395dd', 'phosphorus', 5.4, NULL, 'mg/dL'::text, CURRENT_TIMESTAMP, 'final');
INSERT INTO observations (patient_id, observation_type, value_numeric, value_text, unit, observation_date, status)
VALUES ('ca107bbb-86c3-4b2c-94fb-eb9e8a8395dd', 'albumin', 3.3, NULL, 'g/dL'::text, CURRENT_TIMESTAMP, 'final');
INSERT INTO conditions (patient_id, condition_code, condition_name, clinical_status, onset_date, recorded_date, severity)
VALUES ('ca107bbb-86c3-4b2c-94fb-eb9e8a8395dd', 'E11.9', 'Type 2 Diabetes Mellitus', 'active', '2021-11-09', CURRENT_TIMESTAMP, 'moderate');
INSERT INTO conditions (patient_id, condition_code, condition_name, clinical_status, onset_date, recorded_date, severity)
VALUES ('ca107bbb-86c3-4b2c-94fb-eb9e8a8395dd', 'I10', 'Essential Hypertension', 'active', '2021-11-09', CURRENT_TIMESTAMP, 'moderate');
INSERT INTO conditions (patient_id, condition_code, condition_name, clinical_status, onset_date, recorded_date, severity)
VALUES ('ca107bbb-86c3-4b2c-94fb-eb9e8a8395dd', 'N18.4', 'Chronic Kidney Disease, Stage 4', 'active', '2021-11-09', CURRENT_TIMESTAMP, 'severe');
INSERT INTO conditions (patient_id, condition_code, condition_name, clinical_status, onset_date, recorded_date, severity)
VALUES ('ca107bbb-86c3-4b2c-94fb-eb9e8a8395dd', 'I25.10', 'Coronary Artery Disease', 'active', '2021-11-09', CURRENT_TIMESTAMP, 'moderate');

-- Patient: Betty Harris
INSERT INTO patients (
    id, medical_record_number, first_name, last_name, date_of_birth, gender, email, phone,
    weight, height, smoking_status, cvd_history, family_history_esrd,
    on_ras_inhibitor, on_sglt2i, nephrotoxic_meds, nephrologist_referral,
    diagnosis_date, last_visit_date, next_visit_date
) VALUES (
    '95d3a119-2170-4b8c-b4bd-fea23c8f3e81', 'MRN020'::text, 'Betty'::text, 'Harris'::text,
    '1966-11-09', 'female'::text, 'betty.harris@email.com'::text, '+1-555-0001',
    75.0, 162, 'Never'::text,
    false, false,
    true, true,
    false, false,
    '2023-05-11', '2025-10-14'::text, '2026-01-14'::text
);
INSERT INTO observations (patient_id, observation_type, value_numeric, value_text, unit, observation_date, status)
VALUES ('95d3a119-2170-4b8c-b4bd-fea23c8f3e81', 'eGFR', 50.0, NULL, 'mL/min/1.73m²'::text, CURRENT_TIMESTAMP, 'final');
INSERT INTO observations (patient_id, observation_type, value_numeric, value_text, unit, observation_date, status)
VALUES ('95d3a119-2170-4b8c-b4bd-fea23c8f3e81', 'eGFR_trend', NULL, 'stable'::text, NULL, CURRENT_TIMESTAMP, 'final');
INSERT INTO observations (patient_id, observation_type, value_numeric, value_text, unit, observation_date, status)
VALUES ('95d3a119-2170-4b8c-b4bd-fea23c8f3e81', 'eGFR_change_percent', -2.5, NULL, '%'::text, CURRENT_TIMESTAMP, 'final');
INSERT INTO observations (patient_id, observation_type, value_numeric, value_text, unit, observation_date, status)
VALUES ('95d3a119-2170-4b8c-b4bd-fea23c8f3e81', 'serum_creatinine', 1.65, NULL, 'mg/dL'::text, CURRENT_TIMESTAMP, 'final');
INSERT INTO observations (patient_id, observation_type, value_numeric, value_text, unit, observation_date, status)
VALUES ('95d3a119-2170-4b8c-b4bd-fea23c8f3e81', 'BUN', 33, NULL, 'mg/dL'::text, CURRENT_TIMESTAMP, 'final');
INSERT INTO observations (patient_id, observation_type, value_numeric, value_text, unit, observation_date, status)
VALUES ('95d3a119-2170-4b8c-b4bd-fea23c8f3e81', 'uACR', 170.0, NULL, 'mg/g'::text, CURRENT_TIMESTAMP, 'final');
INSERT INTO observations (patient_id, observation_type, value_numeric, value_text, unit, observation_date, status)
VALUES ('95d3a119-2170-4b8c-b4bd-fea23c8f3e81', 'proteinuria_category', NULL, 'A2'::text, NULL, CURRENT_TIMESTAMP, 'final');
INSERT INTO observations (patient_id, observation_type, value_numeric, value_text, unit, observation_date, status)
VALUES ('95d3a119-2170-4b8c-b4bd-fea23c8f3e81', 'blood_pressure_systolic', 143, NULL, 'mmHg'::text, CURRENT_TIMESTAMP, 'final');
INSERT INTO observations (patient_id, observation_type, value_numeric, value_text, unit, observation_date, status)
VALUES ('95d3a119-2170-4b8c-b4bd-fea23c8f3e81', 'blood_pressure_diastolic', 89, NULL, 'mmHg'::text, CURRENT_TIMESTAMP, 'final');
INSERT INTO observations (patient_id, observation_type, value_numeric, value_text, unit, observation_date, status)
VALUES ('95d3a119-2170-4b8c-b4bd-fea23c8f3e81', 'HbA1c', 7.1, NULL, '%'::text, CURRENT_TIMESTAMP, 'final');
INSERT INTO observations (patient_id, observation_type, value_numeric, value_text, unit, observation_date, status)
VALUES ('95d3a119-2170-4b8c-b4bd-fea23c8f3e81', 'LDL_cholesterol', 130, NULL, 'mg/dL'::text, CURRENT_TIMESTAMP, 'final');
INSERT INTO observations (patient_id, observation_type, value_numeric, value_text, unit, observation_date, status)
VALUES ('95d3a119-2170-4b8c-b4bd-fea23c8f3e81', 'HDL_cholesterol', 44, NULL, 'mg/dL'::text, CURRENT_TIMESTAMP, 'final');
INSERT INTO observations (patient_id, observation_type, value_numeric, value_text, unit, observation_date, status)
VALUES ('95d3a119-2170-4b8c-b4bd-fea23c8f3e81', 'BMI', 28.6, NULL, 'kg/m²'::text, CURRENT_TIMESTAMP, 'final');
INSERT INTO observations (patient_id, observation_type, value_numeric, value_text, unit, observation_date, status)
VALUES ('95d3a119-2170-4b8c-b4bd-fea23c8f3e81', 'hemoglobin', 11.7, NULL, 'g/dL'::text, CURRENT_TIMESTAMP, 'final');
INSERT INTO observations (patient_id, observation_type, value_numeric, value_text, unit, observation_date, status)
VALUES ('95d3a119-2170-4b8c-b4bd-fea23c8f3e81', 'potassium', 4.8, NULL, 'mEq/L'::text, CURRENT_TIMESTAMP, 'final');
INSERT INTO observations (patient_id, observation_type, value_numeric, value_text, unit, observation_date, status)
VALUES ('95d3a119-2170-4b8c-b4bd-fea23c8f3e81', 'calcium', 9.1, NULL, 'mg/dL'::text, CURRENT_TIMESTAMP, 'final');
INSERT INTO observations (patient_id, observation_type, value_numeric, value_text, unit, observation_date, status)
VALUES ('95d3a119-2170-4b8c-b4bd-fea23c8f3e81', 'phosphorus', 4.3, NULL, 'mg/dL'::text, CURRENT_TIMESTAMP, 'final');
INSERT INTO observations (patient_id, observation_type, value_numeric, value_text, unit, observation_date, status)
VALUES ('95d3a119-2170-4b8c-b4bd-fea23c8f3e81', 'albumin', 3.7, NULL, 'g/dL'::text, CURRENT_TIMESTAMP, 'final');
INSERT INTO conditions (patient_id, condition_code, condition_name, clinical_status, onset_date, recorded_date, severity)
VALUES ('95d3a119-2170-4b8c-b4bd-fea23c8f3e81', 'E11.9', 'Type 2 Diabetes Mellitus', 'active', '2023-05-11', CURRENT_TIMESTAMP, 'moderate');
INSERT INTO conditions (patient_id, condition_code, condition_name, clinical_status, onset_date, recorded_date, severity)
VALUES ('95d3a119-2170-4b8c-b4bd-fea23c8f3e81', 'I10', 'Essential Hypertension', 'active', '2023-05-11', CURRENT_TIMESTAMP, 'moderate');
INSERT INTO conditions (patient_id, condition_code, condition_name, clinical_status, onset_date, recorded_date, severity)
VALUES ('95d3a119-2170-4b8c-b4bd-fea23c8f3e81', 'N18.3', 'Chronic Kidney Disease, Stage 3', 'active', '2023-05-11', CURRENT_TIMESTAMP, 'moderate');

-- Patient: Edward Martinez
INSERT INTO patients (
    id, medical_record_number, first_name, last_name, date_of_birth, gender, email, phone,
    weight, height, smoking_status, cvd_history, family_history_esrd,
    on_ras_inhibitor, on_sglt2i, nephrotoxic_meds, nephrologist_referral,
    diagnosis_date, last_visit_date, next_visit_date
) VALUES (
    'e20a0afe-d02a-43ad-9d76-9d0561ab0b3f', 'MRN021'::text, 'Edward'::text, 'Martinez'::text,
    '1972-11-09', 'male'::text, 'edward.martinez@email.com'::text, '+1-555-0001',
    85.0, 178, 'Former'::text,
    false, false,
    true, false,
    false, false,
    '2024-05-11', '2025-09-30'::text, '2026-03-30'::text
);
INSERT INTO observations (patient_id, observation_type, value_numeric, value_text, unit, observation_date, status)
VALUES ('e20a0afe-d02a-43ad-9d76-9d0561ab0b3f', 'eGFR', 70.0, NULL, 'mL/min/1.73m²'::text, CURRENT_TIMESTAMP, 'final');
INSERT INTO observations (patient_id, observation_type, value_numeric, value_text, unit, observation_date, status)
VALUES ('e20a0afe-d02a-43ad-9d76-9d0561ab0b3f', 'eGFR_trend', NULL, 'up'::text, NULL, CURRENT_TIMESTAMP, 'final');
INSERT INTO observations (patient_id, observation_type, value_numeric, value_text, unit, observation_date, status)
VALUES ('e20a0afe-d02a-43ad-9d76-9d0561ab0b3f', 'eGFR_change_percent', 2.8, NULL, '%'::text, CURRENT_TIMESTAMP, 'final');
INSERT INTO observations (patient_id, observation_type, value_numeric, value_text, unit, observation_date, status)
VALUES ('e20a0afe-d02a-43ad-9d76-9d0561ab0b3f', 'serum_creatinine', 1.15, NULL, 'mg/dL'::text, CURRENT_TIMESTAMP, 'final');
INSERT INTO observations (patient_id, observation_type, value_numeric, value_text, unit, observation_date, status)
VALUES ('e20a0afe-d02a-43ad-9d76-9d0561ab0b3f', 'BUN', 23, NULL, 'mg/dL'::text, CURRENT_TIMESTAMP, 'final');
INSERT INTO observations (patient_id, observation_type, value_numeric, value_text, unit, observation_date, status)
VALUES ('e20a0afe-d02a-43ad-9d76-9d0561ab0b3f', 'uACR', 60.0, NULL, 'mg/g'::text, CURRENT_TIMESTAMP, 'final');
INSERT INTO observations (patient_id, observation_type, value_numeric, value_text, unit, observation_date, status)
VALUES ('e20a0afe-d02a-43ad-9d76-9d0561ab0b3f', 'proteinuria_category', NULL, 'A2'::text, NULL, CURRENT_TIMESTAMP, 'final');
INSERT INTO observations (patient_id, observation_type, value_numeric, value_text, unit, observation_date, status)
VALUES ('e20a0afe-d02a-43ad-9d76-9d0561ab0b3f', 'blood_pressure_systolic', 130, NULL, 'mmHg'::text, CURRENT_TIMESTAMP, 'final');
INSERT INTO observations (patient_id, observation_type, value_numeric, value_text, unit, observation_date, status)
VALUES ('e20a0afe-d02a-43ad-9d76-9d0561ab0b3f', 'blood_pressure_diastolic', 83, NULL, 'mmHg'::text, CURRENT_TIMESTAMP, 'final');
INSERT INTO observations (patient_id, observation_type, value_numeric, value_text, unit, observation_date, status)
VALUES ('e20a0afe-d02a-43ad-9d76-9d0561ab0b3f', 'HbA1c', 6.3, NULL, '%'::text, CURRENT_TIMESTAMP, 'final');
INSERT INTO observations (patient_id, observation_type, value_numeric, value_text, unit, observation_date, status)
VALUES ('e20a0afe-d02a-43ad-9d76-9d0561ab0b3f', 'LDL_cholesterol', 115, NULL, 'mg/dL'::text, CURRENT_TIMESTAMP, 'final');
INSERT INTO observations (patient_id, observation_type, value_numeric, value_text, unit, observation_date, status)
VALUES ('e20a0afe-d02a-43ad-9d76-9d0561ab0b3f', 'HDL_cholesterol', 50, NULL, 'mg/dL'::text, CURRENT_TIMESTAMP, 'final');
INSERT INTO observations (patient_id, observation_type, value_numeric, value_text, unit, observation_date, status)
VALUES ('e20a0afe-d02a-43ad-9d76-9d0561ab0b3f', 'BMI', 26.8, NULL, 'kg/m²'::text, CURRENT_TIMESTAMP, 'final');
INSERT INTO observations (patient_id, observation_type, value_numeric, value_text, unit, observation_date, status)
VALUES ('e20a0afe-d02a-43ad-9d76-9d0561ab0b3f', 'hemoglobin', 13.1, NULL, 'g/dL'::text, CURRENT_TIMESTAMP, 'final');
INSERT INTO observations (patient_id, observation_type, value_numeric, value_text, unit, observation_date, status)
VALUES ('e20a0afe-d02a-43ad-9d76-9d0561ab0b3f', 'potassium', 4.4, NULL, 'mEq/L'::text, CURRENT_TIMESTAMP, 'final');
INSERT INTO observations (patient_id, observation_type, value_numeric, value_text, unit, observation_date, status)
VALUES ('e20a0afe-d02a-43ad-9d76-9d0561ab0b3f', 'calcium', 9.3, NULL, 'mg/dL'::text, CURRENT_TIMESTAMP, 'final');
INSERT INTO observations (patient_id, observation_type, value_numeric, value_text, unit, observation_date, status)
VALUES ('e20a0afe-d02a-43ad-9d76-9d0561ab0b3f', 'phosphorus', 3.8, NULL, 'mg/dL'::text, CURRENT_TIMESTAMP, 'final');
INSERT INTO observations (patient_id, observation_type, value_numeric, value_text, unit, observation_date, status)
VALUES ('e20a0afe-d02a-43ad-9d76-9d0561ab0b3f', 'albumin', 3.9, NULL, 'g/dL'::text, CURRENT_TIMESTAMP, 'final');
INSERT INTO conditions (patient_id, condition_code, condition_name, clinical_status, onset_date, recorded_date, severity)
VALUES ('e20a0afe-d02a-43ad-9d76-9d0561ab0b3f', 'I10', 'Essential Hypertension', 'active', '2024-05-11', CURRENT_TIMESTAMP, 'moderate');
INSERT INTO conditions (patient_id, condition_code, condition_name, clinical_status, onset_date, recorded_date, severity)
VALUES ('e20a0afe-d02a-43ad-9d76-9d0561ab0b3f', 'N18.2', 'Chronic Kidney Disease, Stage 2', 'active', '2024-05-11', CURRENT_TIMESTAMP, 'mild');

-- Patient: Lisa Robinson
INSERT INTO patients (
    id, medical_record_number, first_name, last_name, date_of_birth, gender, email, phone,
    weight, height, smoking_status, cvd_history, family_history_esrd,
    on_ras_inhibitor, on_sglt2i, nephrotoxic_meds, nephrologist_referral,
    diagnosis_date, last_visit_date, next_visit_date
) VALUES (
    'ebedf546-8871-4878-95ed-b260a04050d8', 'MRN022'::text, 'Lisa'::text, 'Robinson'::text,
    '1979-11-09', 'female'::text, 'lisa.robinson@email.com'::text, '+1-555-0001',
    67.0, 167, 'Never'::text,
    false, false,
    true, false,
    false, false,
    NULL, '2025-10-16'::text, '2026-04-16'::text
);
INSERT INTO observations (patient_id, observation_type, value_numeric, value_text, unit, observation_date, status)
VALUES ('ebedf546-8871-4878-95ed-b260a04050d8', 'eGFR', 96.0, NULL, 'mL/min/1.73m²'::text, CURRENT_TIMESTAMP, 'final');
INSERT INTO observations (patient_id, observation_type, value_numeric, value_text, unit, observation_date, status)
VALUES ('ebedf546-8871-4878-95ed-b260a04050d8', 'eGFR_trend', NULL, 'stable'::text, NULL, CURRENT_TIMESTAMP, 'final');
INSERT INTO observations (patient_id, observation_type, value_numeric, value_text, unit, observation_date, status)
VALUES ('ebedf546-8871-4878-95ed-b260a04050d8', 'eGFR_change_percent', 0.6, NULL, '%'::text, CURRENT_TIMESTAMP, 'final');
INSERT INTO observations (patient_id, observation_type, value_numeric, value_text, unit, observation_date, status)
VALUES ('ebedf546-8871-4878-95ed-b260a04050d8', 'serum_creatinine', 0.87, NULL, 'mg/dL'::text, CURRENT_TIMESTAMP, 'final');
INSERT INTO observations (patient_id, observation_type, value_numeric, value_text, unit, observation_date, status)
VALUES ('ebedf546-8871-4878-95ed-b260a04050d8', 'BUN', 16, NULL, 'mg/dL'::text, CURRENT_TIMESTAMP, 'final');
INSERT INTO observations (patient_id, observation_type, value_numeric, value_text, unit, observation_date, status)
VALUES ('ebedf546-8871-4878-95ed-b260a04050d8', 'uACR', 16.0, NULL, 'mg/g'::text, CURRENT_TIMESTAMP, 'final');
INSERT INTO observations (patient_id, observation_type, value_numeric, value_text, unit, observation_date, status)
VALUES ('ebedf546-8871-4878-95ed-b260a04050d8', 'proteinuria_category', NULL, 'A1'::text, NULL, CURRENT_TIMESTAMP, 'final');
INSERT INTO observations (patient_id, observation_type, value_numeric, value_text, unit, observation_date, status)
VALUES ('ebedf546-8871-4878-95ed-b260a04050d8', 'blood_pressure_systolic', 120, NULL, 'mmHg'::text, CURRENT_TIMESTAMP, 'final');
INSERT INTO observations (patient_id, observation_type, value_numeric, value_text, unit, observation_date, status)
VALUES ('ebedf546-8871-4878-95ed-b260a04050d8', 'blood_pressure_diastolic', 77, NULL, 'mmHg'::text, CURRENT_TIMESTAMP, 'final');
INSERT INTO observations (patient_id, observation_type, value_numeric, value_text, unit, observation_date, status)
VALUES ('ebedf546-8871-4878-95ed-b260a04050d8', 'HbA1c', 5.4, NULL, '%'::text, CURRENT_TIMESTAMP, 'final');
INSERT INTO observations (patient_id, observation_type, value_numeric, value_text, unit, observation_date, status)
VALUES ('ebedf546-8871-4878-95ed-b260a04050d8', 'LDL_cholesterol', 103, NULL, 'mg/dL'::text, CURRENT_TIMESTAMP, 'final');
INSERT INTO observations (patient_id, observation_type, value_numeric, value_text, unit, observation_date, status)
VALUES ('ebedf546-8871-4878-95ed-b260a04050d8', 'HDL_cholesterol', 59, NULL, 'mg/dL'::text, CURRENT_TIMESTAMP, 'final');
INSERT INTO observations (patient_id, observation_type, value_numeric, value_text, unit, observation_date, status)
VALUES ('ebedf546-8871-4878-95ed-b260a04050d8', 'BMI', 24.0, NULL, 'kg/m²'::text, CURRENT_TIMESTAMP, 'final');
INSERT INTO observations (patient_id, observation_type, value_numeric, value_text, unit, observation_date, status)
VALUES ('ebedf546-8871-4878-95ed-b260a04050d8', 'hemoglobin', 13.6, NULL, 'g/dL'::text, CURRENT_TIMESTAMP, 'final');
INSERT INTO observations (patient_id, observation_type, value_numeric, value_text, unit, observation_date, status)
VALUES ('ebedf546-8871-4878-95ed-b260a04050d8', 'potassium', 4.2, NULL, 'mEq/L'::text, CURRENT_TIMESTAMP, 'final');
INSERT INTO observations (patient_id, observation_type, value_numeric, value_text, unit, observation_date, status)
VALUES ('ebedf546-8871-4878-95ed-b260a04050d8', 'calcium', 9.4, NULL, 'mg/dL'::text, CURRENT_TIMESTAMP, 'final');
INSERT INTO observations (patient_id, observation_type, value_numeric, value_text, unit, observation_date, status)
VALUES ('ebedf546-8871-4878-95ed-b260a04050d8', 'phosphorus', 3.5, NULL, 'mg/dL'::text, CURRENT_TIMESTAMP, 'final');
INSERT INTO observations (patient_id, observation_type, value_numeric, value_text, unit, observation_date, status)
VALUES ('ebedf546-8871-4878-95ed-b260a04050d8', 'albumin', 4.1, NULL, 'g/dL'::text, CURRENT_TIMESTAMP, 'final');
INSERT INTO conditions (patient_id, condition_code, condition_name, clinical_status, onset_date, recorded_date, severity)
VALUES ('ebedf546-8871-4878-95ed-b260a04050d8', 'I10', 'Essential Hypertension', 'active', NULL, CURRENT_TIMESTAMP, 'moderate');

-- Patient: Mark Clark
INSERT INTO patients (
    id, medical_record_number, first_name, last_name, date_of_birth, gender, email, phone,
    weight, height, smoking_status, cvd_history, family_history_esrd,
    on_ras_inhibitor, on_sglt2i, nephrotoxic_meds, nephrologist_referral,
    diagnosis_date, last_visit_date, next_visit_date
) VALUES (
    '9c93283c-f04c-4509-b2b5-e2d22cf441fe', 'MRN023'::text, 'Mark'::text, 'Clark'::text,
    '1956-11-09', 'male'::text, 'mark.clark@email.com'::text, '+1-555-0001',
    76.0, 169, 'Current'::text,
    true, true,
    true, false,
    false, true,
    '2018-05-11', '2025-11-04'::text, '2025-11-18'::text
);
INSERT INTO observations (patient_id, observation_type, value_numeric, value_text, unit, observation_date, status)
VALUES ('9c93283c-f04c-4509-b2b5-e2d22cf441fe', 'eGFR', 11.0, NULL, 'mL/min/1.73m²'::text, CURRENT_TIMESTAMP, 'final');
INSERT INTO observations (patient_id, observation_type, value_numeric, value_text, unit, observation_date, status)
VALUES ('9c93283c-f04c-4509-b2b5-e2d22cf441fe', 'eGFR_trend', NULL, 'down'::text, NULL, CURRENT_TIMESTAMP, 'final');
INSERT INTO observations (patient_id, observation_type, value_numeric, value_text, unit, observation_date, status)
VALUES ('9c93283c-f04c-4509-b2b5-e2d22cf441fe', 'eGFR_change_percent', -17.5, NULL, '%'::text, CURRENT_TIMESTAMP, 'final');
INSERT INTO observations (patient_id, observation_type, value_numeric, value_text, unit, observation_date, status)
VALUES ('9c93283c-f04c-4509-b2b5-e2d22cf441fe', 'serum_creatinine', 5.9, NULL, 'mg/dL'::text, CURRENT_TIMESTAMP, 'final');
INSERT INTO observations (patient_id, observation_type, value_numeric, value_text, unit, observation_date, status)
VALUES ('9c93283c-f04c-4509-b2b5-e2d22cf441fe', 'BUN', 92, NULL, 'mg/dL'::text, CURRENT_TIMESTAMP, 'final');
INSERT INTO observations (patient_id, observation_type, value_numeric, value_text, unit, observation_date, status)
VALUES ('9c93283c-f04c-4509-b2b5-e2d22cf441fe', 'uACR', 880.0, NULL, 'mg/g'::text, CURRENT_TIMESTAMP, 'final');
INSERT INTO observations (patient_id, observation_type, value_numeric, value_text, unit, observation_date, status)
VALUES ('9c93283c-f04c-4509-b2b5-e2d22cf441fe', 'proteinuria_category', NULL, 'A3'::text, NULL, CURRENT_TIMESTAMP, 'final');
INSERT INTO observations (patient_id, observation_type, value_numeric, value_text, unit, observation_date, status)
VALUES ('9c93283c-f04c-4509-b2b5-e2d22cf441fe', 'blood_pressure_systolic', 170, NULL, 'mmHg'::text, CURRENT_TIMESTAMP, 'final');
INSERT INTO observations (patient_id, observation_type, value_numeric, value_text, unit, observation_date, status)
VALUES ('9c93283c-f04c-4509-b2b5-e2d22cf441fe', 'blood_pressure_diastolic', 104, NULL, 'mmHg'::text, CURRENT_TIMESTAMP, 'final');
INSERT INTO observations (patient_id, observation_type, value_numeric, value_text, unit, observation_date, status)
VALUES ('9c93283c-f04c-4509-b2b5-e2d22cf441fe', 'HbA1c', 9.0, NULL, '%'::text, CURRENT_TIMESTAMP, 'final');
INSERT INTO observations (patient_id, observation_type, value_numeric, value_text, unit, observation_date, status)
VALUES ('9c93283c-f04c-4509-b2b5-e2d22cf441fe', 'LDL_cholesterol', 162, NULL, 'mg/dL'::text, CURRENT_TIMESTAMP, 'final');
INSERT INTO observations (patient_id, observation_type, value_numeric, value_text, unit, observation_date, status)
VALUES ('9c93283c-f04c-4509-b2b5-e2d22cf441fe', 'HDL_cholesterol', 29, NULL, 'mg/dL'::text, CURRENT_TIMESTAMP, 'final');
INSERT INTO observations (patient_id, observation_type, value_numeric, value_text, unit, observation_date, status)
VALUES ('9c93283c-f04c-4509-b2b5-e2d22cf441fe', 'BMI', 26.6, NULL, 'kg/m²'::text, CURRENT_TIMESTAMP, 'final');
INSERT INTO observations (patient_id, observation_type, value_numeric, value_text, unit, observation_date, status)
VALUES ('9c93283c-f04c-4509-b2b5-e2d22cf441fe', 'hemoglobin', 8.3, NULL, 'g/dL'::text, CURRENT_TIMESTAMP, 'final');
INSERT INTO observations (patient_id, observation_type, value_numeric, value_text, unit, observation_date, status)
VALUES ('9c93283c-f04c-4509-b2b5-e2d22cf441fe', 'potassium', 6.4, NULL, 'mEq/L'::text, CURRENT_TIMESTAMP, 'final');
INSERT INTO observations (patient_id, observation_type, value_numeric, value_text, unit, observation_date, status)
VALUES ('9c93283c-f04c-4509-b2b5-e2d22cf441fe', 'calcium', 8.1, NULL, 'mg/dL'::text, CURRENT_TIMESTAMP, 'final');
INSERT INTO observations (patient_id, observation_type, value_numeric, value_text, unit, observation_date, status)
VALUES ('9c93283c-f04c-4509-b2b5-e2d22cf441fe', 'phosphorus', 7.0, NULL, 'mg/dL'::text, CURRENT_TIMESTAMP, 'final');
INSERT INTO observations (patient_id, observation_type, value_numeric, value_text, unit, observation_date, status)
VALUES ('9c93283c-f04c-4509-b2b5-e2d22cf441fe', 'albumin', 2.7, NULL, 'g/dL'::text, CURRENT_TIMESTAMP, 'final');
INSERT INTO conditions (patient_id, condition_code, condition_name, clinical_status, onset_date, recorded_date, severity)
VALUES ('9c93283c-f04c-4509-b2b5-e2d22cf441fe', 'E11.9', 'Type 2 Diabetes Mellitus', 'active', '2018-05-11', CURRENT_TIMESTAMP, 'moderate');
INSERT INTO conditions (patient_id, condition_code, condition_name, clinical_status, onset_date, recorded_date, severity)
VALUES ('9c93283c-f04c-4509-b2b5-e2d22cf441fe', 'I10', 'Essential Hypertension', 'active', '2018-05-11', CURRENT_TIMESTAMP, 'moderate');
INSERT INTO conditions (patient_id, condition_code, condition_name, clinical_status, onset_date, recorded_date, severity)
VALUES ('9c93283c-f04c-4509-b2b5-e2d22cf441fe', 'N18.5', 'Chronic Kidney Disease, Stage 5', 'active', '2018-05-11', CURRENT_TIMESTAMP, 'severe');
INSERT INTO conditions (patient_id, condition_code, condition_name, clinical_status, onset_date, recorded_date, severity)
VALUES ('9c93283c-f04c-4509-b2b5-e2d22cf441fe', 'I25.10', 'Coronary Artery Disease', 'active', '2018-05-11', CURRENT_TIMESTAMP, 'moderate');

-- Patient: Michelle Rodriguez
INSERT INTO patients (
    id, medical_record_number, first_name, last_name, date_of_birth, gender, email, phone,
    weight, height, smoking_status, cvd_history, family_history_esrd,
    on_ras_inhibitor, on_sglt2i, nephrotoxic_meds, nephrologist_referral,
    diagnosis_date, last_visit_date, next_visit_date
) VALUES (
    '9cfb5646-eac7-45ef-8271-ea3c2ad362d5', 'MRN024'::text, 'Michelle'::text, 'Rodriguez'::text,
    '1985-11-09', 'female'::text, 'michelle.rodriguez@email.com'::text, '+1-555-0001',
    61.0, 163, 'Never'::text,
    false, false,
    false, false,
    false, false,
    NULL, '2025-09-18'::text, '2026-03-18'::text
);
INSERT INTO observations (patient_id, observation_type, value_numeric, value_text, unit, observation_date, status)
VALUES ('9cfb5646-eac7-45ef-8271-ea3c2ad362d5', 'eGFR', 104.0, NULL, 'mL/min/1.73m²'::text, CURRENT_TIMESTAMP, 'final');
INSERT INTO observations (patient_id, observation_type, value_numeric, value_text, unit, observation_date, status)
VALUES ('9cfb5646-eac7-45ef-8271-ea3c2ad362d5', 'eGFR_trend', NULL, 'stable'::text, NULL, CURRENT_TIMESTAMP, 'final');
INSERT INTO observations (patient_id, observation_type, value_numeric, value_text, unit, observation_date, status)
VALUES ('9cfb5646-eac7-45ef-8271-ea3c2ad362d5', 'eGFR_change_percent', 0.8, NULL, '%'::text, CURRENT_TIMESTAMP, 'final');
INSERT INTO observations (patient_id, observation_type, value_numeric, value_text, unit, observation_date, status)
VALUES ('9cfb5646-eac7-45ef-8271-ea3c2ad362d5', 'serum_creatinine', 0.8, NULL, 'mg/dL'::text, CURRENT_TIMESTAMP, 'final');
INSERT INTO observations (patient_id, observation_type, value_numeric, value_text, unit, observation_date, status)
VALUES ('9cfb5646-eac7-45ef-8271-ea3c2ad362d5', 'BUN', 14, NULL, 'mg/dL'::text, CURRENT_TIMESTAMP, 'final');
INSERT INTO observations (patient_id, observation_type, value_numeric, value_text, unit, observation_date, status)
VALUES ('9cfb5646-eac7-45ef-8271-ea3c2ad362d5', 'uACR', 24.0, NULL, 'mg/g'::text, CURRENT_TIMESTAMP, 'final');
INSERT INTO observations (patient_id, observation_type, value_numeric, value_text, unit, observation_date, status)
VALUES ('9cfb5646-eac7-45ef-8271-ea3c2ad362d5', 'proteinuria_category', NULL, 'A1'::text, NULL, CURRENT_TIMESTAMP, 'final');
INSERT INTO observations (patient_id, observation_type, value_numeric, value_text, unit, observation_date, status)
VALUES ('9cfb5646-eac7-45ef-8271-ea3c2ad362d5', 'blood_pressure_systolic', 116, NULL, 'mmHg'::text, CURRENT_TIMESTAMP, 'final');
INSERT INTO observations (patient_id, observation_type, value_numeric, value_text, unit, observation_date, status)
VALUES ('9cfb5646-eac7-45ef-8271-ea3c2ad362d5', 'blood_pressure_diastolic', 73, NULL, 'mmHg'::text, CURRENT_TIMESTAMP, 'final');
INSERT INTO observations (patient_id, observation_type, value_numeric, value_text, unit, observation_date, status)
VALUES ('9cfb5646-eac7-45ef-8271-ea3c2ad362d5', 'HbA1c', 5.2, NULL, '%'::text, CURRENT_TIMESTAMP, 'final');
INSERT INTO observations (patient_id, observation_type, value_numeric, value_text, unit, observation_date, status)
VALUES ('9cfb5646-eac7-45ef-8271-ea3c2ad362d5', 'LDL_cholesterol', 97, NULL, 'mg/dL'::text, CURRENT_TIMESTAMP, 'final');
INSERT INTO observations (patient_id, observation_type, value_numeric, value_text, unit, observation_date, status)
VALUES ('9cfb5646-eac7-45ef-8271-ea3c2ad362d5', 'HDL_cholesterol', 64, NULL, 'mg/dL'::text, CURRENT_TIMESTAMP, 'final');
INSERT INTO observations (patient_id, observation_type, value_numeric, value_text, unit, observation_date, status)
VALUES ('9cfb5646-eac7-45ef-8271-ea3c2ad362d5', 'BMI', 23.0, NULL, 'kg/m²'::text, CURRENT_TIMESTAMP, 'final');
INSERT INTO observations (patient_id, observation_type, value_numeric, value_text, unit, observation_date, status)
VALUES ('9cfb5646-eac7-45ef-8271-ea3c2ad362d5', 'hemoglobin', 13.8, NULL, 'g/dL'::text, CURRENT_TIMESTAMP, 'final');
INSERT INTO observations (patient_id, observation_type, value_numeric, value_text, unit, observation_date, status)
VALUES ('9cfb5646-eac7-45ef-8271-ea3c2ad362d5', 'potassium', 4.0, NULL, 'mEq/L'::text, CURRENT_TIMESTAMP, 'final');
INSERT INTO observations (patient_id, observation_type, value_numeric, value_text, unit, observation_date, status)
VALUES ('9cfb5646-eac7-45ef-8271-ea3c2ad362d5', 'calcium', 9.5, NULL, 'mg/dL'::text, CURRENT_TIMESTAMP, 'final');
INSERT INTO observations (patient_id, observation_type, value_numeric, value_text, unit, observation_date, status)
VALUES ('9cfb5646-eac7-45ef-8271-ea3c2ad362d5', 'phosphorus', 3.3, NULL, 'mg/dL'::text, CURRENT_TIMESTAMP, 'final');
INSERT INTO observations (patient_id, observation_type, value_numeric, value_text, unit, observation_date, status)
VALUES ('9cfb5646-eac7-45ef-8271-ea3c2ad362d5', 'albumin', 4.3, NULL, 'g/dL'::text, CURRENT_TIMESTAMP, 'final');
INSERT INTO conditions (patient_id, condition_code, condition_name, clinical_status, onset_date, recorded_date, severity)
VALUES ('9cfb5646-eac7-45ef-8271-ea3c2ad362d5', 'N18.1', 'Chronic Kidney Disease, Stage 1', 'active', NULL, CURRENT_TIMESTAMP, 'mild');

-- Patient: Kevin Lewis
INSERT INTO patients (
    id, medical_record_number, first_name, last_name, date_of_birth, gender, email, phone,
    weight, height, smoking_status, cvd_history, family_history_esrd,
    on_ras_inhibitor, on_sglt2i, nephrotoxic_meds, nephrologist_referral,
    diagnosis_date, last_visit_date, next_visit_date
) VALUES (
    'eced246e-66f9-43cd-b722-d49ef02b44f7', 'MRN025'::text, 'Kevin'::text, 'Lewis'::text,
    '1961-11-09', 'male'::text, 'kevin.lewis@email.com'::text, '+1-555-0001',
    98.0, 180, 'Former'::text,
    true, false,
    true, true,
    true, true,
    '2020-11-09', '2025-10-28'::text, '2025-11-24'::text
);
INSERT INTO observations (patient_id, observation_type, value_numeric, value_text, unit, observation_date, status)
VALUES ('eced246e-66f9-43cd-b722-d49ef02b44f7', 'eGFR', 24.0, NULL, 'mL/min/1.73m²'::text, CURRENT_TIMESTAMP, 'final');
INSERT INTO observations (patient_id, observation_type, value_numeric, value_text, unit, observation_date, status)
VALUES ('eced246e-66f9-43cd-b722-d49ef02b44f7', 'eGFR_trend', NULL, 'down'::text, NULL, CURRENT_TIMESTAMP, 'final');
INSERT INTO observations (patient_id, observation_type, value_numeric, value_text, unit, observation_date, status)
VALUES ('eced246e-66f9-43cd-b722-d49ef02b44f7', 'eGFR_change_percent', -11.5, NULL, '%'::text, CURRENT_TIMESTAMP, 'final');
INSERT INTO observations (patient_id, observation_type, value_numeric, value_text, unit, observation_date, status)
VALUES ('eced246e-66f9-43cd-b722-d49ef02b44f7', 'serum_creatinine', 3.0, NULL, 'mg/dL'::text, CURRENT_TIMESTAMP, 'final');
INSERT INTO observations (patient_id, observation_type, value_numeric, value_text, unit, observation_date, status)
VALUES ('eced246e-66f9-43cd-b722-d49ef02b44f7', 'BUN', 55, NULL, 'mg/dL'::text, CURRENT_TIMESTAMP, 'final');
INSERT INTO observations (patient_id, observation_type, value_numeric, value_text, unit, observation_date, status)
VALUES ('eced246e-66f9-43cd-b722-d49ef02b44f7', 'uACR', 550.0, NULL, 'mg/g'::text, CURRENT_TIMESTAMP, 'final');
INSERT INTO observations (patient_id, observation_type, value_numeric, value_text, unit, observation_date, status)
VALUES ('eced246e-66f9-43cd-b722-d49ef02b44f7', 'proteinuria_category', NULL, 'A3'::text, NULL, CURRENT_TIMESTAMP, 'final');
INSERT INTO observations (patient_id, observation_type, value_numeric, value_text, unit, observation_date, status)
VALUES ('eced246e-66f9-43cd-b722-d49ef02b44f7', 'blood_pressure_systolic', 160, NULL, 'mmHg'::text, CURRENT_TIMESTAMP, 'final');
INSERT INTO observations (patient_id, observation_type, value_numeric, value_text, unit, observation_date, status)
VALUES ('eced246e-66f9-43cd-b722-d49ef02b44f7', 'blood_pressure_diastolic', 97, NULL, 'mmHg'::text, CURRENT_TIMESTAMP, 'final');
INSERT INTO observations (patient_id, observation_type, value_numeric, value_text, unit, observation_date, status)
VALUES ('eced246e-66f9-43cd-b722-d49ef02b44f7', 'HbA1c', 8.4, NULL, '%'::text, CURRENT_TIMESTAMP, 'final');
INSERT INTO observations (patient_id, observation_type, value_numeric, value_text, unit, observation_date, status)
VALUES ('eced246e-66f9-43cd-b722-d49ef02b44f7', 'LDL_cholesterol', 150, NULL, 'mg/dL'::text, CURRENT_TIMESTAMP, 'final');
INSERT INTO observations (patient_id, observation_type, value_numeric, value_text, unit, observation_date, status)
VALUES ('eced246e-66f9-43cd-b722-d49ef02b44f7', 'HDL_cholesterol', 35, NULL, 'mg/dL'::text, CURRENT_TIMESTAMP, 'final');
INSERT INTO observations (patient_id, observation_type, value_numeric, value_text, unit, observation_date, status)
VALUES ('eced246e-66f9-43cd-b722-d49ef02b44f7', 'BMI', 30.2, NULL, 'kg/m²'::text, CURRENT_TIMESTAMP, 'final');
INSERT INTO observations (patient_id, observation_type, value_numeric, value_text, unit, observation_date, status)
VALUES ('eced246e-66f9-43cd-b722-d49ef02b44f7', 'hemoglobin', 9.6, NULL, 'g/dL'::text, CURRENT_TIMESTAMP, 'final');
INSERT INTO observations (patient_id, observation_type, value_numeric, value_text, unit, observation_date, status)
VALUES ('eced246e-66f9-43cd-b722-d49ef02b44f7', 'potassium', 5.8, NULL, 'mEq/L'::text, CURRENT_TIMESTAMP, 'final');
INSERT INTO observations (patient_id, observation_type, value_numeric, value_text, unit, observation_date, status)
VALUES ('eced246e-66f9-43cd-b722-d49ef02b44f7', 'calcium', 8.6, NULL, 'mg/dL'::text, CURRENT_TIMESTAMP, 'final');
INSERT INTO observations (patient_id, observation_type, value_numeric, value_text, unit, observation_date, status)
VALUES ('eced246e-66f9-43cd-b722-d49ef02b44f7', 'phosphorus', 5.6, NULL, 'mg/dL'::text, CURRENT_TIMESTAMP, 'final');
INSERT INTO observations (patient_id, observation_type, value_numeric, value_text, unit, observation_date, status)
VALUES ('eced246e-66f9-43cd-b722-d49ef02b44f7', 'albumin', 3.1, NULL, 'g/dL'::text, CURRENT_TIMESTAMP, 'final');
INSERT INTO conditions (patient_id, condition_code, condition_name, clinical_status, onset_date, recorded_date, severity)
VALUES ('eced246e-66f9-43cd-b722-d49ef02b44f7', 'E11.9', 'Type 2 Diabetes Mellitus', 'active', '2020-11-09', CURRENT_TIMESTAMP, 'moderate');
INSERT INTO conditions (patient_id, condition_code, condition_name, clinical_status, onset_date, recorded_date, severity)
VALUES ('eced246e-66f9-43cd-b722-d49ef02b44f7', 'I10', 'Essential Hypertension', 'active', '2020-11-09', CURRENT_TIMESTAMP, 'moderate');
INSERT INTO conditions (patient_id, condition_code, condition_name, clinical_status, onset_date, recorded_date, severity)
VALUES ('eced246e-66f9-43cd-b722-d49ef02b44f7', 'N18.4', 'Chronic Kidney Disease, Stage 4', 'active', '2020-11-09', CURRENT_TIMESTAMP, 'severe');
INSERT INTO conditions (patient_id, condition_code, condition_name, clinical_status, onset_date, recorded_date, severity)
VALUES ('eced246e-66f9-43cd-b722-d49ef02b44f7', 'I25.10', 'Coronary Artery Disease', 'active', '2020-11-09', CURRENT_TIMESTAMP, 'moderate');

-- Patient: Sandra Walker
INSERT INTO patients (
    id, medical_record_number, first_name, last_name, date_of_birth, gender, email, phone,
    weight, height, smoking_status, cvd_history, family_history_esrd,
    on_ras_inhibitor, on_sglt2i, nephrotoxic_meds, nephrologist_referral,
    diagnosis_date, last_visit_date, next_visit_date
) VALUES (
    '17ec8c39-7767-4ee7-9b3a-b980d226f63d', 'MRN026'::text, 'Sandra'::text, 'Walker'::text,
    '1968-11-09', 'female'::text, 'sandra.walker@email.com'::text, '+1-555-0001',
    76.0, 164, 'Never'::text,
    false, false,
    true, true,
    false, false,
    '2023-11-10', '2025-10-09'::text, '2026-01-09'::text
);
INSERT INTO observations (patient_id, observation_type, value_numeric, value_text, unit, observation_date, status)
VALUES ('17ec8c39-7767-4ee7-9b3a-b980d226f63d', 'eGFR', 53.0, NULL, 'mL/min/1.73m²'::text, CURRENT_TIMESTAMP, 'final');
INSERT INTO observations (patient_id, observation_type, value_numeric, value_text, unit, observation_date, status)
VALUES ('17ec8c39-7767-4ee7-9b3a-b980d226f63d', 'eGFR_trend', NULL, 'stable'::text, NULL, CURRENT_TIMESTAMP, 'final');
INSERT INTO observations (patient_id, observation_type, value_numeric, value_text, unit, observation_date, status)
VALUES ('17ec8c39-7767-4ee7-9b3a-b980d226f63d', 'eGFR_change_percent', -1.9, NULL, '%'::text, CURRENT_TIMESTAMP, 'final');
INSERT INTO observations (patient_id, observation_type, value_numeric, value_text, unit, observation_date, status)
VALUES ('17ec8c39-7767-4ee7-9b3a-b980d226f63d', 'serum_creatinine', 1.55, NULL, 'mg/dL'::text, CURRENT_TIMESTAMP, 'final');
INSERT INTO observations (patient_id, observation_type, value_numeric, value_text, unit, observation_date, status)
VALUES ('17ec8c39-7767-4ee7-9b3a-b980d226f63d', 'BUN', 31, NULL, 'mg/dL'::text, CURRENT_TIMESTAMP, 'final');
INSERT INTO observations (patient_id, observation_type, value_numeric, value_text, unit, observation_date, status)
VALUES ('17ec8c39-7767-4ee7-9b3a-b980d226f63d', 'uACR', 155.0, NULL, 'mg/g'::text, CURRENT_TIMESTAMP, 'final');
INSERT INTO observations (patient_id, observation_type, value_numeric, value_text, unit, observation_date, status)
VALUES ('17ec8c39-7767-4ee7-9b3a-b980d226f63d', 'proteinuria_category', NULL, 'A2'::text, NULL, CURRENT_TIMESTAMP, 'final');
INSERT INTO observations (patient_id, observation_type, value_numeric, value_text, unit, observation_date, status)
VALUES ('17ec8c39-7767-4ee7-9b3a-b980d226f63d', 'blood_pressure_systolic', 141, NULL, 'mmHg'::text, CURRENT_TIMESTAMP, 'final');
INSERT INTO observations (patient_id, observation_type, value_numeric, value_text, unit, observation_date, status)
VALUES ('17ec8c39-7767-4ee7-9b3a-b980d226f63d', 'blood_pressure_diastolic', 88, NULL, 'mmHg'::text, CURRENT_TIMESTAMP, 'final');
INSERT INTO observations (patient_id, observation_type, value_numeric, value_text, unit, observation_date, status)
VALUES ('17ec8c39-7767-4ee7-9b3a-b980d226f63d', 'HbA1c', 6.9, NULL, '%'::text, CURRENT_TIMESTAMP, 'final');
INSERT INTO observations (patient_id, observation_type, value_numeric, value_text, unit, observation_date, status)
VALUES ('17ec8c39-7767-4ee7-9b3a-b980d226f63d', 'LDL_cholesterol', 127, NULL, 'mg/dL'::text, CURRENT_TIMESTAMP, 'final');
INSERT INTO observations (patient_id, observation_type, value_numeric, value_text, unit, observation_date, status)
VALUES ('17ec8c39-7767-4ee7-9b3a-b980d226f63d', 'HDL_cholesterol', 47, NULL, 'mg/dL'::text, CURRENT_TIMESTAMP, 'final');
INSERT INTO observations (patient_id, observation_type, value_numeric, value_text, unit, observation_date, status)
VALUES ('17ec8c39-7767-4ee7-9b3a-b980d226f63d', 'BMI', 28.2, NULL, 'kg/m²'::text, CURRENT_TIMESTAMP, 'final');
INSERT INTO observations (patient_id, observation_type, value_numeric, value_text, unit, observation_date, status)
VALUES ('17ec8c39-7767-4ee7-9b3a-b980d226f63d', 'hemoglobin', 11.8, NULL, 'g/dL'::text, CURRENT_TIMESTAMP, 'final');
INSERT INTO observations (patient_id, observation_type, value_numeric, value_text, unit, observation_date, status)
VALUES ('17ec8c39-7767-4ee7-9b3a-b980d226f63d', 'potassium', 4.7, NULL, 'mEq/L'::text, CURRENT_TIMESTAMP, 'final');
INSERT INTO observations (patient_id, observation_type, value_numeric, value_text, unit, observation_date, status)
VALUES ('17ec8c39-7767-4ee7-9b3a-b980d226f63d', 'calcium', 9.2, NULL, 'mg/dL'::text, CURRENT_TIMESTAMP, 'final');
INSERT INTO observations (patient_id, observation_type, value_numeric, value_text, unit, observation_date, status)
VALUES ('17ec8c39-7767-4ee7-9b3a-b980d226f63d', 'phosphorus', 4.0, NULL, 'mg/dL'::text, CURRENT_TIMESTAMP, 'final');
INSERT INTO observations (patient_id, observation_type, value_numeric, value_text, unit, observation_date, status)
VALUES ('17ec8c39-7767-4ee7-9b3a-b980d226f63d', 'albumin', 3.8, NULL, 'g/dL'::text, CURRENT_TIMESTAMP, 'final');
INSERT INTO conditions (patient_id, condition_code, condition_name, clinical_status, onset_date, recorded_date, severity)
VALUES ('17ec8c39-7767-4ee7-9b3a-b980d226f63d', 'E11.9', 'Type 2 Diabetes Mellitus', 'active', '2023-11-10', CURRENT_TIMESTAMP, 'moderate');
INSERT INTO conditions (patient_id, condition_code, condition_name, clinical_status, onset_date, recorded_date, severity)
VALUES ('17ec8c39-7767-4ee7-9b3a-b980d226f63d', 'I10', 'Essential Hypertension', 'active', '2023-11-10', CURRENT_TIMESTAMP, 'moderate');
INSERT INTO conditions (patient_id, condition_code, condition_name, clinical_status, onset_date, recorded_date, severity)
VALUES ('17ec8c39-7767-4ee7-9b3a-b980d226f63d', 'N18.3', 'Chronic Kidney Disease, Stage 3', 'active', '2023-11-10', CURRENT_TIMESTAMP, 'moderate');

-- Patient: Donald Hall
INSERT INTO patients (
    id, medical_record_number, first_name, last_name, date_of_birth, gender, email, phone,
    weight, height, smoking_status, cvd_history, family_history_esrd,
    on_ras_inhibitor, on_sglt2i, nephrotoxic_meds, nephrologist_referral,
    diagnosis_date, last_visit_date, next_visit_date
) VALUES (
    'b36e5e51-c5c8-4d06-bfa6-c9587f46a6bf', 'MRN027'::text, 'Donald'::text, 'Hall'::text,
    '1975-11-09', 'male'::text, 'donald.hall@email.com'::text, '+1-555-0001',
    81.0, 177, 'Former'::text,
    false, false,
    true, false,
    false, false,
    NULL, '2025-09-27'::text, '2026-03-27'::text
);
INSERT INTO observations (patient_id, observation_type, value_numeric, value_text, unit, observation_date, status)
VALUES ('b36e5e51-c5c8-4d06-bfa6-c9587f46a6bf', 'eGFR', 73.0, NULL, 'mL/min/1.73m²'::text, CURRENT_TIMESTAMP, 'final');
INSERT INTO observations (patient_id, observation_type, value_numeric, value_text, unit, observation_date, status)
VALUES ('b36e5e51-c5c8-4d06-bfa6-c9587f46a6bf', 'eGFR_trend', NULL, 'up'::text, NULL, CURRENT_TIMESTAMP, 'final');
INSERT INTO observations (patient_id, observation_type, value_numeric, value_text, unit, observation_date, status)
VALUES ('b36e5e51-c5c8-4d06-bfa6-c9587f46a6bf', 'eGFR_change_percent', 3.5, NULL, '%'::text, CURRENT_TIMESTAMP, 'final');
INSERT INTO observations (patient_id, observation_type, value_numeric, value_text, unit, observation_date, status)
VALUES ('b36e5e51-c5c8-4d06-bfa6-c9587f46a6bf', 'serum_creatinine', 1.08, NULL, 'mg/dL'::text, CURRENT_TIMESTAMP, 'final');
INSERT INTO observations (patient_id, observation_type, value_numeric, value_text, unit, observation_date, status)
VALUES ('b36e5e51-c5c8-4d06-bfa6-c9587f46a6bf', 'BUN', 21, NULL, 'mg/dL'::text, CURRENT_TIMESTAMP, 'final');
INSERT INTO observations (patient_id, observation_type, value_numeric, value_text, unit, observation_date, status)
VALUES ('b36e5e51-c5c8-4d06-bfa6-c9587f46a6bf', 'uACR', 52.0, NULL, 'mg/g'::text, CURRENT_TIMESTAMP, 'final');
INSERT INTO observations (patient_id, observation_type, value_numeric, value_text, unit, observation_date, status)
VALUES ('b36e5e51-c5c8-4d06-bfa6-c9587f46a6bf', 'proteinuria_category', NULL, 'A2'::text, NULL, CURRENT_TIMESTAMP, 'final');
INSERT INTO observations (patient_id, observation_type, value_numeric, value_text, unit, observation_date, status)
VALUES ('b36e5e51-c5c8-4d06-bfa6-c9587f46a6bf', 'blood_pressure_systolic', 127, NULL, 'mmHg'::text, CURRENT_TIMESTAMP, 'final');
INSERT INTO observations (patient_id, observation_type, value_numeric, value_text, unit, observation_date, status)
VALUES ('b36e5e51-c5c8-4d06-bfa6-c9587f46a6bf', 'blood_pressure_diastolic', 81, NULL, 'mmHg'::text, CURRENT_TIMESTAMP, 'final');
INSERT INTO observations (patient_id, observation_type, value_numeric, value_text, unit, observation_date, status)
VALUES ('b36e5e51-c5c8-4d06-bfa6-c9587f46a6bf', 'HbA1c', 6.1, NULL, '%'::text, CURRENT_TIMESTAMP, 'final');
INSERT INTO observations (patient_id, observation_type, value_numeric, value_text, unit, observation_date, status)
VALUES ('b36e5e51-c5c8-4d06-bfa6-c9587f46a6bf', 'LDL_cholesterol', 112, NULL, 'mg/dL'::text, CURRENT_TIMESTAMP, 'final');
INSERT INTO observations (patient_id, observation_type, value_numeric, value_text, unit, observation_date, status)
VALUES ('b36e5e51-c5c8-4d06-bfa6-c9587f46a6bf', 'HDL_cholesterol', 53, NULL, 'mg/dL'::text, CURRENT_TIMESTAMP, 'final');
INSERT INTO observations (patient_id, observation_type, value_numeric, value_text, unit, observation_date, status)
VALUES ('b36e5e51-c5c8-4d06-bfa6-c9587f46a6bf', 'BMI', 25.8, NULL, 'kg/m²'::text, CURRENT_TIMESTAMP, 'final');
INSERT INTO observations (patient_id, observation_type, value_numeric, value_text, unit, observation_date, status)
VALUES ('b36e5e51-c5c8-4d06-bfa6-c9587f46a6bf', 'hemoglobin', 13.3, NULL, 'g/dL'::text, CURRENT_TIMESTAMP, 'final');
INSERT INTO observations (patient_id, observation_type, value_numeric, value_text, unit, observation_date, status)
VALUES ('b36e5e51-c5c8-4d06-bfa6-c9587f46a6bf', 'potassium', 4.3, NULL, 'mEq/L'::text, CURRENT_TIMESTAMP, 'final');
INSERT INTO observations (patient_id, observation_type, value_numeric, value_text, unit, observation_date, status)
VALUES ('b36e5e51-c5c8-4d06-bfa6-c9587f46a6bf', 'calcium', 9.3, NULL, 'mg/dL'::text, CURRENT_TIMESTAMP, 'final');
INSERT INTO observations (patient_id, observation_type, value_numeric, value_text, unit, observation_date, status)
VALUES ('b36e5e51-c5c8-4d06-bfa6-c9587f46a6bf', 'phosphorus', 3.7, NULL, 'mg/dL'::text, CURRENT_TIMESTAMP, 'final');
INSERT INTO observations (patient_id, observation_type, value_numeric, value_text, unit, observation_date, status)
VALUES ('b36e5e51-c5c8-4d06-bfa6-c9587f46a6bf', 'albumin', 4.0, NULL, 'g/dL'::text, CURRENT_TIMESTAMP, 'final');
INSERT INTO conditions (patient_id, condition_code, condition_name, clinical_status, onset_date, recorded_date, severity)
VALUES ('b36e5e51-c5c8-4d06-bfa6-c9587f46a6bf', 'I10', 'Essential Hypertension', 'active', NULL, CURRENT_TIMESTAMP, 'moderate');
INSERT INTO conditions (patient_id, condition_code, condition_name, clinical_status, onset_date, recorded_date, severity)
VALUES ('b36e5e51-c5c8-4d06-bfa6-c9587f46a6bf', 'N18.2', 'Chronic Kidney Disease, Stage 2', 'active', NULL, CURRENT_TIMESTAMP, 'mild');

-- Patient: Dorothy Allen
INSERT INTO patients (
    id, medical_record_number, first_name, last_name, date_of_birth, gender, email, phone,
    weight, height, smoking_status, cvd_history, family_history_esrd,
    on_ras_inhibitor, on_sglt2i, nephrotoxic_meds, nephrologist_referral,
    diagnosis_date, last_visit_date, next_visit_date
) VALUES (
    '27a25864-fd40-4202-b7af-8096c19b24cf', 'MRN028'::text, 'Dorothy'::text, 'Allen'::text,
    '1982-11-09', 'female'::text, 'dorothy.allen@email.com'::text, '+1-555-0001',
    69.0, 169, 'Never'::text,
    false, false,
    false, false,
    false, false,
    NULL, '2025-10-19'::text, '2026-04-19'::text
);
INSERT INTO observations (patient_id, observation_type, value_numeric, value_text, unit, observation_date, status)
VALUES ('27a25864-fd40-4202-b7af-8096c19b24cf', 'eGFR', 94.0, NULL, 'mL/min/1.73m²'::text, CURRENT_TIMESTAMP, 'final');
INSERT INTO observations (patient_id, observation_type, value_numeric, value_text, unit, observation_date, status)
VALUES ('27a25864-fd40-4202-b7af-8096c19b24cf', 'eGFR_trend', NULL, 'stable'::text, NULL, CURRENT_TIMESTAMP, 'final');
INSERT INTO observations (patient_id, observation_type, value_numeric, value_text, unit, observation_date, status)
VALUES ('27a25864-fd40-4202-b7af-8096c19b24cf', 'eGFR_change_percent', 1.0, NULL, '%'::text, CURRENT_TIMESTAMP, 'final');
INSERT INTO observations (patient_id, observation_type, value_numeric, value_text, unit, observation_date, status)
VALUES ('27a25864-fd40-4202-b7af-8096c19b24cf', 'serum_creatinine', 0.86, NULL, 'mg/dL'::text, CURRENT_TIMESTAMP, 'final');
INSERT INTO observations (patient_id, observation_type, value_numeric, value_text, unit, observation_date, status)
VALUES ('27a25864-fd40-4202-b7af-8096c19b24cf', 'BUN', 17, NULL, 'mg/dL'::text, CURRENT_TIMESTAMP, 'final');
INSERT INTO observations (patient_id, observation_type, value_numeric, value_text, unit, observation_date, status)
VALUES ('27a25864-fd40-4202-b7af-8096c19b24cf', 'uACR', 19.0, NULL, 'mg/g'::text, CURRENT_TIMESTAMP, 'final');
INSERT INTO observations (patient_id, observation_type, value_numeric, value_text, unit, observation_date, status)
VALUES ('27a25864-fd40-4202-b7af-8096c19b24cf', 'proteinuria_category', NULL, 'A1'::text, NULL, CURRENT_TIMESTAMP, 'final');
INSERT INTO observations (patient_id, observation_type, value_numeric, value_text, unit, observation_date, status)
VALUES ('27a25864-fd40-4202-b7af-8096c19b24cf', 'blood_pressure_systolic', 119, NULL, 'mmHg'::text, CURRENT_TIMESTAMP, 'final');
INSERT INTO observations (patient_id, observation_type, value_numeric, value_text, unit, observation_date, status)
VALUES ('27a25864-fd40-4202-b7af-8096c19b24cf', 'blood_pressure_diastolic', 75, NULL, 'mmHg'::text, CURRENT_TIMESTAMP, 'final');
INSERT INTO observations (patient_id, observation_type, value_numeric, value_text, unit, observation_date, status)
VALUES ('27a25864-fd40-4202-b7af-8096c19b24cf', 'HbA1c', 5.5, NULL, '%'::text, CURRENT_TIMESTAMP, 'final');
INSERT INTO observations (patient_id, observation_type, value_numeric, value_text, unit, observation_date, status)
VALUES ('27a25864-fd40-4202-b7af-8096c19b24cf', 'LDL_cholesterol', 101, NULL, 'mg/dL'::text, CURRENT_TIMESTAMP, 'final');
INSERT INTO observations (patient_id, observation_type, value_numeric, value_text, unit, observation_date, status)
VALUES ('27a25864-fd40-4202-b7af-8096c19b24cf', 'HDL_cholesterol', 60, NULL, 'mg/dL'::text, CURRENT_TIMESTAMP, 'final');
INSERT INTO observations (patient_id, observation_type, value_numeric, value_text, unit, observation_date, status)
VALUES ('27a25864-fd40-4202-b7af-8096c19b24cf', 'BMI', 24.1, NULL, 'kg/m²'::text, CURRENT_TIMESTAMP, 'final');
INSERT INTO observations (patient_id, observation_type, value_numeric, value_text, unit, observation_date, status)
VALUES ('27a25864-fd40-4202-b7af-8096c19b24cf', 'hemoglobin', 13.7, NULL, 'g/dL'::text, CURRENT_TIMESTAMP, 'final');
INSERT INTO observations (patient_id, observation_type, value_numeric, value_text, unit, observation_date, status)
VALUES ('27a25864-fd40-4202-b7af-8096c19b24cf', 'potassium', 4.1, NULL, 'mEq/L'::text, CURRENT_TIMESTAMP, 'final');
INSERT INTO observations (patient_id, observation_type, value_numeric, value_text, unit, observation_date, status)
VALUES ('27a25864-fd40-4202-b7af-8096c19b24cf', 'calcium', 9.5, NULL, 'mg/dL'::text, CURRENT_TIMESTAMP, 'final');
INSERT INTO observations (patient_id, observation_type, value_numeric, value_text, unit, observation_date, status)
VALUES ('27a25864-fd40-4202-b7af-8096c19b24cf', 'phosphorus', 3.4, NULL, 'mg/dL'::text, CURRENT_TIMESTAMP, 'final');
INSERT INTO observations (patient_id, observation_type, value_numeric, value_text, unit, observation_date, status)
VALUES ('27a25864-fd40-4202-b7af-8096c19b24cf', 'albumin', 4.2, NULL, 'g/dL'::text, CURRENT_TIMESTAMP, 'final');

-- Patient: Kenneth Young
INSERT INTO patients (
    id, medical_record_number, first_name, last_name, date_of_birth, gender, email, phone,
    weight, height, smoking_status, cvd_history, family_history_esrd,
    on_ras_inhibitor, on_sglt2i, nephrotoxic_meds, nephrologist_referral,
    diagnosis_date, last_visit_date, next_visit_date
) VALUES (
    '26ae8778-0bb6-41c6-bddc-7af2f643d728', 'MRN029'::text, 'Kenneth'::text, 'Young'::text,
    '1953-11-09', 'male'::text, 'kenneth.young@email.com'::text, '+1-555-0001',
    80.0, 171, 'Former'::text,
    true, false,
    true, true,
    false, true,
    '2018-11-10', '2025-11-05'::text, '2025-11-19'::text
);
INSERT INTO observations (patient_id, observation_type, value_numeric, value_text, unit, observation_date, status)
VALUES ('26ae8778-0bb6-41c6-bddc-7af2f643d728', 'eGFR', 13.0, NULL, 'mL/min/1.73m²'::text, CURRENT_TIMESTAMP, 'final');
INSERT INTO observations (patient_id, observation_type, value_numeric, value_text, unit, observation_date, status)
VALUES ('26ae8778-0bb6-41c6-bddc-7af2f643d728', 'eGFR_trend', NULL, 'down'::text, NULL, CURRENT_TIMESTAMP, 'final');
INSERT INTO observations (patient_id, observation_type, value_numeric, value_text, unit, observation_date, status)
VALUES ('26ae8778-0bb6-41c6-bddc-7af2f643d728', 'eGFR_change_percent', -16.2, NULL, '%'::text, CURRENT_TIMESTAMP, 'final');
INSERT INTO observations (patient_id, observation_type, value_numeric, value_text, unit, observation_date, status)
VALUES ('26ae8778-0bb6-41c6-bddc-7af2f643d728', 'serum_creatinine', 5.5, NULL, 'mg/dL'::text, CURRENT_TIMESTAMP, 'final');
INSERT INTO observations (patient_id, observation_type, value_numeric, value_text, unit, observation_date, status)
VALUES ('26ae8778-0bb6-41c6-bddc-7af2f643d728', 'BUN', 85, NULL, 'mg/dL'::text, CURRENT_TIMESTAMP, 'final');
INSERT INTO observations (patient_id, observation_type, value_numeric, value_text, unit, observation_date, status)
VALUES ('26ae8778-0bb6-41c6-bddc-7af2f643d728', 'uACR', 820.0, NULL, 'mg/g'::text, CURRENT_TIMESTAMP, 'final');
INSERT INTO observations (patient_id, observation_type, value_numeric, value_text, unit, observation_date, status)
VALUES ('26ae8778-0bb6-41c6-bddc-7af2f643d728', 'proteinuria_category', NULL, 'A3'::text, NULL, CURRENT_TIMESTAMP, 'final');
INSERT INTO observations (patient_id, observation_type, value_numeric, value_text, unit, observation_date, status)
VALUES ('26ae8778-0bb6-41c6-bddc-7af2f643d728', 'blood_pressure_systolic', 167, NULL, 'mmHg'::text, CURRENT_TIMESTAMP, 'final');
INSERT INTO observations (patient_id, observation_type, value_numeric, value_text, unit, observation_date, status)
VALUES ('26ae8778-0bb6-41c6-bddc-7af2f643d728', 'blood_pressure_diastolic', 101, NULL, 'mmHg'::text, CURRENT_TIMESTAMP, 'final');
INSERT INTO observations (patient_id, observation_type, value_numeric, value_text, unit, observation_date, status)
VALUES ('26ae8778-0bb6-41c6-bddc-7af2f643d728', 'HbA1c', 8.8, NULL, '%'::text, CURRENT_TIMESTAMP, 'final');
INSERT INTO observations (patient_id, observation_type, value_numeric, value_text, unit, observation_date, status)
VALUES ('26ae8778-0bb6-41c6-bddc-7af2f643d728', 'LDL_cholesterol', 158, NULL, 'mg/dL'::text, CURRENT_TIMESTAMP, 'final');
INSERT INTO observations (patient_id, observation_type, value_numeric, value_text, unit, observation_date, status)
VALUES ('26ae8778-0bb6-41c6-bddc-7af2f643d728', 'HDL_cholesterol', 31, NULL, 'mg/dL'::text, CURRENT_TIMESTAMP, 'final');
INSERT INTO observations (patient_id, observation_type, value_numeric, value_text, unit, observation_date, status)
VALUES ('26ae8778-0bb6-41c6-bddc-7af2f643d728', 'BMI', 27.3, NULL, 'kg/m²'::text, CURRENT_TIMESTAMP, 'final');
INSERT INTO observations (patient_id, observation_type, value_numeric, value_text, unit, observation_date, status)
VALUES ('26ae8778-0bb6-41c6-bddc-7af2f643d728', 'hemoglobin', 8.6, NULL, 'g/dL'::text, CURRENT_TIMESTAMP, 'final');
INSERT INTO observations (patient_id, observation_type, value_numeric, value_text, unit, observation_date, status)
VALUES ('26ae8778-0bb6-41c6-bddc-7af2f643d728', 'potassium', 6.1, NULL, 'mEq/L'::text, CURRENT_TIMESTAMP, 'final');
INSERT INTO observations (patient_id, observation_type, value_numeric, value_text, unit, observation_date, status)
VALUES ('26ae8778-0bb6-41c6-bddc-7af2f643d728', 'calcium', 8.2, NULL, 'mg/dL'::text, CURRENT_TIMESTAMP, 'final');
INSERT INTO observations (patient_id, observation_type, value_numeric, value_text, unit, observation_date, status)
VALUES ('26ae8778-0bb6-41c6-bddc-7af2f643d728', 'phosphorus', 6.7, NULL, 'mg/dL'::text, CURRENT_TIMESTAMP, 'final');
INSERT INTO observations (patient_id, observation_type, value_numeric, value_text, unit, observation_date, status)
VALUES ('26ae8778-0bb6-41c6-bddc-7af2f643d728', 'albumin', 2.8, NULL, 'g/dL'::text, CURRENT_TIMESTAMP, 'final');
INSERT INTO conditions (patient_id, condition_code, condition_name, clinical_status, onset_date, recorded_date, severity)
VALUES ('26ae8778-0bb6-41c6-bddc-7af2f643d728', 'E11.9', 'Type 2 Diabetes Mellitus', 'active', '2018-11-10', CURRENT_TIMESTAMP, 'moderate');
INSERT INTO conditions (patient_id, condition_code, condition_name, clinical_status, onset_date, recorded_date, severity)
VALUES ('26ae8778-0bb6-41c6-bddc-7af2f643d728', 'I10', 'Essential Hypertension', 'active', '2018-11-10', CURRENT_TIMESTAMP, 'moderate');
INSERT INTO conditions (patient_id, condition_code, condition_name, clinical_status, onset_date, recorded_date, severity)
VALUES ('26ae8778-0bb6-41c6-bddc-7af2f643d728', 'N18.5', 'Chronic Kidney Disease, Stage 5', 'active', '2018-11-10', CURRENT_TIMESTAMP, 'severe');
INSERT INTO conditions (patient_id, condition_code, condition_name, clinical_status, onset_date, recorded_date, severity)
VALUES ('26ae8778-0bb6-41c6-bddc-7af2f643d728', 'I25.10', 'Coronary Artery Disease', 'active', '2018-11-10', CURRENT_TIMESTAMP, 'moderate');

-- Patient: Helen Hernandez
INSERT INTO patients (
    id, medical_record_number, first_name, last_name, date_of_birth, gender, email, phone,
    weight, height, smoking_status, cvd_history, family_history_esrd,
    on_ras_inhibitor, on_sglt2i, nephrotoxic_meds, nephrologist_referral,
    diagnosis_date, last_visit_date, next_visit_date
) VALUES (
    'f1d22999-9966-4a9f-b554-a1a28386200a', 'MRN030'::text, 'Helen'::text, 'Hernandez'::text,
    '1988-11-09', 'female'::text, 'helen.hernandez@email.com'::text, '+1-555-0001',
    59.0, 164, 'Never'::text,
    false, false,
    false, false,
    false, false,
    NULL, '2025-09-10'::text, '2026-03-10'::text
);
INSERT INTO observations (patient_id, observation_type, value_numeric, value_text, unit, observation_date, status)
VALUES ('f1d22999-9966-4a9f-b554-a1a28386200a', 'eGFR', 106.0, NULL, 'mL/min/1.73m²'::text, CURRENT_TIMESTAMP, 'final');
INSERT INTO observations (patient_id, observation_type, value_numeric, value_text, unit, observation_date, status)
VALUES ('f1d22999-9966-4a9f-b554-a1a28386200a', 'eGFR_trend', NULL, 'stable'::text, NULL, CURRENT_TIMESTAMP, 'final');
INSERT INTO observations (patient_id, observation_type, value_numeric, value_text, unit, observation_date, status)
VALUES ('f1d22999-9966-4a9f-b554-a1a28386200a', 'eGFR_change_percent', 0.4, NULL, '%'::text, CURRENT_TIMESTAMP, 'final');
INSERT INTO observations (patient_id, observation_type, value_numeric, value_text, unit, observation_date, status)
VALUES ('f1d22999-9966-4a9f-b554-a1a28386200a', 'serum_creatinine', 0.78, NULL, 'mg/dL'::text, CURRENT_TIMESTAMP, 'final');
INSERT INTO observations (patient_id, observation_type, value_numeric, value_text, unit, observation_date, status)
VALUES ('f1d22999-9966-4a9f-b554-a1a28386200a', 'BUN', 13, NULL, 'mg/dL'::text, CURRENT_TIMESTAMP, 'final');
INSERT INTO observations (patient_id, observation_type, value_numeric, value_text, unit, observation_date, status)
VALUES ('f1d22999-9966-4a9f-b554-a1a28386200a', 'uACR', 26.0, NULL, 'mg/g'::text, CURRENT_TIMESTAMP, 'final');
INSERT INTO observations (patient_id, observation_type, value_numeric, value_text, unit, observation_date, status)
VALUES ('f1d22999-9966-4a9f-b554-a1a28386200a', 'proteinuria_category', NULL, 'A1'::text, NULL, CURRENT_TIMESTAMP, 'final');
INSERT INTO observations (patient_id, observation_type, value_numeric, value_text, unit, observation_date, status)
VALUES ('f1d22999-9966-4a9f-b554-a1a28386200a', 'blood_pressure_systolic', 114, NULL, 'mmHg'::text, CURRENT_TIMESTAMP, 'final');
INSERT INTO observations (patient_id, observation_type, value_numeric, value_text, unit, observation_date, status)
VALUES ('f1d22999-9966-4a9f-b554-a1a28386200a', 'blood_pressure_diastolic', 71, NULL, 'mmHg'::text, CURRENT_TIMESTAMP, 'final');
INSERT INTO observations (patient_id, observation_type, value_numeric, value_text, unit, observation_date, status)
VALUES ('f1d22999-9966-4a9f-b554-a1a28386200a', 'HbA1c', 5.0, NULL, '%'::text, CURRENT_TIMESTAMP, 'final');
INSERT INTO observations (patient_id, observation_type, value_numeric, value_text, unit, observation_date, status)
VALUES ('f1d22999-9966-4a9f-b554-a1a28386200a', 'LDL_cholesterol', 94, NULL, 'mg/dL'::text, CURRENT_TIMESTAMP, 'final');
INSERT INTO observations (patient_id, observation_type, value_numeric, value_text, unit, observation_date, status)
VALUES ('f1d22999-9966-4a9f-b554-a1a28386200a', 'HDL_cholesterol', 66, NULL, 'mg/dL'::text, CURRENT_TIMESTAMP, 'final');
INSERT INTO observations (patient_id, observation_type, value_numeric, value_text, unit, observation_date, status)
VALUES ('f1d22999-9966-4a9f-b554-a1a28386200a', 'BMI', 21.9, NULL, 'kg/m²'::text, CURRENT_TIMESTAMP, 'final');
INSERT INTO observations (patient_id, observation_type, value_numeric, value_text, unit, observation_date, status)
VALUES ('f1d22999-9966-4a9f-b554-a1a28386200a', 'hemoglobin', 14.1, NULL, 'g/dL'::text, CURRENT_TIMESTAMP, 'final');
INSERT INTO observations (patient_id, observation_type, value_numeric, value_text, unit, observation_date, status)
VALUES ('f1d22999-9966-4a9f-b554-a1a28386200a', 'potassium', 3.9, NULL, 'mEq/L'::text, CURRENT_TIMESTAMP, 'final');
INSERT INTO observations (patient_id, observation_type, value_numeric, value_text, unit, observation_date, status)
VALUES ('f1d22999-9966-4a9f-b554-a1a28386200a', 'calcium', 9.6, NULL, 'mg/dL'::text, CURRENT_TIMESTAMP, 'final');
INSERT INTO observations (patient_id, observation_type, value_numeric, value_text, unit, observation_date, status)
VALUES ('f1d22999-9966-4a9f-b554-a1a28386200a', 'phosphorus', 3.2, NULL, 'mg/dL'::text, CURRENT_TIMESTAMP, 'final');
INSERT INTO observations (patient_id, observation_type, value_numeric, value_text, unit, observation_date, status)
VALUES ('f1d22999-9966-4a9f-b554-a1a28386200a', 'albumin', 4.4, NULL, 'g/dL'::text, CURRENT_TIMESTAMP, 'final');
INSERT INTO conditions (patient_id, condition_code, condition_name, clinical_status, onset_date, recorded_date, severity)
VALUES ('f1d22999-9966-4a9f-b554-a1a28386200a', 'N18.1', 'Chronic Kidney Disease, Stage 1', 'active', NULL, CURRENT_TIMESTAMP, 'mild');

-- Patient: Brian King
INSERT INTO patients (
    id, medical_record_number, first_name, last_name, date_of_birth, gender, email, phone,
    weight, height, smoking_status, cvd_history, family_history_esrd,
    on_ras_inhibitor, on_sglt2i, nephrotoxic_meds, nephrologist_referral,
    diagnosis_date, last_visit_date, next_visit_date
) VALUES (
    '5cc2a89c-36cd-4f10-8b25-330baad5efc5', 'MRN031'::text, 'Brian'::text, 'King'::text,
    '1959-11-09', 'male'::text, 'brian.king@email.com'::text, '+1-555-0001',
    91.0, 176, 'Current'::text,
    true, false,
    true, false,
    true, true,
    '2021-11-09', '2025-10-24'::text, '2025-11-27'::text
);
INSERT INTO observations (patient_id, observation_type, value_numeric, value_text, unit, observation_date, status)
VALUES ('5cc2a89c-36cd-4f10-8b25-330baad5efc5', 'eGFR', 26.0, NULL, 'mL/min/1.73m²'::text, CURRENT_TIMESTAMP, 'final');
INSERT INTO observations (patient_id, observation_type, value_numeric, value_text, unit, observation_date, status)
VALUES ('5cc2a89c-36cd-4f10-8b25-330baad5efc5', 'eGFR_trend', NULL, 'down'::text, NULL, CURRENT_TIMESTAMP, 'final');
INSERT INTO observations (patient_id, observation_type, value_numeric, value_text, unit, observation_date, status)
VALUES ('5cc2a89c-36cd-4f10-8b25-330baad5efc5', 'eGFR_change_percent', -10.0, NULL, '%'::text, CURRENT_TIMESTAMP, 'final');
INSERT INTO observations (patient_id, observation_type, value_numeric, value_text, unit, observation_date, status)
VALUES ('5cc2a89c-36cd-4f10-8b25-330baad5efc5', 'serum_creatinine', 2.7, NULL, 'mg/dL'::text, CURRENT_TIMESTAMP, 'final');
INSERT INTO observations (patient_id, observation_type, value_numeric, value_text, unit, observation_date, status)
VALUES ('5cc2a89c-36cd-4f10-8b25-330baad5efc5', 'BUN', 50, NULL, 'mg/dL'::text, CURRENT_TIMESTAMP, 'final');
INSERT INTO observations (patient_id, observation_type, value_numeric, value_text, unit, observation_date, status)
VALUES ('5cc2a89c-36cd-4f10-8b25-330baad5efc5', 'uACR', 510.0, NULL, 'mg/g'::text, CURRENT_TIMESTAMP, 'final');
INSERT INTO observations (patient_id, observation_type, value_numeric, value_text, unit, observation_date, status)
VALUES ('5cc2a89c-36cd-4f10-8b25-330baad5efc5', 'proteinuria_category', NULL, 'A3'::text, NULL, CURRENT_TIMESTAMP, 'final');
INSERT INTO observations (patient_id, observation_type, value_numeric, value_text, unit, observation_date, status)
VALUES ('5cc2a89c-36cd-4f10-8b25-330baad5efc5', 'blood_pressure_systolic', 156, NULL, 'mmHg'::text, CURRENT_TIMESTAMP, 'final');
INSERT INTO observations (patient_id, observation_type, value_numeric, value_text, unit, observation_date, status)
VALUES ('5cc2a89c-36cd-4f10-8b25-330baad5efc5', 'blood_pressure_diastolic', 96, NULL, 'mmHg'::text, CURRENT_TIMESTAMP, 'final');
INSERT INTO observations (patient_id, observation_type, value_numeric, value_text, unit, observation_date, status)
VALUES ('5cc2a89c-36cd-4f10-8b25-330baad5efc5', 'HbA1c', 8.0, NULL, '%'::text, CURRENT_TIMESTAMP, 'final');
INSERT INTO observations (patient_id, observation_type, value_numeric, value_text, unit, observation_date, status)
VALUES ('5cc2a89c-36cd-4f10-8b25-330baad5efc5', 'LDL_cholesterol', 146, NULL, 'mg/dL'::text, CURRENT_TIMESTAMP, 'final');
INSERT INTO observations (patient_id, observation_type, value_numeric, value_text, unit, observation_date, status)
VALUES ('5cc2a89c-36cd-4f10-8b25-330baad5efc5', 'HDL_cholesterol', 38, NULL, 'mg/dL'::text, CURRENT_TIMESTAMP, 'final');
INSERT INTO observations (patient_id, observation_type, value_numeric, value_text, unit, observation_date, status)
VALUES ('5cc2a89c-36cd-4f10-8b25-330baad5efc5', 'BMI', 29.4, NULL, 'kg/m²'::text, CURRENT_TIMESTAMP, 'final');
INSERT INTO observations (patient_id, observation_type, value_numeric, value_text, unit, observation_date, status)
VALUES ('5cc2a89c-36cd-4f10-8b25-330baad5efc5', 'hemoglobin', 10.1, NULL, 'g/dL'::text, CURRENT_TIMESTAMP, 'final');
INSERT INTO observations (patient_id, observation_type, value_numeric, value_text, unit, observation_date, status)
VALUES ('5cc2a89c-36cd-4f10-8b25-330baad5efc5', 'potassium', 5.7, NULL, 'mEq/L'::text, CURRENT_TIMESTAMP, 'final');
INSERT INTO observations (patient_id, observation_type, value_numeric, value_text, unit, observation_date, status)
VALUES ('5cc2a89c-36cd-4f10-8b25-330baad5efc5', 'calcium', 8.8, NULL, 'mg/dL'::text, CURRENT_TIMESTAMP, 'final');
INSERT INTO observations (patient_id, observation_type, value_numeric, value_text, unit, observation_date, status)
VALUES ('5cc2a89c-36cd-4f10-8b25-330baad5efc5', 'phosphorus', 5.3, NULL, 'mg/dL'::text, CURRENT_TIMESTAMP, 'final');
INSERT INTO observations (patient_id, observation_type, value_numeric, value_text, unit, observation_date, status)
VALUES ('5cc2a89c-36cd-4f10-8b25-330baad5efc5', 'albumin', 3.2, NULL, 'g/dL'::text, CURRENT_TIMESTAMP, 'final');
INSERT INTO conditions (patient_id, condition_code, condition_name, clinical_status, onset_date, recorded_date, severity)
VALUES ('5cc2a89c-36cd-4f10-8b25-330baad5efc5', 'E11.9', 'Type 2 Diabetes Mellitus', 'active', '2021-11-09', CURRENT_TIMESTAMP, 'moderate');
INSERT INTO conditions (patient_id, condition_code, condition_name, clinical_status, onset_date, recorded_date, severity)
VALUES ('5cc2a89c-36cd-4f10-8b25-330baad5efc5', 'I10', 'Essential Hypertension', 'active', '2021-11-09', CURRENT_TIMESTAMP, 'moderate');
INSERT INTO conditions (patient_id, condition_code, condition_name, clinical_status, onset_date, recorded_date, severity)
VALUES ('5cc2a89c-36cd-4f10-8b25-330baad5efc5', 'N18.4', 'Chronic Kidney Disease, Stage 4', 'active', '2021-11-09', CURRENT_TIMESTAMP, 'severe');
INSERT INTO conditions (patient_id, condition_code, condition_name, clinical_status, onset_date, recorded_date, severity)
VALUES ('5cc2a89c-36cd-4f10-8b25-330baad5efc5', 'I25.10', 'Coronary Artery Disease', 'active', '2021-11-09', CURRENT_TIMESTAMP, 'moderate');

-- Patient: Carol Wright
INSERT INTO patients (
    id, medical_record_number, first_name, last_name, date_of_birth, gender, email, phone,
    weight, height, smoking_status, cvd_history, family_history_esrd,
    on_ras_inhibitor, on_sglt2i, nephrotoxic_meds, nephrologist_referral,
    diagnosis_date, last_visit_date, next_visit_date
) VALUES (
    '9db798c4-07d0-4490-a0a7-4bb52d89568b', 'MRN032'::text, 'Carol'::text, 'Wright'::text,
    '1965-11-09', 'female'::text, 'carol.wright@email.com'::text, '+1-555-0001',
    77.0, 160, 'Former'::text,
    false, false,
    true, true,
    false, false,
    '2023-05-11', '2025-10-11'::text, '2026-01-11'::text
);
INSERT INTO observations (patient_id, observation_type, value_numeric, value_text, unit, observation_date, status)
VALUES ('9db798c4-07d0-4490-a0a7-4bb52d89568b', 'eGFR', 51.0, NULL, 'mL/min/1.73m²'::text, CURRENT_TIMESTAMP, 'final');
INSERT INTO observations (patient_id, observation_type, value_numeric, value_text, unit, observation_date, status)
VALUES ('9db798c4-07d0-4490-a0a7-4bb52d89568b', 'eGFR_trend', NULL, 'stable'::text, NULL, CURRENT_TIMESTAMP, 'final');
INSERT INTO observations (patient_id, observation_type, value_numeric, value_text, unit, observation_date, status)
VALUES ('9db798c4-07d0-4490-a0a7-4bb52d89568b', 'eGFR_change_percent', -2.3, NULL, '%'::text, CURRENT_TIMESTAMP, 'final');
INSERT INTO observations (patient_id, observation_type, value_numeric, value_text, unit, observation_date, status)
VALUES ('9db798c4-07d0-4490-a0a7-4bb52d89568b', 'serum_creatinine', 1.62, NULL, 'mg/dL'::text, CURRENT_TIMESTAMP, 'final');
INSERT INTO observations (patient_id, observation_type, value_numeric, value_text, unit, observation_date, status)
VALUES ('9db798c4-07d0-4490-a0a7-4bb52d89568b', 'BUN', 34, NULL, 'mg/dL'::text, CURRENT_TIMESTAMP, 'final');
INSERT INTO observations (patient_id, observation_type, value_numeric, value_text, unit, observation_date, status)
VALUES ('9db798c4-07d0-4490-a0a7-4bb52d89568b', 'uACR', 175.0, NULL, 'mg/g'::text, CURRENT_TIMESTAMP, 'final');
INSERT INTO observations (patient_id, observation_type, value_numeric, value_text, unit, observation_date, status)
VALUES ('9db798c4-07d0-4490-a0a7-4bb52d89568b', 'proteinuria_category', NULL, 'A2'::text, NULL, CURRENT_TIMESTAMP, 'final');
INSERT INTO observations (patient_id, observation_type, value_numeric, value_text, unit, observation_date, status)
VALUES ('9db798c4-07d0-4490-a0a7-4bb52d89568b', 'blood_pressure_systolic', 144, NULL, 'mmHg'::text, CURRENT_TIMESTAMP, 'final');
INSERT INTO observations (patient_id, observation_type, value_numeric, value_text, unit, observation_date, status)
VALUES ('9db798c4-07d0-4490-a0a7-4bb52d89568b', 'blood_pressure_diastolic', 90, NULL, 'mmHg'::text, CURRENT_TIMESTAMP, 'final');
INSERT INTO observations (patient_id, observation_type, value_numeric, value_text, unit, observation_date, status)
VALUES ('9db798c4-07d0-4490-a0a7-4bb52d89568b', 'HbA1c', 7.2, NULL, '%'::text, CURRENT_TIMESTAMP, 'final');
INSERT INTO observations (patient_id, observation_type, value_numeric, value_text, unit, observation_date, status)
VALUES ('9db798c4-07d0-4490-a0a7-4bb52d89568b', 'LDL_cholesterol', 132, NULL, 'mg/dL'::text, CURRENT_TIMESTAMP, 'final');
INSERT INTO observations (patient_id, observation_type, value_numeric, value_text, unit, observation_date, status)
VALUES ('9db798c4-07d0-4490-a0a7-4bb52d89568b', 'HDL_cholesterol', 43, NULL, 'mg/dL'::text, CURRENT_TIMESTAMP, 'final');
INSERT INTO observations (patient_id, observation_type, value_numeric, value_text, unit, observation_date, status)
VALUES ('9db798c4-07d0-4490-a0a7-4bb52d89568b', 'BMI', 30.1, NULL, 'kg/m²'::text, CURRENT_TIMESTAMP, 'final');
INSERT INTO observations (patient_id, observation_type, value_numeric, value_text, unit, observation_date, status)
VALUES ('9db798c4-07d0-4490-a0a7-4bb52d89568b', 'hemoglobin', 11.6, NULL, 'g/dL'::text, CURRENT_TIMESTAMP, 'final');
INSERT INTO observations (patient_id, observation_type, value_numeric, value_text, unit, observation_date, status)
VALUES ('9db798c4-07d0-4490-a0a7-4bb52d89568b', 'potassium', 4.9, NULL, 'mEq/L'::text, CURRENT_TIMESTAMP, 'final');
INSERT INTO observations (patient_id, observation_type, value_numeric, value_text, unit, observation_date, status)
VALUES ('9db798c4-07d0-4490-a0a7-4bb52d89568b', 'calcium', 9.0, NULL, 'mg/dL'::text, CURRENT_TIMESTAMP, 'final');
INSERT INTO observations (patient_id, observation_type, value_numeric, value_text, unit, observation_date, status)
VALUES ('9db798c4-07d0-4490-a0a7-4bb52d89568b', 'phosphorus', 4.4, NULL, 'mg/dL'::text, CURRENT_TIMESTAMP, 'final');
INSERT INTO observations (patient_id, observation_type, value_numeric, value_text, unit, observation_date, status)
VALUES ('9db798c4-07d0-4490-a0a7-4bb52d89568b', 'albumin', 3.6, NULL, 'g/dL'::text, CURRENT_TIMESTAMP, 'final');
INSERT INTO conditions (patient_id, condition_code, condition_name, clinical_status, onset_date, recorded_date, severity)
VALUES ('9db798c4-07d0-4490-a0a7-4bb52d89568b', 'E11.9', 'Type 2 Diabetes Mellitus', 'active', '2023-05-11', CURRENT_TIMESTAMP, 'moderate');
INSERT INTO conditions (patient_id, condition_code, condition_name, clinical_status, onset_date, recorded_date, severity)
VALUES ('9db798c4-07d0-4490-a0a7-4bb52d89568b', 'I10', 'Essential Hypertension', 'active', '2023-05-11', CURRENT_TIMESTAMP, 'moderate');
INSERT INTO conditions (patient_id, condition_code, condition_name, clinical_status, onset_date, recorded_date, severity)
VALUES ('9db798c4-07d0-4490-a0a7-4bb52d89568b', 'N18.3', 'Chronic Kidney Disease, Stage 3', 'active', '2023-05-11', CURRENT_TIMESTAMP, 'moderate');

-- Patient: Ronald Lopez
INSERT INTO patients (
    id, medical_record_number, first_name, last_name, date_of_birth, gender, email, phone,
    weight, height, smoking_status, cvd_history, family_history_esrd,
    on_ras_inhibitor, on_sglt2i, nephrotoxic_meds, nephrologist_referral,
    diagnosis_date, last_visit_date, next_visit_date
) VALUES (
    '828c5491-179c-4ebe-8618-b0bb7a52cbf0', 'MRN033'::text, 'Ronald'::text, 'Lopez'::text,
    '1971-11-09', 'male'::text, 'ronald.lopez@email.com'::text, '+1-555-0001',
    83.0, 179, 'Never'::text,
    false, false,
    true, false,
    false, false,
    '2024-11-09', '2025-09-29'::text, '2026-03-29'::text
);
INSERT INTO observations (patient_id, observation_type, value_numeric, value_text, unit, observation_date, status)
VALUES ('828c5491-179c-4ebe-8618-b0bb7a52cbf0', 'eGFR', 71.0, NULL, 'mL/min/1.73m²'::text, CURRENT_TIMESTAMP, 'final');
INSERT INTO observations (patient_id, observation_type, value_numeric, value_text, unit, observation_date, status)
VALUES ('828c5491-179c-4ebe-8618-b0bb7a52cbf0', 'eGFR_trend', NULL, 'up'::text, NULL, CURRENT_TIMESTAMP, 'final');
INSERT INTO observations (patient_id, observation_type, value_numeric, value_text, unit, observation_date, status)
VALUES ('828c5491-179c-4ebe-8618-b0bb7a52cbf0', 'eGFR_change_percent', 3.0, NULL, '%'::text, CURRENT_TIMESTAMP, 'final');
INSERT INTO observations (patient_id, observation_type, value_numeric, value_text, unit, observation_date, status)
VALUES ('828c5491-179c-4ebe-8618-b0bb7a52cbf0', 'serum_creatinine', 1.12, NULL, 'mg/dL'::text, CURRENT_TIMESTAMP, 'final');
INSERT INTO observations (patient_id, observation_type, value_numeric, value_text, unit, observation_date, status)
VALUES ('828c5491-179c-4ebe-8618-b0bb7a52cbf0', 'BUN', 22, NULL, 'mg/dL'::text, CURRENT_TIMESTAMP, 'final');
INSERT INTO observations (patient_id, observation_type, value_numeric, value_text, unit, observation_date, status)
VALUES ('828c5491-179c-4ebe-8618-b0bb7a52cbf0', 'uACR', 58.0, NULL, 'mg/g'::text, CURRENT_TIMESTAMP, 'final');
INSERT INTO observations (patient_id, observation_type, value_numeric, value_text, unit, observation_date, status)
VALUES ('828c5491-179c-4ebe-8618-b0bb7a52cbf0', 'proteinuria_category', NULL, 'A2'::text, NULL, CURRENT_TIMESTAMP, 'final');
INSERT INTO observations (patient_id, observation_type, value_numeric, value_text, unit, observation_date, status)
VALUES ('828c5491-179c-4ebe-8618-b0bb7a52cbf0', 'blood_pressure_systolic', 129, NULL, 'mmHg'::text, CURRENT_TIMESTAMP, 'final');
INSERT INTO observations (patient_id, observation_type, value_numeric, value_text, unit, observation_date, status)
VALUES ('828c5491-179c-4ebe-8618-b0bb7a52cbf0', 'blood_pressure_diastolic', 82, NULL, 'mmHg'::text, CURRENT_TIMESTAMP, 'final');
INSERT INTO observations (patient_id, observation_type, value_numeric, value_text, unit, observation_date, status)
VALUES ('828c5491-179c-4ebe-8618-b0bb7a52cbf0', 'HbA1c', 6.2, NULL, '%'::text, CURRENT_TIMESTAMP, 'final');
INSERT INTO observations (patient_id, observation_type, value_numeric, value_text, unit, observation_date, status)
VALUES ('828c5491-179c-4ebe-8618-b0bb7a52cbf0', 'LDL_cholesterol', 113, NULL, 'mg/dL'::text, CURRENT_TIMESTAMP, 'final');
INSERT INTO observations (patient_id, observation_type, value_numeric, value_text, unit, observation_date, status)
VALUES ('828c5491-179c-4ebe-8618-b0bb7a52cbf0', 'HDL_cholesterol', 51, NULL, 'mg/dL'::text, CURRENT_TIMESTAMP, 'final');
INSERT INTO observations (patient_id, observation_type, value_numeric, value_text, unit, observation_date, status)
VALUES ('828c5491-179c-4ebe-8618-b0bb7a52cbf0', 'BMI', 25.9, NULL, 'kg/m²'::text, CURRENT_TIMESTAMP, 'final');
INSERT INTO observations (patient_id, observation_type, value_numeric, value_text, unit, observation_date, status)
VALUES ('828c5491-179c-4ebe-8618-b0bb7a52cbf0', 'hemoglobin', 13.2, NULL, 'g/dL'::text, CURRENT_TIMESTAMP, 'final');
INSERT INTO observations (patient_id, observation_type, value_numeric, value_text, unit, observation_date, status)
VALUES ('828c5491-179c-4ebe-8618-b0bb7a52cbf0', 'potassium', 4.4, NULL, 'mEq/L'::text, CURRENT_TIMESTAMP, 'final');
INSERT INTO observations (patient_id, observation_type, value_numeric, value_text, unit, observation_date, status)
VALUES ('828c5491-179c-4ebe-8618-b0bb7a52cbf0', 'calcium', 9.3, NULL, 'mg/dL'::text, CURRENT_TIMESTAMP, 'final');
INSERT INTO observations (patient_id, observation_type, value_numeric, value_text, unit, observation_date, status)
VALUES ('828c5491-179c-4ebe-8618-b0bb7a52cbf0', 'phosphorus', 3.8, NULL, 'mg/dL'::text, CURRENT_TIMESTAMP, 'final');
INSERT INTO observations (patient_id, observation_type, value_numeric, value_text, unit, observation_date, status)
VALUES ('828c5491-179c-4ebe-8618-b0bb7a52cbf0', 'albumin', 3.9, NULL, 'g/dL'::text, CURRENT_TIMESTAMP, 'final');
INSERT INTO conditions (patient_id, condition_code, condition_name, clinical_status, onset_date, recorded_date, severity)
VALUES ('828c5491-179c-4ebe-8618-b0bb7a52cbf0', 'I10', 'Essential Hypertension', 'active', '2024-11-09', CURRENT_TIMESTAMP, 'moderate');
INSERT INTO conditions (patient_id, condition_code, condition_name, clinical_status, onset_date, recorded_date, severity)
VALUES ('828c5491-179c-4ebe-8618-b0bb7a52cbf0', 'N18.2', 'Chronic Kidney Disease, Stage 2', 'active', '2024-11-09', CURRENT_TIMESTAMP, 'mild');

-- Patient: Shirley Hill
INSERT INTO patients (
    id, medical_record_number, first_name, last_name, date_of_birth, gender, email, phone,
    weight, height, smoking_status, cvd_history, family_history_esrd,
    on_ras_inhibitor, on_sglt2i, nephrotoxic_meds, nephrologist_referral,
    diagnosis_date, last_visit_date, next_visit_date
) VALUES (
    'ceb3d9f1-cdfa-4711-ad0f-c1e7ef69cc44', 'MRN034'::text, 'Shirley'::text, 'Hill'::text,
    '1978-11-09', 'female'::text, 'shirley.hill@email.com'::text, '+1-555-0001',
    66.0, 166, 'Never'::text,
    false, false,
    true, false,
    false, false,
    NULL, '2025-10-17'::text, '2026-04-17'::text
);
INSERT INTO observations (patient_id, observation_type, value_numeric, value_text, unit, observation_date, status)
VALUES ('ceb3d9f1-cdfa-4711-ad0f-c1e7ef69cc44', 'eGFR', 97.0, NULL, 'mL/min/1.73m²'::text, CURRENT_TIMESTAMP, 'final');
INSERT INTO observations (patient_id, observation_type, value_numeric, value_text, unit, observation_date, status)
VALUES ('ceb3d9f1-cdfa-4711-ad0f-c1e7ef69cc44', 'eGFR_trend', NULL, 'stable'::text, NULL, CURRENT_TIMESTAMP, 'final');
INSERT INTO observations (patient_id, observation_type, value_numeric, value_text, unit, observation_date, status)
VALUES ('ceb3d9f1-cdfa-4711-ad0f-c1e7ef69cc44', 'eGFR_change_percent', 0.7, NULL, '%'::text, CURRENT_TIMESTAMP, 'final');
INSERT INTO observations (patient_id, observation_type, value_numeric, value_text, unit, observation_date, status)
VALUES ('ceb3d9f1-cdfa-4711-ad0f-c1e7ef69cc44', 'serum_creatinine', 0.84, NULL, 'mg/dL'::text, CURRENT_TIMESTAMP, 'final');
INSERT INTO observations (patient_id, observation_type, value_numeric, value_text, unit, observation_date, status)
VALUES ('ceb3d9f1-cdfa-4711-ad0f-c1e7ef69cc44', 'BUN', 16, NULL, 'mg/dL'::text, CURRENT_TIMESTAMP, 'final');
INSERT INTO observations (patient_id, observation_type, value_numeric, value_text, unit, observation_date, status)
VALUES ('ceb3d9f1-cdfa-4711-ad0f-c1e7ef69cc44', 'uACR', 17.0, NULL, 'mg/g'::text, CURRENT_TIMESTAMP, 'final');
INSERT INTO observations (patient_id, observation_type, value_numeric, value_text, unit, observation_date, status)
VALUES ('ceb3d9f1-cdfa-4711-ad0f-c1e7ef69cc44', 'proteinuria_category', NULL, 'A1'::text, NULL, CURRENT_TIMESTAMP, 'final');
INSERT INTO observations (patient_id, observation_type, value_numeric, value_text, unit, observation_date, status)
VALUES ('ceb3d9f1-cdfa-4711-ad0f-c1e7ef69cc44', 'blood_pressure_systolic', 121, NULL, 'mmHg'::text, CURRENT_TIMESTAMP, 'final');
INSERT INTO observations (patient_id, observation_type, value_numeric, value_text, unit, observation_date, status)
VALUES ('ceb3d9f1-cdfa-4711-ad0f-c1e7ef69cc44', 'blood_pressure_diastolic', 76, NULL, 'mmHg'::text, CURRENT_TIMESTAMP, 'final');
INSERT INTO observations (patient_id, observation_type, value_numeric, value_text, unit, observation_date, status)
VALUES ('ceb3d9f1-cdfa-4711-ad0f-c1e7ef69cc44', 'HbA1c', 5.3, NULL, '%'::text, CURRENT_TIMESTAMP, 'final');
INSERT INTO observations (patient_id, observation_type, value_numeric, value_text, unit, observation_date, status)
VALUES ('ceb3d9f1-cdfa-4711-ad0f-c1e7ef69cc44', 'LDL_cholesterol', 104, NULL, 'mg/dL'::text, CURRENT_TIMESTAMP, 'final');
INSERT INTO observations (patient_id, observation_type, value_numeric, value_text, unit, observation_date, status)
VALUES ('ceb3d9f1-cdfa-4711-ad0f-c1e7ef69cc44', 'HDL_cholesterol', 61, NULL, 'mg/dL'::text, CURRENT_TIMESTAMP, 'final');
INSERT INTO observations (patient_id, observation_type, value_numeric, value_text, unit, observation_date, status)
VALUES ('ceb3d9f1-cdfa-4711-ad0f-c1e7ef69cc44', 'BMI', 23.9, NULL, 'kg/m²'::text, CURRENT_TIMESTAMP, 'final');
INSERT INTO observations (patient_id, observation_type, value_numeric, value_text, unit, observation_date, status)
VALUES ('ceb3d9f1-cdfa-4711-ad0f-c1e7ef69cc44', 'hemoglobin', 13.6, NULL, 'g/dL'::text, CURRENT_TIMESTAMP, 'final');
INSERT INTO observations (patient_id, observation_type, value_numeric, value_text, unit, observation_date, status)
VALUES ('ceb3d9f1-cdfa-4711-ad0f-c1e7ef69cc44', 'potassium', 4.2, NULL, 'mEq/L'::text, CURRENT_TIMESTAMP, 'final');
INSERT INTO observations (patient_id, observation_type, value_numeric, value_text, unit, observation_date, status)
VALUES ('ceb3d9f1-cdfa-4711-ad0f-c1e7ef69cc44', 'calcium', 9.4, NULL, 'mg/dL'::text, CURRENT_TIMESTAMP, 'final');
INSERT INTO observations (patient_id, observation_type, value_numeric, value_text, unit, observation_date, status)
VALUES ('ceb3d9f1-cdfa-4711-ad0f-c1e7ef69cc44', 'phosphorus', 3.5, NULL, 'mg/dL'::text, CURRENT_TIMESTAMP, 'final');
INSERT INTO observations (patient_id, observation_type, value_numeric, value_text, unit, observation_date, status)
VALUES ('ceb3d9f1-cdfa-4711-ad0f-c1e7ef69cc44', 'albumin', 4.1, NULL, 'g/dL'::text, CURRENT_TIMESTAMP, 'final');
INSERT INTO conditions (patient_id, condition_code, condition_name, clinical_status, onset_date, recorded_date, severity)
VALUES ('ceb3d9f1-cdfa-4711-ad0f-c1e7ef69cc44', 'I10', 'Essential Hypertension', 'active', NULL, CURRENT_TIMESTAMP, 'moderate');

-- Patient: George Scott
INSERT INTO patients (
    id, medical_record_number, first_name, last_name, date_of_birth, gender, email, phone,
    weight, height, smoking_status, cvd_history, family_history_esrd,
    on_ras_inhibitor, on_sglt2i, nephrotoxic_meds, nephrologist_referral,
    diagnosis_date, last_visit_date, next_visit_date
) VALUES (
    'd11685f9-2241-4388-ad65-092abe932c0e', 'MRN035'::text, 'George'::text, 'Scott'::text,
    '1951-11-09', 'male'::text, 'george.scott@email.com'::text, '+1-555-0001',
    74.0, 168, 'Former'::text,
    true, true,
    true, false,
    false, true,
    '2017-05-11', '2025-11-06'::text, '2025-11-13'::text
);
INSERT INTO observations (patient_id, observation_type, value_numeric, value_text, unit, observation_date, status)
VALUES ('d11685f9-2241-4388-ad65-092abe932c0e', 'eGFR', 9.0, NULL, 'mL/min/1.73m²'::text, CURRENT_TIMESTAMP, 'final');
INSERT INTO observations (patient_id, observation_type, value_numeric, value_text, unit, observation_date, status)
VALUES ('d11685f9-2241-4388-ad65-092abe932c0e', 'eGFR_trend', NULL, 'down'::text, NULL, CURRENT_TIMESTAMP, 'final');
INSERT INTO observations (patient_id, observation_type, value_numeric, value_text, unit, observation_date, status)
VALUES ('d11685f9-2241-4388-ad65-092abe932c0e', 'eGFR_change_percent', -19.0, NULL, '%'::text, CURRENT_TIMESTAMP, 'final');
INSERT INTO observations (patient_id, observation_type, value_numeric, value_text, unit, observation_date, status)
VALUES ('d11685f9-2241-4388-ad65-092abe932c0e', 'serum_creatinine', 6.5, NULL, 'mg/dL'::text, CURRENT_TIMESTAMP, 'final');
INSERT INTO observations (patient_id, observation_type, value_numeric, value_text, unit, observation_date, status)
VALUES ('d11685f9-2241-4388-ad65-092abe932c0e', 'BUN', 98, NULL, 'mg/dL'::text, CURRENT_TIMESTAMP, 'final');
INSERT INTO observations (patient_id, observation_type, value_numeric, value_text, unit, observation_date, status)
VALUES ('d11685f9-2241-4388-ad65-092abe932c0e', 'uACR', 950.0, NULL, 'mg/g'::text, CURRENT_TIMESTAMP, 'final');
INSERT INTO observations (patient_id, observation_type, value_numeric, value_text, unit, observation_date, status)
VALUES ('d11685f9-2241-4388-ad65-092abe932c0e', 'proteinuria_category', NULL, 'A3'::text, NULL, CURRENT_TIMESTAMP, 'final');
INSERT INTO observations (patient_id, observation_type, value_numeric, value_text, unit, observation_date, status)
VALUES ('d11685f9-2241-4388-ad65-092abe932c0e', 'blood_pressure_systolic', 174, NULL, 'mmHg'::text, CURRENT_TIMESTAMP, 'final');
INSERT INTO observations (patient_id, observation_type, value_numeric, value_text, unit, observation_date, status)
VALUES ('d11685f9-2241-4388-ad65-092abe932c0e', 'blood_pressure_diastolic', 106, NULL, 'mmHg'::text, CURRENT_TIMESTAMP, 'final');
INSERT INTO observations (patient_id, observation_type, value_numeric, value_text, unit, observation_date, status)
VALUES ('d11685f9-2241-4388-ad65-092abe932c0e', 'HbA1c', 9.2, NULL, '%'::text, CURRENT_TIMESTAMP, 'final');
INSERT INTO observations (patient_id, observation_type, value_numeric, value_text, unit, observation_date, status)
VALUES ('d11685f9-2241-4388-ad65-092abe932c0e', 'LDL_cholesterol', 168, NULL, 'mg/dL'::text, CURRENT_TIMESTAMP, 'final');
INSERT INTO observations (patient_id, observation_type, value_numeric, value_text, unit, observation_date, status)
VALUES ('d11685f9-2241-4388-ad65-092abe932c0e', 'HDL_cholesterol', 27, NULL, 'mg/dL'::text, CURRENT_TIMESTAMP, 'final');
INSERT INTO observations (patient_id, observation_type, value_numeric, value_text, unit, observation_date, status)
VALUES ('d11685f9-2241-4388-ad65-092abe932c0e', 'BMI', 26.2, NULL, 'kg/m²'::text, CURRENT_TIMESTAMP, 'final');
INSERT INTO observations (patient_id, observation_type, value_numeric, value_text, unit, observation_date, status)
VALUES ('d11685f9-2241-4388-ad65-092abe932c0e', 'hemoglobin', 8.0, NULL, 'g/dL'::text, CURRENT_TIMESTAMP, 'final');
INSERT INTO observations (patient_id, observation_type, value_numeric, value_text, unit, observation_date, status)
VALUES ('d11685f9-2241-4388-ad65-092abe932c0e', 'potassium', 6.6, NULL, 'mEq/L'::text, CURRENT_TIMESTAMP, 'final');
INSERT INTO observations (patient_id, observation_type, value_numeric, value_text, unit, observation_date, status)
VALUES ('d11685f9-2241-4388-ad65-092abe932c0e', 'calcium', 7.9, NULL, 'mg/dL'::text, CURRENT_TIMESTAMP, 'final');
INSERT INTO observations (patient_id, observation_type, value_numeric, value_text, unit, observation_date, status)
VALUES ('d11685f9-2241-4388-ad65-092abe932c0e', 'phosphorus', 7.5, NULL, 'mg/dL'::text, CURRENT_TIMESTAMP, 'final');
INSERT INTO observations (patient_id, observation_type, value_numeric, value_text, unit, observation_date, status)
VALUES ('d11685f9-2241-4388-ad65-092abe932c0e', 'albumin', 2.5, NULL, 'g/dL'::text, CURRENT_TIMESTAMP, 'final');
INSERT INTO conditions (patient_id, condition_code, condition_name, clinical_status, onset_date, recorded_date, severity)
VALUES ('d11685f9-2241-4388-ad65-092abe932c0e', 'E11.9', 'Type 2 Diabetes Mellitus', 'active', '2017-05-11', CURRENT_TIMESTAMP, 'moderate');
INSERT INTO conditions (patient_id, condition_code, condition_name, clinical_status, onset_date, recorded_date, severity)
VALUES ('d11685f9-2241-4388-ad65-092abe932c0e', 'I10', 'Essential Hypertension', 'active', '2017-05-11', CURRENT_TIMESTAMP, 'moderate');
INSERT INTO conditions (patient_id, condition_code, condition_name, clinical_status, onset_date, recorded_date, severity)
VALUES ('d11685f9-2241-4388-ad65-092abe932c0e', 'N18.5', 'Chronic Kidney Disease, Stage 5', 'active', '2017-05-11', CURRENT_TIMESTAMP, 'severe');
INSERT INTO conditions (patient_id, condition_code, condition_name, clinical_status, onset_date, recorded_date, severity)
VALUES ('d11685f9-2241-4388-ad65-092abe932c0e', 'I25.10', 'Coronary Artery Disease', 'active', '2017-05-11', CURRENT_TIMESTAMP, 'moderate');

-- Patient: Ruth Green
INSERT INTO patients (
    id, medical_record_number, first_name, last_name, date_of_birth, gender, email, phone,
    weight, height, smoking_status, cvd_history, family_history_esrd,
    on_ras_inhibitor, on_sglt2i, nephrotoxic_meds, nephrologist_referral,
    diagnosis_date, last_visit_date, next_visit_date
) VALUES (
    'd8fb018c-a3cf-48f9-87cc-4bd2c414257a', 'MRN036'::text, 'Ruth'::text, 'Green'::text,
    '1984-11-09', 'female'::text, 'ruth.green@email.com'::text, '+1-555-0001',
    60.0, 161, 'Never'::text,
    false, false,
    false, false,
    false, false,
    NULL, '2025-09-19'::text, '2026-03-19'::text
);
INSERT INTO observations (patient_id, observation_type, value_numeric, value_text, unit, observation_date, status)
VALUES ('d8fb018c-a3cf-48f9-87cc-4bd2c414257a', 'eGFR', 103.0, NULL, 'mL/min/1.73m²'::text, CURRENT_TIMESTAMP, 'final');
INSERT INTO observations (patient_id, observation_type, value_numeric, value_text, unit, observation_date, status)
VALUES ('d8fb018c-a3cf-48f9-87cc-4bd2c414257a', 'eGFR_trend', NULL, 'stable'::text, NULL, CURRENT_TIMESTAMP, 'final');
INSERT INTO observations (patient_id, observation_type, value_numeric, value_text, unit, observation_date, status)
VALUES ('d8fb018c-a3cf-48f9-87cc-4bd2c414257a', 'eGFR_change_percent', 0.6, NULL, '%'::text, CURRENT_TIMESTAMP, 'final');
INSERT INTO observations (patient_id, observation_type, value_numeric, value_text, unit, observation_date, status)
VALUES ('d8fb018c-a3cf-48f9-87cc-4bd2c414257a', 'serum_creatinine', 0.81, NULL, 'mg/dL'::text, CURRENT_TIMESTAMP, 'final');
INSERT INTO observations (patient_id, observation_type, value_numeric, value_text, unit, observation_date, status)
VALUES ('d8fb018c-a3cf-48f9-87cc-4bd2c414257a', 'BUN', 14, NULL, 'mg/dL'::text, CURRENT_TIMESTAMP, 'final');
INSERT INTO observations (patient_id, observation_type, value_numeric, value_text, unit, observation_date, status)
VALUES ('d8fb018c-a3cf-48f9-87cc-4bd2c414257a', 'uACR', 23.0, NULL, 'mg/g'::text, CURRENT_TIMESTAMP, 'final');
INSERT INTO observations (patient_id, observation_type, value_numeric, value_text, unit, observation_date, status)
VALUES ('d8fb018c-a3cf-48f9-87cc-4bd2c414257a', 'proteinuria_category', NULL, 'A1'::text, NULL, CURRENT_TIMESTAMP, 'final');
INSERT INTO observations (patient_id, observation_type, value_numeric, value_text, unit, observation_date, status)
VALUES ('d8fb018c-a3cf-48f9-87cc-4bd2c414257a', 'blood_pressure_systolic', 117, NULL, 'mmHg'::text, CURRENT_TIMESTAMP, 'final');
INSERT INTO observations (patient_id, observation_type, value_numeric, value_text, unit, observation_date, status)
VALUES ('d8fb018c-a3cf-48f9-87cc-4bd2c414257a', 'blood_pressure_diastolic', 72, NULL, 'mmHg'::text, CURRENT_TIMESTAMP, 'final');
INSERT INTO observations (patient_id, observation_type, value_numeric, value_text, unit, observation_date, status)
VALUES ('d8fb018c-a3cf-48f9-87cc-4bd2c414257a', 'HbA1c', 5.1, NULL, '%'::text, CURRENT_TIMESTAMP, 'final');
INSERT INTO observations (patient_id, observation_type, value_numeric, value_text, unit, observation_date, status)
VALUES ('d8fb018c-a3cf-48f9-87cc-4bd2c414257a', 'LDL_cholesterol', 96, NULL, 'mg/dL'::text, CURRENT_TIMESTAMP, 'final');
INSERT INTO observations (patient_id, observation_type, value_numeric, value_text, unit, observation_date, status)
VALUES ('d8fb018c-a3cf-48f9-87cc-4bd2c414257a', 'HDL_cholesterol', 65, NULL, 'mg/dL'::text, CURRENT_TIMESTAMP, 'final');
INSERT INTO observations (patient_id, observation_type, value_numeric, value_text, unit, observation_date, status)
VALUES ('d8fb018c-a3cf-48f9-87cc-4bd2c414257a', 'BMI', 23.1, NULL, 'kg/m²'::text, CURRENT_TIMESTAMP, 'final');
INSERT INTO observations (patient_id, observation_type, value_numeric, value_text, unit, observation_date, status)
VALUES ('d8fb018c-a3cf-48f9-87cc-4bd2c414257a', 'hemoglobin', 13.9, NULL, 'g/dL'::text, CURRENT_TIMESTAMP, 'final');
INSERT INTO observations (patient_id, observation_type, value_numeric, value_text, unit, observation_date, status)
VALUES ('d8fb018c-a3cf-48f9-87cc-4bd2c414257a', 'potassium', 4.0, NULL, 'mEq/L'::text, CURRENT_TIMESTAMP, 'final');
INSERT INTO observations (patient_id, observation_type, value_numeric, value_text, unit, observation_date, status)
VALUES ('d8fb018c-a3cf-48f9-87cc-4bd2c414257a', 'calcium', 9.6, NULL, 'mg/dL'::text, CURRENT_TIMESTAMP, 'final');
INSERT INTO observations (patient_id, observation_type, value_numeric, value_text, unit, observation_date, status)
VALUES ('d8fb018c-a3cf-48f9-87cc-4bd2c414257a', 'phosphorus', 3.3, NULL, 'mg/dL'::text, CURRENT_TIMESTAMP, 'final');
INSERT INTO observations (patient_id, observation_type, value_numeric, value_text, unit, observation_date, status)
VALUES ('d8fb018c-a3cf-48f9-87cc-4bd2c414257a', 'albumin', 4.3, NULL, 'g/dL'::text, CURRENT_TIMESTAMP, 'final');
INSERT INTO conditions (patient_id, condition_code, condition_name, clinical_status, onset_date, recorded_date, severity)
VALUES ('d8fb018c-a3cf-48f9-87cc-4bd2c414257a', 'N18.1', 'Chronic Kidney Disease, Stage 1', 'active', NULL, CURRENT_TIMESTAMP, 'mild');

-- Patient: Jason Baker
INSERT INTO patients (
    id, medical_record_number, first_name, last_name, date_of_birth, gender, email, phone,
    weight, height, smoking_status, cvd_history, family_history_esrd,
    on_ras_inhibitor, on_sglt2i, nephrotoxic_meds, nephrologist_referral,
    diagnosis_date, last_visit_date, next_visit_date
) VALUES (
    '70781b3d-a2c8-423e-88df-1f7bab3161c0', 'MRN037'::text, 'Jason'::text, 'Baker'::text,
    '1964-11-09', 'male'::text, 'jason.baker@email.com'::text, '+1-555-0001',
    93.0, 174, 'Former'::text,
    false, false,
    true, true,
    false, false,
    '2022-05-11', '2025-10-26'::text, '2025-11-29'::text
);
INSERT INTO observations (patient_id, observation_type, value_numeric, value_text, unit, observation_date, status)
VALUES ('70781b3d-a2c8-423e-88df-1f7bab3161c0', 'eGFR', 29.0, NULL, 'mL/min/1.73m²'::text, CURRENT_TIMESTAMP, 'final');
INSERT INTO observations (patient_id, observation_type, value_numeric, value_text, unit, observation_date, status)
VALUES ('70781b3d-a2c8-423e-88df-1f7bab3161c0', 'eGFR_trend', NULL, 'down'::text, NULL, CURRENT_TIMESTAMP, 'final');
INSERT INTO observations (patient_id, observation_type, value_numeric, value_text, unit, observation_date, status)
VALUES ('70781b3d-a2c8-423e-88df-1f7bab3161c0', 'eGFR_change_percent', -8.8, NULL, '%'::text, CURRENT_TIMESTAMP, 'final');
INSERT INTO observations (patient_id, observation_type, value_numeric, value_text, unit, observation_date, status)
VALUES ('70781b3d-a2c8-423e-88df-1f7bab3161c0', 'serum_creatinine', 2.5, NULL, 'mg/dL'::text, CURRENT_TIMESTAMP, 'final');
INSERT INTO observations (patient_id, observation_type, value_numeric, value_text, unit, observation_date, status)
VALUES ('70781b3d-a2c8-423e-88df-1f7bab3161c0', 'BUN', 46, NULL, 'mg/dL'::text, CURRENT_TIMESTAMP, 'final');
INSERT INTO observations (patient_id, observation_type, value_numeric, value_text, unit, observation_date, status)
VALUES ('70781b3d-a2c8-423e-88df-1f7bab3161c0', 'uACR', 470.0, NULL, 'mg/g'::text, CURRENT_TIMESTAMP, 'final');
INSERT INTO observations (patient_id, observation_type, value_numeric, value_text, unit, observation_date, status)
VALUES ('70781b3d-a2c8-423e-88df-1f7bab3161c0', 'proteinuria_category', NULL, 'A3'::text, NULL, CURRENT_TIMESTAMP, 'final');
INSERT INTO observations (patient_id, observation_type, value_numeric, value_text, unit, observation_date, status)
VALUES ('70781b3d-a2c8-423e-88df-1f7bab3161c0', 'blood_pressure_systolic', 153, NULL, 'mmHg'::text, CURRENT_TIMESTAMP, 'final');
INSERT INTO observations (patient_id, observation_type, value_numeric, value_text, unit, observation_date, status)
VALUES ('70781b3d-a2c8-423e-88df-1f7bab3161c0', 'blood_pressure_diastolic', 94, NULL, 'mmHg'::text, CURRENT_TIMESTAMP, 'final');
INSERT INTO observations (patient_id, observation_type, value_numeric, value_text, unit, observation_date, status)
VALUES ('70781b3d-a2c8-423e-88df-1f7bab3161c0', 'HbA1c', 7.7, NULL, '%'::text, CURRENT_TIMESTAMP, 'final');
INSERT INTO observations (patient_id, observation_type, value_numeric, value_text, unit, observation_date, status)
VALUES ('70781b3d-a2c8-423e-88df-1f7bab3161c0', 'LDL_cholesterol', 143, NULL, 'mg/dL'::text, CURRENT_TIMESTAMP, 'final');
INSERT INTO observations (patient_id, observation_type, value_numeric, value_text, unit, observation_date, status)
VALUES ('70781b3d-a2c8-423e-88df-1f7bab3161c0', 'HDL_cholesterol', 39, NULL, 'mg/dL'::text, CURRENT_TIMESTAMP, 'final');
INSERT INTO observations (patient_id, observation_type, value_numeric, value_text, unit, observation_date, status)
VALUES ('70781b3d-a2c8-423e-88df-1f7bab3161c0', 'BMI', 30.7, NULL, 'kg/m²'::text, CURRENT_TIMESTAMP, 'final');
INSERT INTO observations (patient_id, observation_type, value_numeric, value_text, unit, observation_date, status)
VALUES ('70781b3d-a2c8-423e-88df-1f7bab3161c0', 'hemoglobin', 10.3, NULL, 'g/dL'::text, CURRENT_TIMESTAMP, 'final');
INSERT INTO observations (patient_id, observation_type, value_numeric, value_text, unit, observation_date, status)
VALUES ('70781b3d-a2c8-423e-88df-1f7bab3161c0', 'potassium', 5.6, NULL, 'mEq/L'::text, CURRENT_TIMESTAMP, 'final');
INSERT INTO observations (patient_id, observation_type, value_numeric, value_text, unit, observation_date, status)
VALUES ('70781b3d-a2c8-423e-88df-1f7bab3161c0', 'calcium', 8.9, NULL, 'mg/dL'::text, CURRENT_TIMESTAMP, 'final');
INSERT INTO observations (patient_id, observation_type, value_numeric, value_text, unit, observation_date, status)
VALUES ('70781b3d-a2c8-423e-88df-1f7bab3161c0', 'phosphorus', 5.1, NULL, 'mg/dL'::text, CURRENT_TIMESTAMP, 'final');
INSERT INTO observations (patient_id, observation_type, value_numeric, value_text, unit, observation_date, status)
VALUES ('70781b3d-a2c8-423e-88df-1f7bab3161c0', 'albumin', 3.3, NULL, 'g/dL'::text, CURRENT_TIMESTAMP, 'final');
INSERT INTO conditions (patient_id, condition_code, condition_name, clinical_status, onset_date, recorded_date, severity)
VALUES ('70781b3d-a2c8-423e-88df-1f7bab3161c0', 'E11.9', 'Type 2 Diabetes Mellitus', 'active', '2022-05-11', CURRENT_TIMESTAMP, 'moderate');
INSERT INTO conditions (patient_id, condition_code, condition_name, clinical_status, onset_date, recorded_date, severity)
VALUES ('70781b3d-a2c8-423e-88df-1f7bab3161c0', 'I10', 'Essential Hypertension', 'active', '2022-05-11', CURRENT_TIMESTAMP, 'moderate');
INSERT INTO conditions (patient_id, condition_code, condition_name, clinical_status, onset_date, recorded_date, severity)
VALUES ('70781b3d-a2c8-423e-88df-1f7bab3161c0', 'N18.4', 'Chronic Kidney Disease, Stage 4', 'active', '2022-05-11', CURRENT_TIMESTAMP, 'severe');

-- Patient: Sharon Adams
INSERT INTO patients (
    id, medical_record_number, first_name, last_name, date_of_birth, gender, email, phone,
    weight, height, smoking_status, cvd_history, family_history_esrd,
    on_ras_inhibitor, on_sglt2i, nephrotoxic_meds, nephrologist_referral,
    diagnosis_date, last_visit_date, next_visit_date
) VALUES (
    '3f4fd221-4576-4f24-892b-712bdc64be17', 'MRN038'::text, 'Sharon'::text, 'Adams'::text,
    '1967-11-09', 'female'::text, 'sharon.adams@email.com'::text, '+1-555-0001',
    74.0, 163, 'Never'::text,
    false, false,
    true, true,
    false, false,
    '2023-11-10', '2025-10-07'::text, '2026-01-07'::text
);
INSERT INTO observations (patient_id, observation_type, value_numeric, value_text, unit, observation_date, status)
VALUES ('3f4fd221-4576-4f24-892b-712bdc64be17', 'eGFR', 54.0, NULL, 'mL/min/1.73m²'::text, CURRENT_TIMESTAMP, 'final');
INSERT INTO observations (patient_id, observation_type, value_numeric, value_text, unit, observation_date, status)
VALUES ('3f4fd221-4576-4f24-892b-712bdc64be17', 'eGFR_trend', NULL, 'stable'::text, NULL, CURRENT_TIMESTAMP, 'final');
INSERT INTO observations (patient_id, observation_type, value_numeric, value_text, unit, observation_date, status)
VALUES ('3f4fd221-4576-4f24-892b-712bdc64be17', 'eGFR_change_percent', -1.7, NULL, '%'::text, CURRENT_TIMESTAMP, 'final');
INSERT INTO observations (patient_id, observation_type, value_numeric, value_text, unit, observation_date, status)
VALUES ('3f4fd221-4576-4f24-892b-712bdc64be17', 'serum_creatinine', 1.52, NULL, 'mg/dL'::text, CURRENT_TIMESTAMP, 'final');
INSERT INTO observations (patient_id, observation_type, value_numeric, value_text, unit, observation_date, status)
VALUES ('3f4fd221-4576-4f24-892b-712bdc64be17', 'BUN', 29, NULL, 'mg/dL'::text, CURRENT_TIMESTAMP, 'final');
INSERT INTO observations (patient_id, observation_type, value_numeric, value_text, unit, observation_date, status)
VALUES ('3f4fd221-4576-4f24-892b-712bdc64be17', 'uACR', 150.0, NULL, 'mg/g'::text, CURRENT_TIMESTAMP, 'final');
INSERT INTO observations (patient_id, observation_type, value_numeric, value_text, unit, observation_date, status)
VALUES ('3f4fd221-4576-4f24-892b-712bdc64be17', 'proteinuria_category', NULL, 'A2'::text, NULL, CURRENT_TIMESTAMP, 'final');
INSERT INTO observations (patient_id, observation_type, value_numeric, value_text, unit, observation_date, status)
VALUES ('3f4fd221-4576-4f24-892b-712bdc64be17', 'blood_pressure_systolic', 139, NULL, 'mmHg'::text, CURRENT_TIMESTAMP, 'final');
INSERT INTO observations (patient_id, observation_type, value_numeric, value_text, unit, observation_date, status)
VALUES ('3f4fd221-4576-4f24-892b-712bdc64be17', 'blood_pressure_diastolic', 86, NULL, 'mmHg'::text, CURRENT_TIMESTAMP, 'final');
INSERT INTO observations (patient_id, observation_type, value_numeric, value_text, unit, observation_date, status)
VALUES ('3f4fd221-4576-4f24-892b-712bdc64be17', 'HbA1c', 6.8, NULL, '%'::text, CURRENT_TIMESTAMP, 'final');
INSERT INTO observations (patient_id, observation_type, value_numeric, value_text, unit, observation_date, status)
VALUES ('3f4fd221-4576-4f24-892b-712bdc64be17', 'LDL_cholesterol', 124, NULL, 'mg/dL'::text, CURRENT_TIMESTAMP, 'final');
INSERT INTO observations (patient_id, observation_type, value_numeric, value_text, unit, observation_date, status)
VALUES ('3f4fd221-4576-4f24-892b-712bdc64be17', 'HDL_cholesterol', 48, NULL, 'mg/dL'::text, CURRENT_TIMESTAMP, 'final');
INSERT INTO observations (patient_id, observation_type, value_numeric, value_text, unit, observation_date, status)
VALUES ('3f4fd221-4576-4f24-892b-712bdc64be17', 'BMI', 27.8, NULL, 'kg/m²'::text, CURRENT_TIMESTAMP, 'final');
INSERT INTO observations (patient_id, observation_type, value_numeric, value_text, unit, observation_date, status)
VALUES ('3f4fd221-4576-4f24-892b-712bdc64be17', 'hemoglobin', 12.0, NULL, 'g/dL'::text, CURRENT_TIMESTAMP, 'final');
INSERT INTO observations (patient_id, observation_type, value_numeric, value_text, unit, observation_date, status)
VALUES ('3f4fd221-4576-4f24-892b-712bdc64be17', 'potassium', 4.6, NULL, 'mEq/L'::text, CURRENT_TIMESTAMP, 'final');
INSERT INTO observations (patient_id, observation_type, value_numeric, value_text, unit, observation_date, status)
VALUES ('3f4fd221-4576-4f24-892b-712bdc64be17', 'calcium', 9.2, NULL, 'mg/dL'::text, CURRENT_TIMESTAMP, 'final');
INSERT INTO observations (patient_id, observation_type, value_numeric, value_text, unit, observation_date, status)
VALUES ('3f4fd221-4576-4f24-892b-712bdc64be17', 'phosphorus', 3.9, NULL, 'mg/dL'::text, CURRENT_TIMESTAMP, 'final');
INSERT INTO observations (patient_id, observation_type, value_numeric, value_text, unit, observation_date, status)
VALUES ('3f4fd221-4576-4f24-892b-712bdc64be17', 'albumin', 3.8, NULL, 'g/dL'::text, CURRENT_TIMESTAMP, 'final');
INSERT INTO conditions (patient_id, condition_code, condition_name, clinical_status, onset_date, recorded_date, severity)
VALUES ('3f4fd221-4576-4f24-892b-712bdc64be17', 'E11.9', 'Type 2 Diabetes Mellitus', 'active', '2023-11-10', CURRENT_TIMESTAMP, 'moderate');
INSERT INTO conditions (patient_id, condition_code, condition_name, clinical_status, onset_date, recorded_date, severity)
VALUES ('3f4fd221-4576-4f24-892b-712bdc64be17', 'I10', 'Essential Hypertension', 'active', '2023-11-10', CURRENT_TIMESTAMP, 'moderate');
INSERT INTO conditions (patient_id, condition_code, condition_name, clinical_status, onset_date, recorded_date, severity)
VALUES ('3f4fd221-4576-4f24-892b-712bdc64be17', 'N18.3', 'Chronic Kidney Disease, Stage 3', 'active', '2023-11-10', CURRENT_TIMESTAMP, 'moderate');

-- Patient: Ryan Nelson
INSERT INTO patients (
    id, medical_record_number, first_name, last_name, date_of_birth, gender, email, phone,
    weight, height, smoking_status, cvd_history, family_history_esrd,
    on_ras_inhibitor, on_sglt2i, nephrotoxic_meds, nephrologist_referral,
    diagnosis_date, last_visit_date, next_visit_date
) VALUES (
    '38164c00-ca15-49ba-be1e-fd7fb2f03c2f', 'MRN039'::text, 'Ryan'::text, 'Nelson'::text,
    '1976-11-09', 'male'::text, 'ryan.nelson@email.com'::text, '+1-555-0001',
    79.0, 175, 'Never'::text,
    false, false,
    true, false,
    false, false,
    NULL, '2025-09-26'::text, '2026-03-26'::text
);
INSERT INTO observations (patient_id, observation_type, value_numeric, value_text, unit, observation_date, status)
VALUES ('38164c00-ca15-49ba-be1e-fd7fb2f03c2f', 'eGFR', 74.0, NULL, 'mL/min/1.73m²'::text, CURRENT_TIMESTAMP, 'final');
INSERT INTO observations (patient_id, observation_type, value_numeric, value_text, unit, observation_date, status)
VALUES ('38164c00-ca15-49ba-be1e-fd7fb2f03c2f', 'eGFR_trend', NULL, 'up'::text, NULL, CURRENT_TIMESTAMP, 'final');
INSERT INTO observations (patient_id, observation_type, value_numeric, value_text, unit, observation_date, status)
VALUES ('38164c00-ca15-49ba-be1e-fd7fb2f03c2f', 'eGFR_change_percent', 4.0, NULL, '%'::text, CURRENT_TIMESTAMP, 'final');
INSERT INTO observations (patient_id, observation_type, value_numeric, value_text, unit, observation_date, status)
VALUES ('38164c00-ca15-49ba-be1e-fd7fb2f03c2f', 'serum_creatinine', 1.05, NULL, 'mg/dL'::text, CURRENT_TIMESTAMP, 'final');
INSERT INTO observations (patient_id, observation_type, value_numeric, value_text, unit, observation_date, status)
VALUES ('38164c00-ca15-49ba-be1e-fd7fb2f03c2f', 'BUN', 20, NULL, 'mg/dL'::text, CURRENT_TIMESTAMP, 'final');
INSERT INTO observations (patient_id, observation_type, value_numeric, value_text, unit, observation_date, status)
VALUES ('38164c00-ca15-49ba-be1e-fd7fb2f03c2f', 'uACR', 50.0, NULL, 'mg/g'::text, CURRENT_TIMESTAMP, 'final');
INSERT INTO observations (patient_id, observation_type, value_numeric, value_text, unit, observation_date, status)
VALUES ('38164c00-ca15-49ba-be1e-fd7fb2f03c2f', 'proteinuria_category', NULL, 'A2'::text, NULL, CURRENT_TIMESTAMP, 'final');
INSERT INTO observations (patient_id, observation_type, value_numeric, value_text, unit, observation_date, status)
VALUES ('38164c00-ca15-49ba-be1e-fd7fb2f03c2f', 'blood_pressure_systolic', 126, NULL, 'mmHg'::text, CURRENT_TIMESTAMP, 'final');
INSERT INTO observations (patient_id, observation_type, value_numeric, value_text, unit, observation_date, status)
VALUES ('38164c00-ca15-49ba-be1e-fd7fb2f03c2f', 'blood_pressure_diastolic', 80, NULL, 'mmHg'::text, CURRENT_TIMESTAMP, 'final');
INSERT INTO observations (patient_id, observation_type, value_numeric, value_text, unit, observation_date, status)
VALUES ('38164c00-ca15-49ba-be1e-fd7fb2f03c2f', 'HbA1c', 6.0, NULL, '%'::text, CURRENT_TIMESTAMP, 'final');
INSERT INTO observations (patient_id, observation_type, value_numeric, value_text, unit, observation_date, status)
VALUES ('38164c00-ca15-49ba-be1e-fd7fb2f03c2f', 'LDL_cholesterol', 109, NULL, 'mg/dL'::text, CURRENT_TIMESTAMP, 'final');
INSERT INTO observations (patient_id, observation_type, value_numeric, value_text, unit, observation_date, status)
VALUES ('38164c00-ca15-49ba-be1e-fd7fb2f03c2f', 'HDL_cholesterol', 55, NULL, 'mg/dL'::text, CURRENT_TIMESTAMP, 'final');
INSERT INTO observations (patient_id, observation_type, value_numeric, value_text, unit, observation_date, status)
VALUES ('38164c00-ca15-49ba-be1e-fd7fb2f03c2f', 'BMI', 25.8, NULL, 'kg/m²'::text, CURRENT_TIMESTAMP, 'final');
INSERT INTO observations (patient_id, observation_type, value_numeric, value_text, unit, observation_date, status)
VALUES ('38164c00-ca15-49ba-be1e-fd7fb2f03c2f', 'hemoglobin', 13.5, NULL, 'g/dL'::text, CURRENT_TIMESTAMP, 'final');
INSERT INTO observations (patient_id, observation_type, value_numeric, value_text, unit, observation_date, status)
VALUES ('38164c00-ca15-49ba-be1e-fd7fb2f03c2f', 'potassium', 4.2, NULL, 'mEq/L'::text, CURRENT_TIMESTAMP, 'final');
INSERT INTO observations (patient_id, observation_type, value_numeric, value_text, unit, observation_date, status)
VALUES ('38164c00-ca15-49ba-be1e-fd7fb2f03c2f', 'calcium', 9.4, NULL, 'mg/dL'::text, CURRENT_TIMESTAMP, 'final');
INSERT INTO observations (patient_id, observation_type, value_numeric, value_text, unit, observation_date, status)
VALUES ('38164c00-ca15-49ba-be1e-fd7fb2f03c2f', 'phosphorus', 3.6, NULL, 'mg/dL'::text, CURRENT_TIMESTAMP, 'final');
INSERT INTO observations (patient_id, observation_type, value_numeric, value_text, unit, observation_date, status)
VALUES ('38164c00-ca15-49ba-be1e-fd7fb2f03c2f', 'albumin', 4.0, NULL, 'g/dL'::text, CURRENT_TIMESTAMP, 'final');
INSERT INTO conditions (patient_id, condition_code, condition_name, clinical_status, onset_date, recorded_date, severity)
VALUES ('38164c00-ca15-49ba-be1e-fd7fb2f03c2f', 'I10', 'Essential Hypertension', 'active', NULL, CURRENT_TIMESTAMP, 'moderate');
INSERT INTO conditions (patient_id, condition_code, condition_name, clinical_status, onset_date, recorded_date, severity)
VALUES ('38164c00-ca15-49ba-be1e-fd7fb2f03c2f', 'N18.2', 'Chronic Kidney Disease, Stage 2', 'active', NULL, CURRENT_TIMESTAMP, 'mild');

-- Patient: Deborah Carter
INSERT INTO patients (
    id, medical_record_number, first_name, last_name, date_of_birth, gender, email, phone,
    weight, height, smoking_status, cvd_history, family_history_esrd,
    on_ras_inhibitor, on_sglt2i, nephrotoxic_meds, nephrologist_referral,
    diagnosis_date, last_visit_date, next_visit_date
) VALUES (
    '99b74160-0fb0-4410-9333-4dc5b272aae5', 'MRN040'::text, 'Deborah'::text, 'Carter'::text,
    '1980-11-09', 'female'::text, 'deborah.carter@email.com'::text, '+1-555-0001',
    71.0, 171, 'Never'::text,
    false, false,
    false, false,
    false, false,
    NULL, '2025-10-21'::text, '2026-04-21'::text
);
INSERT INTO observations (patient_id, observation_type, value_numeric, value_text, unit, observation_date, status)
VALUES ('99b74160-0fb0-4410-9333-4dc5b272aae5', 'eGFR', 93.0, NULL, 'mL/min/1.73m²'::text, CURRENT_TIMESTAMP, 'final');
INSERT INTO observations (patient_id, observation_type, value_numeric, value_text, unit, observation_date, status)
VALUES ('99b74160-0fb0-4410-9333-4dc5b272aae5', 'eGFR_trend', NULL, 'stable'::text, NULL, CURRENT_TIMESTAMP, 'final');
INSERT INTO observations (patient_id, observation_type, value_numeric, value_text, unit, observation_date, status)
VALUES ('99b74160-0fb0-4410-9333-4dc5b272aae5', 'eGFR_change_percent', 0.9, NULL, '%'::text, CURRENT_TIMESTAMP, 'final');
INSERT INTO observations (patient_id, observation_type, value_numeric, value_text, unit, observation_date, status)
VALUES ('99b74160-0fb0-4410-9333-4dc5b272aae5', 'serum_creatinine', 0.89, NULL, 'mg/dL'::text, CURRENT_TIMESTAMP, 'final');
INSERT INTO observations (patient_id, observation_type, value_numeric, value_text, unit, observation_date, status)
VALUES ('99b74160-0fb0-4410-9333-4dc5b272aae5', 'BUN', 17, NULL, 'mg/dL'::text, CURRENT_TIMESTAMP, 'final');
INSERT INTO observations (patient_id, observation_type, value_numeric, value_text, unit, observation_date, status)
VALUES ('99b74160-0fb0-4410-9333-4dc5b272aae5', 'uACR', 21.0, NULL, 'mg/g'::text, CURRENT_TIMESTAMP, 'final');
INSERT INTO observations (patient_id, observation_type, value_numeric, value_text, unit, observation_date, status)
VALUES ('99b74160-0fb0-4410-9333-4dc5b272aae5', 'proteinuria_category', NULL, 'A1'::text, NULL, CURRENT_TIMESTAMP, 'final');
INSERT INTO observations (patient_id, observation_type, value_numeric, value_text, unit, observation_date, status)
VALUES ('99b74160-0fb0-4410-9333-4dc5b272aae5', 'blood_pressure_systolic', 123, NULL, 'mmHg'::text, CURRENT_TIMESTAMP, 'final');
INSERT INTO observations (patient_id, observation_type, value_numeric, value_text, unit, observation_date, status)
VALUES ('99b74160-0fb0-4410-9333-4dc5b272aae5', 'blood_pressure_diastolic', 78, NULL, 'mmHg'::text, CURRENT_TIMESTAMP, 'final');
INSERT INTO observations (patient_id, observation_type, value_numeric, value_text, unit, observation_date, status)
VALUES ('99b74160-0fb0-4410-9333-4dc5b272aae5', 'HbA1c', 5.6, NULL, '%'::text, CURRENT_TIMESTAMP, 'final');
INSERT INTO observations (patient_id, observation_type, value_numeric, value_text, unit, observation_date, status)
VALUES ('99b74160-0fb0-4410-9333-4dc5b272aae5', 'LDL_cholesterol', 106, NULL, 'mg/dL'::text, CURRENT_TIMESTAMP, 'final');
INSERT INTO observations (patient_id, observation_type, value_numeric, value_text, unit, observation_date, status)
VALUES ('99b74160-0fb0-4410-9333-4dc5b272aae5', 'HDL_cholesterol', 57, NULL, 'mg/dL'::text, CURRENT_TIMESTAMP, 'final');
INSERT INTO observations (patient_id, observation_type, value_numeric, value_text, unit, observation_date, status)
VALUES ('99b74160-0fb0-4410-9333-4dc5b272aae5', 'BMI', 24.3, NULL, 'kg/m²'::text, CURRENT_TIMESTAMP, 'final');
INSERT INTO observations (patient_id, observation_type, value_numeric, value_text, unit, observation_date, status)
VALUES ('99b74160-0fb0-4410-9333-4dc5b272aae5', 'hemoglobin', 13.5, NULL, 'g/dL'::text, CURRENT_TIMESTAMP, 'final');
INSERT INTO observations (patient_id, observation_type, value_numeric, value_text, unit, observation_date, status)
VALUES ('99b74160-0fb0-4410-9333-4dc5b272aae5', 'potassium', 4.3, NULL, 'mEq/L'::text, CURRENT_TIMESTAMP, 'final');
INSERT INTO observations (patient_id, observation_type, value_numeric, value_text, unit, observation_date, status)
VALUES ('99b74160-0fb0-4410-9333-4dc5b272aae5', 'calcium', 9.4, NULL, 'mg/dL'::text, CURRENT_TIMESTAMP, 'final');
INSERT INTO observations (patient_id, observation_type, value_numeric, value_text, unit, observation_date, status)
VALUES ('99b74160-0fb0-4410-9333-4dc5b272aae5', 'phosphorus', 3.5, NULL, 'mg/dL'::text, CURRENT_TIMESTAMP, 'final');
INSERT INTO observations (patient_id, observation_type, value_numeric, value_text, unit, observation_date, status)
VALUES ('99b74160-0fb0-4410-9333-4dc5b272aae5', 'albumin', 4.1, NULL, 'g/dL'::text, CURRENT_TIMESTAMP, 'final');

-- Patient: Matthew Graham
INSERT INTO patients (
    id, medical_record_number, first_name, last_name, date_of_birth, gender, email, phone,
    weight, height, smoking_status, cvd_history, family_history_esrd,
    on_ras_inhibitor, on_sglt2i, nephrotoxic_meds, nephrologist_referral,
    diagnosis_date, last_visit_date, next_visit_date
) VALUES (
    '3c6c6e76-a039-4cdb-a7a3-e082b962224c', 'MRN041'::text, 'Matthew'::text, 'Graham'::text,
    '1982-11-09', 'male'::text, 'matthew.graham@email.com'::text, '+1-555-0001',
    74.6, 189, 'Never'::text,
    false, false,
    false, false,
    false, false,
    '2024-08-28', '2025-11-02'::text, '2026-03-18'::text
);
INSERT INTO observations (patient_id, observation_type, value_numeric, value_text, unit, observation_date, status)
VALUES ('3c6c6e76-a039-4cdb-a7a3-e082b962224c', 'eGFR', 69.22, NULL, 'mL/min/1.73m²'::text, CURRENT_TIMESTAMP, 'final');
INSERT INTO observations (patient_id, observation_type, value_numeric, value_text, unit, observation_date, status)
VALUES ('3c6c6e76-a039-4cdb-a7a3-e082b962224c', 'eGFR_trend', NULL, 'down'::text, NULL, CURRENT_TIMESTAMP, 'final');
INSERT INTO observations (patient_id, observation_type, value_numeric, value_text, unit, observation_date, status)
VALUES ('3c6c6e76-a039-4cdb-a7a3-e082b962224c', 'eGFR_change_percent', 2.3, NULL, '%'::text, CURRENT_TIMESTAMP, 'final');
INSERT INTO observations (patient_id, observation_type, value_numeric, value_text, unit, observation_date, status)
VALUES ('3c6c6e76-a039-4cdb-a7a3-e082b962224c', 'serum_creatinine', 0.99, NULL, 'mg/dL'::text, CURRENT_TIMESTAMP, 'final');
INSERT INTO observations (patient_id, observation_type, value_numeric, value_text, unit, observation_date, status)
VALUES ('3c6c6e76-a039-4cdb-a7a3-e082b962224c', 'BUN', 23, NULL, 'mg/dL'::text, CURRENT_TIMESTAMP, 'final');
INSERT INTO observations (patient_id, observation_type, value_numeric, value_text, unit, observation_date, status)
VALUES ('3c6c6e76-a039-4cdb-a7a3-e082b962224c', 'uACR', 93.34, NULL, 'mg/g'::text, CURRENT_TIMESTAMP, 'final');
INSERT INTO observations (patient_id, observation_type, value_numeric, value_text, unit, observation_date, status)
VALUES ('3c6c6e76-a039-4cdb-a7a3-e082b962224c', 'proteinuria_category', NULL, 'A2'::text, NULL, CURRENT_TIMESTAMP, 'final');
INSERT INTO observations (patient_id, observation_type, value_numeric, value_text, unit, observation_date, status)
VALUES ('3c6c6e76-a039-4cdb-a7a3-e082b962224c', 'blood_pressure_systolic', 132, NULL, 'mmHg'::text, CURRENT_TIMESTAMP, 'final');
INSERT INTO observations (patient_id, observation_type, value_numeric, value_text, unit, observation_date, status)
VALUES ('3c6c6e76-a039-4cdb-a7a3-e082b962224c', 'blood_pressure_diastolic', 83, NULL, 'mmHg'::text, CURRENT_TIMESTAMP, 'final');
INSERT INTO observations (patient_id, observation_type, value_numeric, value_text, unit, observation_date, status)
VALUES ('3c6c6e76-a039-4cdb-a7a3-e082b962224c', 'HbA1c', 6.0, NULL, '%'::text, CURRENT_TIMESTAMP, 'final');
INSERT INTO observations (patient_id, observation_type, value_numeric, value_text, unit, observation_date, status)
VALUES ('3c6c6e76-a039-4cdb-a7a3-e082b962224c', 'LDL_cholesterol', 150, NULL, 'mg/dL'::text, CURRENT_TIMESTAMP, 'final');
INSERT INTO observations (patient_id, observation_type, value_numeric, value_text, unit, observation_date, status)
VALUES ('3c6c6e76-a039-4cdb-a7a3-e082b962224c', 'HDL_cholesterol', 65, NULL, 'mg/dL'::text, CURRENT_TIMESTAMP, 'final');
INSERT INTO observations (patient_id, observation_type, value_numeric, value_text, unit, observation_date, status)
VALUES ('3c6c6e76-a039-4cdb-a7a3-e082b962224c', 'BMI', 20.9, NULL, 'kg/m²'::text, CURRENT_TIMESTAMP, 'final');
INSERT INTO observations (patient_id, observation_type, value_numeric, value_text, unit, observation_date, status)
VALUES ('3c6c6e76-a039-4cdb-a7a3-e082b962224c', 'hemoglobin', 12.9, NULL, 'g/dL'::text, CURRENT_TIMESTAMP, 'final');
INSERT INTO observations (patient_id, observation_type, value_numeric, value_text, unit, observation_date, status)
VALUES ('3c6c6e76-a039-4cdb-a7a3-e082b962224c', 'potassium', 4.6, NULL, 'mEq/L'::text, CURRENT_TIMESTAMP, 'final');
INSERT INTO observations (patient_id, observation_type, value_numeric, value_text, unit, observation_date, status)
VALUES ('3c6c6e76-a039-4cdb-a7a3-e082b962224c', 'calcium', 8.7, NULL, 'mg/dL'::text, CURRENT_TIMESTAMP, 'final');
INSERT INTO observations (patient_id, observation_type, value_numeric, value_text, unit, observation_date, status)
VALUES ('3c6c6e76-a039-4cdb-a7a3-e082b962224c', 'phosphorus', 3.2, NULL, 'mg/dL'::text, CURRENT_TIMESTAMP, 'final');
INSERT INTO observations (patient_id, observation_type, value_numeric, value_text, unit, observation_date, status)
VALUES ('3c6c6e76-a039-4cdb-a7a3-e082b962224c', 'albumin', 2.6, NULL, 'g/dL'::text, CURRENT_TIMESTAMP, 'final');
INSERT INTO conditions (patient_id, condition_code, condition_name, clinical_status, onset_date, recorded_date, severity)
VALUES ('3c6c6e76-a039-4cdb-a7a3-e082b962224c', 'N18.2', 'Chronic Kidney Disease, Stage 2', 'active', '2024-08-28', CURRENT_TIMESTAMP, 'mild');

-- Patient: Allison Kennedy
INSERT INTO patients (
    id, medical_record_number, first_name, last_name, date_of_birth, gender, email, phone,
    weight, height, smoking_status, cvd_history, family_history_esrd,
    on_ras_inhibitor, on_sglt2i, nephrotoxic_meds, nephrologist_referral,
    diagnosis_date, last_visit_date, next_visit_date
) VALUES (
    'd100fbf2-f7aa-4a4b-86c0-b178704e7094', 'MRN042'::text, 'Allison'::text, 'Kennedy'::text,
    '1965-11-09', 'female'::text, 'allison.kennedy@email.com'::text, '+1-555-0001',
    58.5, 176, 'Never'::text,
    false, false,
    false, true,
    false, false,
    '2025-02-27', '2025-10-25'::text, '2026-04-29'::text
);
INSERT INTO observations (patient_id, observation_type, value_numeric, value_text, unit, observation_date, status)
VALUES ('d100fbf2-f7aa-4a4b-86c0-b178704e7094', 'eGFR', 72.62, NULL, 'mL/min/1.73m²'::text, CURRENT_TIMESTAMP, 'final');
INSERT INTO observations (patient_id, observation_type, value_numeric, value_text, unit, observation_date, status)
VALUES ('d100fbf2-f7aa-4a4b-86c0-b178704e7094', 'eGFR_trend', NULL, 'up'::text, NULL, CURRENT_TIMESTAMP, 'final');
INSERT INTO observations (patient_id, observation_type, value_numeric, value_text, unit, observation_date, status)
VALUES ('d100fbf2-f7aa-4a4b-86c0-b178704e7094', 'eGFR_change_percent', 2.3, NULL, '%'::text, CURRENT_TIMESTAMP, 'final');
INSERT INTO observations (patient_id, observation_type, value_numeric, value_text, unit, observation_date, status)
VALUES ('d100fbf2-f7aa-4a4b-86c0-b178704e7094', 'serum_creatinine', 1.29, NULL, 'mg/dL'::text, CURRENT_TIMESTAMP, 'final');
INSERT INTO observations (patient_id, observation_type, value_numeric, value_text, unit, observation_date, status)
VALUES ('d100fbf2-f7aa-4a4b-86c0-b178704e7094', 'BUN', 40, NULL, 'mg/dL'::text, CURRENT_TIMESTAMP, 'final');
INSERT INTO observations (patient_id, observation_type, value_numeric, value_text, unit, observation_date, status)
VALUES ('d100fbf2-f7aa-4a4b-86c0-b178704e7094', 'uACR', 34.88, NULL, 'mg/g'::text, CURRENT_TIMESTAMP, 'final');
INSERT INTO observations (patient_id, observation_type, value_numeric, value_text, unit, observation_date, status)
VALUES ('d100fbf2-f7aa-4a4b-86c0-b178704e7094', 'proteinuria_category', NULL, 'A1'::text, NULL, CURRENT_TIMESTAMP, 'final');
INSERT INTO observations (patient_id, observation_type, value_numeric, value_text, unit, observation_date, status)
VALUES ('d100fbf2-f7aa-4a4b-86c0-b178704e7094', 'blood_pressure_systolic', 124, NULL, 'mmHg'::text, CURRENT_TIMESTAMP, 'final');
INSERT INTO observations (patient_id, observation_type, value_numeric, value_text, unit, observation_date, status)
VALUES ('d100fbf2-f7aa-4a4b-86c0-b178704e7094', 'blood_pressure_diastolic', 90, NULL, 'mmHg'::text, CURRENT_TIMESTAMP, 'final');
INSERT INTO observations (patient_id, observation_type, value_numeric, value_text, unit, observation_date, status)
VALUES ('d100fbf2-f7aa-4a4b-86c0-b178704e7094', 'HbA1c', 7.3, NULL, '%'::text, CURRENT_TIMESTAMP, 'final');
INSERT INTO observations (patient_id, observation_type, value_numeric, value_text, unit, observation_date, status)
VALUES ('d100fbf2-f7aa-4a4b-86c0-b178704e7094', 'LDL_cholesterol', 163, NULL, 'mg/dL'::text, CURRENT_TIMESTAMP, 'final');
INSERT INTO observations (patient_id, observation_type, value_numeric, value_text, unit, observation_date, status)
VALUES ('d100fbf2-f7aa-4a4b-86c0-b178704e7094', 'HDL_cholesterol', 56, NULL, 'mg/dL'::text, CURRENT_TIMESTAMP, 'final');
INSERT INTO observations (patient_id, observation_type, value_numeric, value_text, unit, observation_date, status)
VALUES ('d100fbf2-f7aa-4a4b-86c0-b178704e7094', 'BMI', 18.9, NULL, 'kg/m²'::text, CURRENT_TIMESTAMP, 'final');
INSERT INTO observations (patient_id, observation_type, value_numeric, value_text, unit, observation_date, status)
VALUES ('d100fbf2-f7aa-4a4b-86c0-b178704e7094', 'hemoglobin', 14.3, NULL, 'g/dL'::text, CURRENT_TIMESTAMP, 'final');
INSERT INTO observations (patient_id, observation_type, value_numeric, value_text, unit, observation_date, status)
VALUES ('d100fbf2-f7aa-4a4b-86c0-b178704e7094', 'potassium', 3.9, NULL, 'mEq/L'::text, CURRENT_TIMESTAMP, 'final');
INSERT INTO observations (patient_id, observation_type, value_numeric, value_text, unit, observation_date, status)
VALUES ('d100fbf2-f7aa-4a4b-86c0-b178704e7094', 'calcium', 9.7, NULL, 'mg/dL'::text, CURRENT_TIMESTAMP, 'final');
INSERT INTO observations (patient_id, observation_type, value_numeric, value_text, unit, observation_date, status)
VALUES ('d100fbf2-f7aa-4a4b-86c0-b178704e7094', 'phosphorus', 3.2, NULL, 'mg/dL'::text, CURRENT_TIMESTAMP, 'final');
INSERT INTO observations (patient_id, observation_type, value_numeric, value_text, unit, observation_date, status)
VALUES ('d100fbf2-f7aa-4a4b-86c0-b178704e7094', 'albumin', 3.7, NULL, 'g/dL'::text, CURRENT_TIMESTAMP, 'final');
INSERT INTO conditions (patient_id, condition_code, condition_name, clinical_status, onset_date, recorded_date, severity)
VALUES ('d100fbf2-f7aa-4a4b-86c0-b178704e7094', 'E11.9', 'Type 2 Diabetes Mellitus', 'active', '2025-02-27', CURRENT_TIMESTAMP, 'moderate');
INSERT INTO conditions (patient_id, condition_code, condition_name, clinical_status, onset_date, recorded_date, severity)
VALUES ('d100fbf2-f7aa-4a4b-86c0-b178704e7094', 'I10', 'Essential Hypertension', 'active', '2025-02-27', CURRENT_TIMESTAMP, 'moderate');
INSERT INTO conditions (patient_id, condition_code, condition_name, clinical_status, onset_date, recorded_date, severity)
VALUES ('d100fbf2-f7aa-4a4b-86c0-b178704e7094', 'N18.2', 'Chronic Kidney Disease, Stage 2', 'active', '2025-02-27', CURRENT_TIMESTAMP, 'mild');

-- Patient: Angela Kennedy
INSERT INTO patients (
    id, medical_record_number, first_name, last_name, date_of_birth, gender, email, phone,
    weight, height, smoking_status, cvd_history, family_history_esrd,
    on_ras_inhibitor, on_sglt2i, nephrotoxic_meds, nephrologist_referral,
    diagnosis_date, last_visit_date, next_visit_date
) VALUES (
    '39b96927-3b9c-4b42-a6f2-5eca0cb687dc', 'MRN043'::text, 'Angela'::text, 'Kennedy'::text,
    '1974-11-09', 'female'::text, 'angela.kennedy@email.com'::text, '+1-555-0001',
    73.5, 164, 'Never'::text,
    false, false,
    true, false,
    false, false,
    '2022-02-27', '2025-10-18'::text, '2026-01-24'::text
);
INSERT INTO observations (patient_id, observation_type, value_numeric, value_text, unit, observation_date, status)
VALUES ('39b96927-3b9c-4b42-a6f2-5eca0cb687dc', 'eGFR', 45.18, NULL, 'mL/min/1.73m²'::text, CURRENT_TIMESTAMP, 'final');
INSERT INTO observations (patient_id, observation_type, value_numeric, value_text, unit, observation_date, status)
VALUES ('39b96927-3b9c-4b42-a6f2-5eca0cb687dc', 'eGFR_trend', NULL, 'down'::text, NULL, CURRENT_TIMESTAMP, 'final');
INSERT INTO observations (patient_id, observation_type, value_numeric, value_text, unit, observation_date, status)
VALUES ('39b96927-3b9c-4b42-a6f2-5eca0cb687dc', 'eGFR_change_percent', 0.4, NULL, '%'::text, CURRENT_TIMESTAMP, 'final');
INSERT INTO observations (patient_id, observation_type, value_numeric, value_text, unit, observation_date, status)
VALUES ('39b96927-3b9c-4b42-a6f2-5eca0cb687dc', 'serum_creatinine', 1.54, NULL, 'mg/dL'::text, CURRENT_TIMESTAMP, 'final');
INSERT INTO observations (patient_id, observation_type, value_numeric, value_text, unit, observation_date, status)
VALUES ('39b96927-3b9c-4b42-a6f2-5eca0cb687dc', 'BUN', 113, NULL, 'mg/dL'::text, CURRENT_TIMESTAMP, 'final');
INSERT INTO observations (patient_id, observation_type, value_numeric, value_text, unit, observation_date, status)
VALUES ('39b96927-3b9c-4b42-a6f2-5eca0cb687dc', 'uACR', 115.52, NULL, 'mg/g'::text, CURRENT_TIMESTAMP, 'final');
INSERT INTO observations (patient_id, observation_type, value_numeric, value_text, unit, observation_date, status)
VALUES ('39b96927-3b9c-4b42-a6f2-5eca0cb687dc', 'proteinuria_category', NULL, 'A2'::text, NULL, CURRENT_TIMESTAMP, 'final');
INSERT INTO observations (patient_id, observation_type, value_numeric, value_text, unit, observation_date, status)
VALUES ('39b96927-3b9c-4b42-a6f2-5eca0cb687dc', 'blood_pressure_systolic', 147, NULL, 'mmHg'::text, CURRENT_TIMESTAMP, 'final');
INSERT INTO observations (patient_id, observation_type, value_numeric, value_text, unit, observation_date, status)
VALUES ('39b96927-3b9c-4b42-a6f2-5eca0cb687dc', 'blood_pressure_diastolic', 83, NULL, 'mmHg'::text, CURRENT_TIMESTAMP, 'final');
INSERT INTO observations (patient_id, observation_type, value_numeric, value_text, unit, observation_date, status)
VALUES ('39b96927-3b9c-4b42-a6f2-5eca0cb687dc', 'HbA1c', 5.4, NULL, '%'::text, CURRENT_TIMESTAMP, 'final');
INSERT INTO observations (patient_id, observation_type, value_numeric, value_text, unit, observation_date, status)
VALUES ('39b96927-3b9c-4b42-a6f2-5eca0cb687dc', 'LDL_cholesterol', 129, NULL, 'mg/dL'::text, CURRENT_TIMESTAMP, 'final');
INSERT INTO observations (patient_id, observation_type, value_numeric, value_text, unit, observation_date, status)
VALUES ('39b96927-3b9c-4b42-a6f2-5eca0cb687dc', 'HDL_cholesterol', 63, NULL, 'mg/dL'::text, CURRENT_TIMESTAMP, 'final');
INSERT INTO observations (patient_id, observation_type, value_numeric, value_text, unit, observation_date, status)
VALUES ('39b96927-3b9c-4b42-a6f2-5eca0cb687dc', 'BMI', 27.3, NULL, 'kg/m²'::text, CURRENT_TIMESTAMP, 'final');
INSERT INTO observations (patient_id, observation_type, value_numeric, value_text, unit, observation_date, status)
VALUES ('39b96927-3b9c-4b42-a6f2-5eca0cb687dc', 'hemoglobin', 12.5, NULL, 'g/dL'::text, CURRENT_TIMESTAMP, 'final');
INSERT INTO observations (patient_id, observation_type, value_numeric, value_text, unit, observation_date, status)
VALUES ('39b96927-3b9c-4b42-a6f2-5eca0cb687dc', 'potassium', 5.0, NULL, 'mEq/L'::text, CURRENT_TIMESTAMP, 'final');
INSERT INTO observations (patient_id, observation_type, value_numeric, value_text, unit, observation_date, status)
VALUES ('39b96927-3b9c-4b42-a6f2-5eca0cb687dc', 'calcium', 9.7, NULL, 'mg/dL'::text, CURRENT_TIMESTAMP, 'final');
INSERT INTO observations (patient_id, observation_type, value_numeric, value_text, unit, observation_date, status)
VALUES ('39b96927-3b9c-4b42-a6f2-5eca0cb687dc', 'phosphorus', 4.7, NULL, 'mg/dL'::text, CURRENT_TIMESTAMP, 'final');
INSERT INTO observations (patient_id, observation_type, value_numeric, value_text, unit, observation_date, status)
VALUES ('39b96927-3b9c-4b42-a6f2-5eca0cb687dc', 'albumin', 2.3, NULL, 'g/dL'::text, CURRENT_TIMESTAMP, 'final');
INSERT INTO conditions (patient_id, condition_code, condition_name, clinical_status, onset_date, recorded_date, severity)
VALUES ('39b96927-3b9c-4b42-a6f2-5eca0cb687dc', 'I10', 'Essential Hypertension', 'active', '2022-02-27', CURRENT_TIMESTAMP, 'moderate');
INSERT INTO conditions (patient_id, condition_code, condition_name, clinical_status, onset_date, recorded_date, severity)
VALUES ('39b96927-3b9c-4b42-a6f2-5eca0cb687dc', 'N18.3', 'Chronic Kidney Disease, Stage 3', 'active', '2022-02-27', CURRENT_TIMESTAMP, 'moderate');

-- Patient: Joshua Kennedy
INSERT INTO patients (
    id, medical_record_number, first_name, last_name, date_of_birth, gender, email, phone,
    weight, height, smoking_status, cvd_history, family_history_esrd,
    on_ras_inhibitor, on_sglt2i, nephrotoxic_meds, nephrologist_referral,
    diagnosis_date, last_visit_date, next_visit_date
) VALUES (
    '7b8a1324-c92b-4e2c-bf6c-01c4865f2e05', 'MRN044'::text, 'Joshua'::text, 'Kennedy'::text,
    '1961-11-09', 'male'::text, 'joshua.kennedy@email.com'::text, '+1-555-0001',
    115.5, 169, 'Former'::text,
    false, true,
    true, false,
    false, true,
    '2022-08-29', '2025-10-14'::text, '2026-02-18'::text
);
INSERT INTO observations (patient_id, observation_type, value_numeric, value_text, unit, observation_date, status)
VALUES ('7b8a1324-c92b-4e2c-bf6c-01c4865f2e05', 'eGFR', 38.6, NULL, 'mL/min/1.73m²'::text, CURRENT_TIMESTAMP, 'final');
INSERT INTO observations (patient_id, observation_type, value_numeric, value_text, unit, observation_date, status)
VALUES ('7b8a1324-c92b-4e2c-bf6c-01c4865f2e05', 'eGFR_trend', NULL, 'down'::text, NULL, CURRENT_TIMESTAMP, 'final');
INSERT INTO observations (patient_id, observation_type, value_numeric, value_text, unit, observation_date, status)
VALUES ('7b8a1324-c92b-4e2c-bf6c-01c4865f2e05', 'eGFR_change_percent', -4.5, NULL, '%'::text, CURRENT_TIMESTAMP, 'final');
INSERT INTO observations (patient_id, observation_type, value_numeric, value_text, unit, observation_date, status)
VALUES ('7b8a1324-c92b-4e2c-bf6c-01c4865f2e05', 'serum_creatinine', 1.48, NULL, 'mg/dL'::text, CURRENT_TIMESTAMP, 'final');
INSERT INTO observations (patient_id, observation_type, value_numeric, value_text, unit, observation_date, status)
VALUES ('7b8a1324-c92b-4e2c-bf6c-01c4865f2e05', 'BUN', 176, NULL, 'mg/dL'::text, CURRENT_TIMESTAMP, 'final');
INSERT INTO observations (patient_id, observation_type, value_numeric, value_text, unit, observation_date, status)
VALUES ('7b8a1324-c92b-4e2c-bf6c-01c4865f2e05', 'uACR', 177.82, NULL, 'mg/g'::text, CURRENT_TIMESTAMP, 'final');
INSERT INTO observations (patient_id, observation_type, value_numeric, value_text, unit, observation_date, status)
VALUES ('7b8a1324-c92b-4e2c-bf6c-01c4865f2e05', 'proteinuria_category', NULL, 'A2'::text, NULL, CURRENT_TIMESTAMP, 'final');
INSERT INTO observations (patient_id, observation_type, value_numeric, value_text, unit, observation_date, status)
VALUES ('7b8a1324-c92b-4e2c-bf6c-01c4865f2e05', 'blood_pressure_systolic', 153, NULL, 'mmHg'::text, CURRENT_TIMESTAMP, 'final');
INSERT INTO observations (patient_id, observation_type, value_numeric, value_text, unit, observation_date, status)
VALUES ('7b8a1324-c92b-4e2c-bf6c-01c4865f2e05', 'blood_pressure_diastolic', 85, NULL, 'mmHg'::text, CURRENT_TIMESTAMP, 'final');
INSERT INTO observations (patient_id, observation_type, value_numeric, value_text, unit, observation_date, status)
VALUES ('7b8a1324-c92b-4e2c-bf6c-01c4865f2e05', 'HbA1c', 5.3, NULL, '%'::text, CURRENT_TIMESTAMP, 'final');
INSERT INTO observations (patient_id, observation_type, value_numeric, value_text, unit, observation_date, status)
VALUES ('7b8a1324-c92b-4e2c-bf6c-01c4865f2e05', 'LDL_cholesterol', 132, NULL, 'mg/dL'::text, CURRENT_TIMESTAMP, 'final');
INSERT INTO observations (patient_id, observation_type, value_numeric, value_text, unit, observation_date, status)
VALUES ('7b8a1324-c92b-4e2c-bf6c-01c4865f2e05', 'HDL_cholesterol', 35, NULL, 'mg/dL'::text, CURRENT_TIMESTAMP, 'final');
INSERT INTO observations (patient_id, observation_type, value_numeric, value_text, unit, observation_date, status)
VALUES ('7b8a1324-c92b-4e2c-bf6c-01c4865f2e05', 'BMI', 40.4, NULL, 'kg/m²'::text, CURRENT_TIMESTAMP, 'final');
INSERT INTO observations (patient_id, observation_type, value_numeric, value_text, unit, observation_date, status)
VALUES ('7b8a1324-c92b-4e2c-bf6c-01c4865f2e05', 'hemoglobin', 12.0, NULL, 'g/dL'::text, CURRENT_TIMESTAMP, 'final');
INSERT INTO observations (patient_id, observation_type, value_numeric, value_text, unit, observation_date, status)
VALUES ('7b8a1324-c92b-4e2c-bf6c-01c4865f2e05', 'potassium', 5.0, NULL, 'mEq/L'::text, CURRENT_TIMESTAMP, 'final');
INSERT INTO observations (patient_id, observation_type, value_numeric, value_text, unit, observation_date, status)
VALUES ('7b8a1324-c92b-4e2c-bf6c-01c4865f2e05', 'calcium', 8.9, NULL, 'mg/dL'::text, CURRENT_TIMESTAMP, 'final');
INSERT INTO observations (patient_id, observation_type, value_numeric, value_text, unit, observation_date, status)
VALUES ('7b8a1324-c92b-4e2c-bf6c-01c4865f2e05', 'phosphorus', 3.9, NULL, 'mg/dL'::text, CURRENT_TIMESTAMP, 'final');
INSERT INTO observations (patient_id, observation_type, value_numeric, value_text, unit, observation_date, status)
VALUES ('7b8a1324-c92b-4e2c-bf6c-01c4865f2e05', 'albumin', 2.8, NULL, 'g/dL'::text, CURRENT_TIMESTAMP, 'final');
INSERT INTO conditions (patient_id, condition_code, condition_name, clinical_status, onset_date, recorded_date, severity)
VALUES ('7b8a1324-c92b-4e2c-bf6c-01c4865f2e05', 'I10', 'Essential Hypertension', 'active', '2022-08-29', CURRENT_TIMESTAMP, 'moderate');
INSERT INTO conditions (patient_id, condition_code, condition_name, clinical_status, onset_date, recorded_date, severity)
VALUES ('7b8a1324-c92b-4e2c-bf6c-01c4865f2e05', 'N18.3', 'Chronic Kidney Disease, Stage 3', 'active', '2022-08-29', CURRENT_TIMESTAMP, 'moderate');

-- Patient: Natalie James
INSERT INTO patients (
    id, medical_record_number, first_name, last_name, date_of_birth, gender, email, phone,
    weight, height, smoking_status, cvd_history, family_history_esrd,
    on_ras_inhibitor, on_sglt2i, nephrotoxic_meds, nephrologist_referral,
    diagnosis_date, last_visit_date, next_visit_date
) VALUES (
    '7a12929e-5ca3-413e-928b-8b55fc80da5d', 'MRN045'::text, 'Natalie'::text, 'James'::text,
    '1965-11-09', 'female'::text, 'natalie.james@email.com'::text, '+1-555-0001',
    84.4, 159, 'Former'::text,
    false, false,
    true, true,
    false, true,
    '2019-11-10', '2025-11-02'::text, '2025-11-30'::text
);
INSERT INTO observations (patient_id, observation_type, value_numeric, value_text, unit, observation_date, status)
VALUES ('7a12929e-5ca3-413e-928b-8b55fc80da5d', 'eGFR', 22.19, NULL, 'mL/min/1.73m²'::text, CURRENT_TIMESTAMP, 'final');
INSERT INTO observations (patient_id, observation_type, value_numeric, value_text, unit, observation_date, status)
VALUES ('7a12929e-5ca3-413e-928b-8b55fc80da5d', 'eGFR_trend', NULL, 'down'::text, NULL, CURRENT_TIMESTAMP, 'final');
INSERT INTO observations (patient_id, observation_type, value_numeric, value_text, unit, observation_date, status)
VALUES ('7a12929e-5ca3-413e-928b-8b55fc80da5d', 'eGFR_change_percent', -7.7, NULL, '%'::text, CURRENT_TIMESTAMP, 'final');
INSERT INTO observations (patient_id, observation_type, value_numeric, value_text, unit, observation_date, status)
VALUES ('7a12929e-5ca3-413e-928b-8b55fc80da5d', 'serum_creatinine', 2.25, NULL, 'mg/dL'::text, CURRENT_TIMESTAMP, 'final');
INSERT INTO observations (patient_id, observation_type, value_numeric, value_text, unit, observation_date, status)
VALUES ('7a12929e-5ca3-413e-928b-8b55fc80da5d', 'BUN', 80, NULL, 'mg/dL'::text, CURRENT_TIMESTAMP, 'final');
INSERT INTO observations (patient_id, observation_type, value_numeric, value_text, unit, observation_date, status)
VALUES ('7a12929e-5ca3-413e-928b-8b55fc80da5d', 'uACR', 648.72, NULL, 'mg/g'::text, CURRENT_TIMESTAMP, 'final');
INSERT INTO observations (patient_id, observation_type, value_numeric, value_text, unit, observation_date, status)
VALUES ('7a12929e-5ca3-413e-928b-8b55fc80da5d', 'proteinuria_category', NULL, 'A3'::text, NULL, CURRENT_TIMESTAMP, 'final');
INSERT INTO observations (patient_id, observation_type, value_numeric, value_text, unit, observation_date, status)
VALUES ('7a12929e-5ca3-413e-928b-8b55fc80da5d', 'blood_pressure_systolic', 158, NULL, 'mmHg'::text, CURRENT_TIMESTAMP, 'final');
INSERT INTO observations (patient_id, observation_type, value_numeric, value_text, unit, observation_date, status)
VALUES ('7a12929e-5ca3-413e-928b-8b55fc80da5d', 'blood_pressure_diastolic', 94, NULL, 'mmHg'::text, CURRENT_TIMESTAMP, 'final');
INSERT INTO observations (patient_id, observation_type, value_numeric, value_text, unit, observation_date, status)
VALUES ('7a12929e-5ca3-413e-928b-8b55fc80da5d', 'HbA1c', 6.8, NULL, '%'::text, CURRENT_TIMESTAMP, 'final');
INSERT INTO observations (patient_id, observation_type, value_numeric, value_text, unit, observation_date, status)
VALUES ('7a12929e-5ca3-413e-928b-8b55fc80da5d', 'LDL_cholesterol', 133, NULL, 'mg/dL'::text, CURRENT_TIMESTAMP, 'final');
INSERT INTO observations (patient_id, observation_type, value_numeric, value_text, unit, observation_date, status)
VALUES ('7a12929e-5ca3-413e-928b-8b55fc80da5d', 'HDL_cholesterol', 34, NULL, 'mg/dL'::text, CURRENT_TIMESTAMP, 'final');
INSERT INTO observations (patient_id, observation_type, value_numeric, value_text, unit, observation_date, status)
VALUES ('7a12929e-5ca3-413e-928b-8b55fc80da5d', 'BMI', 33.4, NULL, 'kg/m²'::text, CURRENT_TIMESTAMP, 'final');
INSERT INTO observations (patient_id, observation_type, value_numeric, value_text, unit, observation_date, status)
VALUES ('7a12929e-5ca3-413e-928b-8b55fc80da5d', 'hemoglobin', 9.8, NULL, 'g/dL'::text, CURRENT_TIMESTAMP, 'final');
INSERT INTO observations (patient_id, observation_type, value_numeric, value_text, unit, observation_date, status)
VALUES ('7a12929e-5ca3-413e-928b-8b55fc80da5d', 'potassium', 4.7, NULL, 'mEq/L'::text, CURRENT_TIMESTAMP, 'final');
INSERT INTO observations (patient_id, observation_type, value_numeric, value_text, unit, observation_date, status)
VALUES ('7a12929e-5ca3-413e-928b-8b55fc80da5d', 'calcium', 8.7, NULL, 'mg/dL'::text, CURRENT_TIMESTAMP, 'final');
INSERT INTO observations (patient_id, observation_type, value_numeric, value_text, unit, observation_date, status)
VALUES ('7a12929e-5ca3-413e-928b-8b55fc80da5d', 'phosphorus', 5.5, NULL, 'mg/dL'::text, CURRENT_TIMESTAMP, 'final');
INSERT INTO observations (patient_id, observation_type, value_numeric, value_text, unit, observation_date, status)
VALUES ('7a12929e-5ca3-413e-928b-8b55fc80da5d', 'albumin', 2.6, NULL, 'g/dL'::text, CURRENT_TIMESTAMP, 'final');
INSERT INTO conditions (patient_id, condition_code, condition_name, clinical_status, onset_date, recorded_date, severity)
VALUES ('7a12929e-5ca3-413e-928b-8b55fc80da5d', 'E11.9', 'Type 2 Diabetes Mellitus', 'active', '2019-11-10', CURRENT_TIMESTAMP, 'moderate');
INSERT INTO conditions (patient_id, condition_code, condition_name, clinical_status, onset_date, recorded_date, severity)
VALUES ('7a12929e-5ca3-413e-928b-8b55fc80da5d', 'I10', 'Essential Hypertension', 'active', '2019-11-10', CURRENT_TIMESTAMP, 'moderate');
INSERT INTO conditions (patient_id, condition_code, condition_name, clinical_status, onset_date, recorded_date, severity)
VALUES ('7a12929e-5ca3-413e-928b-8b55fc80da5d', 'N18.4', 'Chronic Kidney Disease, Stage 4', 'active', '2019-11-10', CURRENT_TIMESTAMP, 'severe');

-- Patient: Jonathan Rogers
INSERT INTO patients (
    id, medical_record_number, first_name, last_name, date_of_birth, gender, email, phone,
    weight, height, smoking_status, cvd_history, family_history_esrd,
    on_ras_inhibitor, on_sglt2i, nephrotoxic_meds, nephrologist_referral,
    diagnosis_date, last_visit_date, next_visit_date
) VALUES (
    'f8b1a8c8-68d9-43c1-a9b6-7b9a7b18fca3', 'MRN046'::text, 'Jonathan'::text, 'Rogers'::text,
    '1961-11-09', 'male'::text, 'jonathan.rogers@email.com'::text, '+1-555-0001',
    109.6, 188, 'Never'::text,
    false, false,
    true, true,
    false, false,
    '2022-01-22', '2025-10-25'::text, '2026-02-16'::text
);
INSERT INTO observations (patient_id, observation_type, value_numeric, value_text, unit, observation_date, status)
VALUES ('f8b1a8c8-68d9-43c1-a9b6-7b9a7b18fca3', 'eGFR', 49.87, NULL, 'mL/min/1.73m²'::text, CURRENT_TIMESTAMP, 'final');
INSERT INTO observations (patient_id, observation_type, value_numeric, value_text, unit, observation_date, status)
VALUES ('f8b1a8c8-68d9-43c1-a9b6-7b9a7b18fca3', 'eGFR_trend', NULL, 'down'::text, NULL, CURRENT_TIMESTAMP, 'final');
INSERT INTO observations (patient_id, observation_type, value_numeric, value_text, unit, observation_date, status)
VALUES ('f8b1a8c8-68d9-43c1-a9b6-7b9a7b18fca3', 'eGFR_change_percent', -3.3, NULL, '%'::text, CURRENT_TIMESTAMP, 'final');
INSERT INTO observations (patient_id, observation_type, value_numeric, value_text, unit, observation_date, status)
VALUES ('f8b1a8c8-68d9-43c1-a9b6-7b9a7b18fca3', 'serum_creatinine', 1.82, NULL, 'mg/dL'::text, CURRENT_TIMESTAMP, 'final');
INSERT INTO observations (patient_id, observation_type, value_numeric, value_text, unit, observation_date, status)
VALUES ('f8b1a8c8-68d9-43c1-a9b6-7b9a7b18fca3', 'BUN', 93, NULL, 'mg/dL'::text, CURRENT_TIMESTAMP, 'final');
INSERT INTO observations (patient_id, observation_type, value_numeric, value_text, unit, observation_date, status)
VALUES ('f8b1a8c8-68d9-43c1-a9b6-7b9a7b18fca3', 'uACR', 154.54, NULL, 'mg/g'::text, CURRENT_TIMESTAMP, 'final');
INSERT INTO observations (patient_id, observation_type, value_numeric, value_text, unit, observation_date, status)
VALUES ('f8b1a8c8-68d9-43c1-a9b6-7b9a7b18fca3', 'proteinuria_category', NULL, 'A2'::text, NULL, CURRENT_TIMESTAMP, 'final');
INSERT INTO observations (patient_id, observation_type, value_numeric, value_text, unit, observation_date, status)
VALUES ('f8b1a8c8-68d9-43c1-a9b6-7b9a7b18fca3', 'blood_pressure_systolic', 154, NULL, 'mmHg'::text, CURRENT_TIMESTAMP, 'final');
INSERT INTO observations (patient_id, observation_type, value_numeric, value_text, unit, observation_date, status)
VALUES ('f8b1a8c8-68d9-43c1-a9b6-7b9a7b18fca3', 'blood_pressure_diastolic', 86, NULL, 'mmHg'::text, CURRENT_TIMESTAMP, 'final');
INSERT INTO observations (patient_id, observation_type, value_numeric, value_text, unit, observation_date, status)
VALUES ('f8b1a8c8-68d9-43c1-a9b6-7b9a7b18fca3', 'HbA1c', 7.1, NULL, '%'::text, CURRENT_TIMESTAMP, 'final');
INSERT INTO observations (patient_id, observation_type, value_numeric, value_text, unit, observation_date, status)
VALUES ('f8b1a8c8-68d9-43c1-a9b6-7b9a7b18fca3', 'LDL_cholesterol', 145, NULL, 'mg/dL'::text, CURRENT_TIMESTAMP, 'final');
INSERT INTO observations (patient_id, observation_type, value_numeric, value_text, unit, observation_date, status)
VALUES ('f8b1a8c8-68d9-43c1-a9b6-7b9a7b18fca3', 'HDL_cholesterol', 66, NULL, 'mg/dL'::text, CURRENT_TIMESTAMP, 'final');
INSERT INTO observations (patient_id, observation_type, value_numeric, value_text, unit, observation_date, status)
VALUES ('f8b1a8c8-68d9-43c1-a9b6-7b9a7b18fca3', 'BMI', 31.0, NULL, 'kg/m²'::text, CURRENT_TIMESTAMP, 'final');
INSERT INTO observations (patient_id, observation_type, value_numeric, value_text, unit, observation_date, status)
VALUES ('f8b1a8c8-68d9-43c1-a9b6-7b9a7b18fca3', 'hemoglobin', 11.1, NULL, 'g/dL'::text, CURRENT_TIMESTAMP, 'final');
INSERT INTO observations (patient_id, observation_type, value_numeric, value_text, unit, observation_date, status)
VALUES ('f8b1a8c8-68d9-43c1-a9b6-7b9a7b18fca3', 'potassium', 4.6, NULL, 'mEq/L'::text, CURRENT_TIMESTAMP, 'final');
INSERT INTO observations (patient_id, observation_type, value_numeric, value_text, unit, observation_date, status)
VALUES ('f8b1a8c8-68d9-43c1-a9b6-7b9a7b18fca3', 'calcium', 9.4, NULL, 'mg/dL'::text, CURRENT_TIMESTAMP, 'final');
INSERT INTO observations (patient_id, observation_type, value_numeric, value_text, unit, observation_date, status)
VALUES ('f8b1a8c8-68d9-43c1-a9b6-7b9a7b18fca3', 'phosphorus', 3.9, NULL, 'mg/dL'::text, CURRENT_TIMESTAMP, 'final');
INSERT INTO observations (patient_id, observation_type, value_numeric, value_text, unit, observation_date, status)
VALUES ('f8b1a8c8-68d9-43c1-a9b6-7b9a7b18fca3', 'albumin', 2.3, NULL, 'g/dL'::text, CURRENT_TIMESTAMP, 'final');
INSERT INTO conditions (patient_id, condition_code, condition_name, clinical_status, onset_date, recorded_date, severity)
VALUES ('f8b1a8c8-68d9-43c1-a9b6-7b9a7b18fca3', 'E11.9', 'Type 2 Diabetes Mellitus', 'active', '2022-01-22', CURRENT_TIMESTAMP, 'moderate');
INSERT INTO conditions (patient_id, condition_code, condition_name, clinical_status, onset_date, recorded_date, severity)
VALUES ('f8b1a8c8-68d9-43c1-a9b6-7b9a7b18fca3', 'N18.3', 'Chronic Kidney Disease, Stage 3', 'active', '2022-01-22', CURRENT_TIMESTAMP, 'moderate');

-- Patient: Heather Willis
INSERT INTO patients (
    id, medical_record_number, first_name, last_name, date_of_birth, gender, email, phone,
    weight, height, smoking_status, cvd_history, family_history_esrd,
    on_ras_inhibitor, on_sglt2i, nephrotoxic_meds, nephrologist_referral,
    diagnosis_date, last_visit_date, next_visit_date
) VALUES (
    '526ff667-7eab-4b2d-af66-89bae6edc864', 'MRN047'::text, 'Heather'::text, 'Willis'::text,
    '1963-11-09', 'female'::text, 'heather.willis@email.com'::text, '+1-555-0001',
    55.4, 179, 'Former'::text,
    false, false,
    true, true,
    false, false,
    '2024-07-23', '2025-11-03'::text, '2026-04-14'::text
);
INSERT INTO observations (patient_id, observation_type, value_numeric, value_text, unit, observation_date, status)
VALUES ('526ff667-7eab-4b2d-af66-89bae6edc864', 'eGFR', 78.61, NULL, 'mL/min/1.73m²'::text, CURRENT_TIMESTAMP, 'final');
INSERT INTO observations (patient_id, observation_type, value_numeric, value_text, unit, observation_date, status)
VALUES ('526ff667-7eab-4b2d-af66-89bae6edc864', 'eGFR_trend', NULL, 'up'::text, NULL, CURRENT_TIMESTAMP, 'final');
INSERT INTO observations (patient_id, observation_type, value_numeric, value_text, unit, observation_date, status)
VALUES ('526ff667-7eab-4b2d-af66-89bae6edc864', 'eGFR_change_percent', 3.4, NULL, '%'::text, CURRENT_TIMESTAMP, 'final');
INSERT INTO observations (patient_id, observation_type, value_numeric, value_text, unit, observation_date, status)
VALUES ('526ff667-7eab-4b2d-af66-89bae6edc864', 'serum_creatinine', 1.19, NULL, 'mg/dL'::text, CURRENT_TIMESTAMP, 'final');
INSERT INTO observations (patient_id, observation_type, value_numeric, value_text, unit, observation_date, status)
VALUES ('526ff667-7eab-4b2d-af66-89bae6edc864', 'BUN', 75, NULL, 'mg/dL'::text, CURRENT_TIMESTAMP, 'final');
INSERT INTO observations (patient_id, observation_type, value_numeric, value_text, unit, observation_date, status)
VALUES ('526ff667-7eab-4b2d-af66-89bae6edc864', 'uACR', 75.84, NULL, 'mg/g'::text, CURRENT_TIMESTAMP, 'final');
INSERT INTO observations (patient_id, observation_type, value_numeric, value_text, unit, observation_date, status)
VALUES ('526ff667-7eab-4b2d-af66-89bae6edc864', 'proteinuria_category', NULL, 'A2'::text, NULL, CURRENT_TIMESTAMP, 'final');
INSERT INTO observations (patient_id, observation_type, value_numeric, value_text, unit, observation_date, status)
VALUES ('526ff667-7eab-4b2d-af66-89bae6edc864', 'blood_pressure_systolic', 132, NULL, 'mmHg'::text, CURRENT_TIMESTAMP, 'final');
INSERT INTO observations (patient_id, observation_type, value_numeric, value_text, unit, observation_date, status)
VALUES ('526ff667-7eab-4b2d-af66-89bae6edc864', 'blood_pressure_diastolic', 80, NULL, 'mmHg'::text, CURRENT_TIMESTAMP, 'final');
INSERT INTO observations (patient_id, observation_type, value_numeric, value_text, unit, observation_date, status)
VALUES ('526ff667-7eab-4b2d-af66-89bae6edc864', 'HbA1c', 8.6, NULL, '%'::text, CURRENT_TIMESTAMP, 'final');
INSERT INTO observations (patient_id, observation_type, value_numeric, value_text, unit, observation_date, status)
VALUES ('526ff667-7eab-4b2d-af66-89bae6edc864', 'LDL_cholesterol', 174, NULL, 'mg/dL'::text, CURRENT_TIMESTAMP, 'final');
INSERT INTO observations (patient_id, observation_type, value_numeric, value_text, unit, observation_date, status)
VALUES ('526ff667-7eab-4b2d-af66-89bae6edc864', 'HDL_cholesterol', 37, NULL, 'mg/dL'::text, CURRENT_TIMESTAMP, 'final');
INSERT INTO observations (patient_id, observation_type, value_numeric, value_text, unit, observation_date, status)
VALUES ('526ff667-7eab-4b2d-af66-89bae6edc864', 'BMI', 17.3, NULL, 'kg/m²'::text, CURRENT_TIMESTAMP, 'final');
INSERT INTO observations (patient_id, observation_type, value_numeric, value_text, unit, observation_date, status)
VALUES ('526ff667-7eab-4b2d-af66-89bae6edc864', 'hemoglobin', 13.2, NULL, 'g/dL'::text, CURRENT_TIMESTAMP, 'final');
INSERT INTO observations (patient_id, observation_type, value_numeric, value_text, unit, observation_date, status)
VALUES ('526ff667-7eab-4b2d-af66-89bae6edc864', 'potassium', 4.3, NULL, 'mEq/L'::text, CURRENT_TIMESTAMP, 'final');
INSERT INTO observations (patient_id, observation_type, value_numeric, value_text, unit, observation_date, status)
VALUES ('526ff667-7eab-4b2d-af66-89bae6edc864', 'calcium', 9.7, NULL, 'mg/dL'::text, CURRENT_TIMESTAMP, 'final');
INSERT INTO observations (patient_id, observation_type, value_numeric, value_text, unit, observation_date, status)
VALUES ('526ff667-7eab-4b2d-af66-89bae6edc864', 'phosphorus', 3.3, NULL, 'mg/dL'::text, CURRENT_TIMESTAMP, 'final');
INSERT INTO observations (patient_id, observation_type, value_numeric, value_text, unit, observation_date, status)
VALUES ('526ff667-7eab-4b2d-af66-89bae6edc864', 'albumin', 2.4, NULL, 'g/dL'::text, CURRENT_TIMESTAMP, 'final');
INSERT INTO conditions (patient_id, condition_code, condition_name, clinical_status, onset_date, recorded_date, severity)
VALUES ('526ff667-7eab-4b2d-af66-89bae6edc864', 'E11.9', 'Type 2 Diabetes Mellitus', 'active', '2024-07-23', CURRENT_TIMESTAMP, 'moderate');
INSERT INTO conditions (patient_id, condition_code, condition_name, clinical_status, onset_date, recorded_date, severity)
VALUES ('526ff667-7eab-4b2d-af66-89bae6edc864', 'I10', 'Essential Hypertension', 'active', '2024-07-23', CURRENT_TIMESTAMP, 'moderate');
INSERT INTO conditions (patient_id, condition_code, condition_name, clinical_status, onset_date, recorded_date, severity)
VALUES ('526ff667-7eab-4b2d-af66-89bae6edc864', 'N18.2', 'Chronic Kidney Disease, Stage 2', 'active', '2024-07-23', CURRENT_TIMESTAMP, 'mild');

-- Patient: Mason Elliott
INSERT INTO patients (
    id, medical_record_number, first_name, last_name, date_of_birth, gender, email, phone,
    weight, height, smoking_status, cvd_history, family_history_esrd,
    on_ras_inhibitor, on_sglt2i, nephrotoxic_meds, nephrologist_referral,
    diagnosis_date, last_visit_date, next_visit_date
) VALUES (
    '08952ff5-5d08-46c6-9ff0-b487ef3173fe', 'MRN048'::text, 'Mason'::text, 'Elliott'::text,
    '1969-11-09', 'male'::text, 'mason.elliott@email.com'::text, '+1-555-0001',
    62.6, 179, 'Former'::text,
    false, false,
    true, false,
    false, false,
    '2025-05-11', '2025-10-27'::text, '2026-04-28'::text
);
INSERT INTO observations (patient_id, observation_type, value_numeric, value_text, unit, observation_date, status)
VALUES ('08952ff5-5d08-46c6-9ff0-b487ef3173fe', 'eGFR', 98.82, NULL, 'mL/min/1.73m²'::text, CURRENT_TIMESTAMP, 'final');
INSERT INTO observations (patient_id, observation_type, value_numeric, value_text, unit, observation_date, status)
VALUES ('08952ff5-5d08-46c6-9ff0-b487ef3173fe', 'eGFR_trend', NULL, 'down'::text, NULL, CURRENT_TIMESTAMP, 'final');
INSERT INTO observations (patient_id, observation_type, value_numeric, value_text, unit, observation_date, status)
VALUES ('08952ff5-5d08-46c6-9ff0-b487ef3173fe', 'eGFR_change_percent', 1.6, NULL, '%'::text, CURRENT_TIMESTAMP, 'final');
INSERT INTO observations (patient_id, observation_type, value_numeric, value_text, unit, observation_date, status)
VALUES ('08952ff5-5d08-46c6-9ff0-b487ef3173fe', 'serum_creatinine', 0.88, NULL, 'mg/dL'::text, CURRENT_TIMESTAMP, 'final');
INSERT INTO observations (patient_id, observation_type, value_numeric, value_text, unit, observation_date, status)
VALUES ('08952ff5-5d08-46c6-9ff0-b487ef3173fe', 'BUN', 92, NULL, 'mg/dL'::text, CURRENT_TIMESTAMP, 'final');
INSERT INTO observations (patient_id, observation_type, value_numeric, value_text, unit, observation_date, status)
VALUES ('08952ff5-5d08-46c6-9ff0-b487ef3173fe', 'uACR', 10.46, NULL, 'mg/g'::text, CURRENT_TIMESTAMP, 'final');
INSERT INTO observations (patient_id, observation_type, value_numeric, value_text, unit, observation_date, status)
VALUES ('08952ff5-5d08-46c6-9ff0-b487ef3173fe', 'proteinuria_category', NULL, 'A1'::text, NULL, CURRENT_TIMESTAMP, 'final');
INSERT INTO observations (patient_id, observation_type, value_numeric, value_text, unit, observation_date, status)
VALUES ('08952ff5-5d08-46c6-9ff0-b487ef3173fe', 'blood_pressure_systolic', 128, NULL, 'mmHg'::text, CURRENT_TIMESTAMP, 'final');
INSERT INTO observations (patient_id, observation_type, value_numeric, value_text, unit, observation_date, status)
VALUES ('08952ff5-5d08-46c6-9ff0-b487ef3173fe', 'blood_pressure_diastolic', 75, NULL, 'mmHg'::text, CURRENT_TIMESTAMP, 'final');
INSERT INTO observations (patient_id, observation_type, value_numeric, value_text, unit, observation_date, status)
VALUES ('08952ff5-5d08-46c6-9ff0-b487ef3173fe', 'HbA1c', 5.4, NULL, '%'::text, CURRENT_TIMESTAMP, 'final');
INSERT INTO observations (patient_id, observation_type, value_numeric, value_text, unit, observation_date, status)
VALUES ('08952ff5-5d08-46c6-9ff0-b487ef3173fe', 'LDL_cholesterol', 172, NULL, 'mg/dL'::text, CURRENT_TIMESTAMP, 'final');
INSERT INTO observations (patient_id, observation_type, value_numeric, value_text, unit, observation_date, status)
VALUES ('08952ff5-5d08-46c6-9ff0-b487ef3173fe', 'HDL_cholesterol', 55, NULL, 'mg/dL'::text, CURRENT_TIMESTAMP, 'final');
INSERT INTO observations (patient_id, observation_type, value_numeric, value_text, unit, observation_date, status)
VALUES ('08952ff5-5d08-46c6-9ff0-b487ef3173fe', 'BMI', 19.5, NULL, 'kg/m²'::text, CURRENT_TIMESTAMP, 'final');
INSERT INTO observations (patient_id, observation_type, value_numeric, value_text, unit, observation_date, status)
VALUES ('08952ff5-5d08-46c6-9ff0-b487ef3173fe', 'hemoglobin', 14.4, NULL, 'g/dL'::text, CURRENT_TIMESTAMP, 'final');
INSERT INTO observations (patient_id, observation_type, value_numeric, value_text, unit, observation_date, status)
VALUES ('08952ff5-5d08-46c6-9ff0-b487ef3173fe', 'potassium', 4.8, NULL, 'mEq/L'::text, CURRENT_TIMESTAMP, 'final');
INSERT INTO observations (patient_id, observation_type, value_numeric, value_text, unit, observation_date, status)
VALUES ('08952ff5-5d08-46c6-9ff0-b487ef3173fe', 'calcium', 8.5, NULL, 'mg/dL'::text, CURRENT_TIMESTAMP, 'final');
INSERT INTO observations (patient_id, observation_type, value_numeric, value_text, unit, observation_date, status)
VALUES ('08952ff5-5d08-46c6-9ff0-b487ef3173fe', 'phosphorus', 3.6, NULL, 'mg/dL'::text, CURRENT_TIMESTAMP, 'final');
INSERT INTO observations (patient_id, observation_type, value_numeric, value_text, unit, observation_date, status)
VALUES ('08952ff5-5d08-46c6-9ff0-b487ef3173fe', 'albumin', 3.0, NULL, 'g/dL'::text, CURRENT_TIMESTAMP, 'final');
INSERT INTO conditions (patient_id, condition_code, condition_name, clinical_status, onset_date, recorded_date, severity)
VALUES ('08952ff5-5d08-46c6-9ff0-b487ef3173fe', 'N18.1', 'Chronic Kidney Disease, Stage 1', 'active', '2025-05-11', CURRENT_TIMESTAMP, 'mild');

-- Patient: Roger Morgan
INSERT INTO patients (
    id, medical_record_number, first_name, last_name, date_of_birth, gender, email, phone,
    weight, height, smoking_status, cvd_history, family_history_esrd,
    on_ras_inhibitor, on_sglt2i, nephrotoxic_meds, nephrologist_referral,
    diagnosis_date, last_visit_date, next_visit_date
) VALUES (
    '117178f2-fe3f-4a6a-8c89-5a19ad62da47', 'MRN049'::text, 'Roger'::text, 'Morgan'::text,
    '1983-11-09', 'male'::text, 'roger.morgan@email.com'::text, '+1-555-0001',
    103.6, 177, 'Never'::text,
    false, false,
    false, false,
    false, false,
    '2024-02-28', '2025-10-15'::text, '2026-04-23'::text
);
INSERT INTO observations (patient_id, observation_type, value_numeric, value_text, unit, observation_date, status)
VALUES ('117178f2-fe3f-4a6a-8c89-5a19ad62da47', 'eGFR', 117.1, NULL, 'mL/min/1.73m²'::text, CURRENT_TIMESTAMP, 'final');
INSERT INTO observations (patient_id, observation_type, value_numeric, value_text, unit, observation_date, status)
VALUES ('117178f2-fe3f-4a6a-8c89-5a19ad62da47', 'eGFR_trend', NULL, 'stable'::text, NULL, CURRENT_TIMESTAMP, 'final');
INSERT INTO observations (patient_id, observation_type, value_numeric, value_text, unit, observation_date, status)
VALUES ('117178f2-fe3f-4a6a-8c89-5a19ad62da47', 'eGFR_change_percent', 0.6, NULL, '%'::text, CURRENT_TIMESTAMP, 'final');
INSERT INTO observations (patient_id, observation_type, value_numeric, value_text, unit, observation_date, status)
VALUES ('117178f2-fe3f-4a6a-8c89-5a19ad62da47', 'serum_creatinine', 0.89, NULL, 'mg/dL'::text, CURRENT_TIMESTAMP, 'final');
INSERT INTO observations (patient_id, observation_type, value_numeric, value_text, unit, observation_date, status)
VALUES ('117178f2-fe3f-4a6a-8c89-5a19ad62da47', 'BUN', 105, NULL, 'mg/dL'::text, CURRENT_TIMESTAMP, 'final');
INSERT INTO observations (patient_id, observation_type, value_numeric, value_text, unit, observation_date, status)
VALUES ('117178f2-fe3f-4a6a-8c89-5a19ad62da47', 'uACR', 25.01, NULL, 'mg/g'::text, CURRENT_TIMESTAMP, 'final');
INSERT INTO observations (patient_id, observation_type, value_numeric, value_text, unit, observation_date, status)
VALUES ('117178f2-fe3f-4a6a-8c89-5a19ad62da47', 'proteinuria_category', NULL, 'A1'::text, NULL, CURRENT_TIMESTAMP, 'final');
INSERT INTO observations (patient_id, observation_type, value_numeric, value_text, unit, observation_date, status)
VALUES ('117178f2-fe3f-4a6a-8c89-5a19ad62da47', 'blood_pressure_systolic', 124, NULL, 'mmHg'::text, CURRENT_TIMESTAMP, 'final');
INSERT INTO observations (patient_id, observation_type, value_numeric, value_text, unit, observation_date, status)
VALUES ('117178f2-fe3f-4a6a-8c89-5a19ad62da47', 'blood_pressure_diastolic', 76, NULL, 'mmHg'::text, CURRENT_TIMESTAMP, 'final');
INSERT INTO observations (patient_id, observation_type, value_numeric, value_text, unit, observation_date, status)
VALUES ('117178f2-fe3f-4a6a-8c89-5a19ad62da47', 'HbA1c', 6.1, NULL, '%'::text, CURRENT_TIMESTAMP, 'final');
INSERT INTO observations (patient_id, observation_type, value_numeric, value_text, unit, observation_date, status)
VALUES ('117178f2-fe3f-4a6a-8c89-5a19ad62da47', 'LDL_cholesterol', 116, NULL, 'mg/dL'::text, CURRENT_TIMESTAMP, 'final');
INSERT INTO observations (patient_id, observation_type, value_numeric, value_text, unit, observation_date, status)
VALUES ('117178f2-fe3f-4a6a-8c89-5a19ad62da47', 'HDL_cholesterol', 50, NULL, 'mg/dL'::text, CURRENT_TIMESTAMP, 'final');
INSERT INTO observations (patient_id, observation_type, value_numeric, value_text, unit, observation_date, status)
VALUES ('117178f2-fe3f-4a6a-8c89-5a19ad62da47', 'BMI', 33.1, NULL, 'kg/m²'::text, CURRENT_TIMESTAMP, 'final');
INSERT INTO observations (patient_id, observation_type, value_numeric, value_text, unit, observation_date, status)
VALUES ('117178f2-fe3f-4a6a-8c89-5a19ad62da47', 'hemoglobin', 13.0, NULL, 'g/dL'::text, CURRENT_TIMESTAMP, 'final');
INSERT INTO observations (patient_id, observation_type, value_numeric, value_text, unit, observation_date, status)
VALUES ('117178f2-fe3f-4a6a-8c89-5a19ad62da47', 'potassium', 3.9, NULL, 'mEq/L'::text, CURRENT_TIMESTAMP, 'final');
INSERT INTO observations (patient_id, observation_type, value_numeric, value_text, unit, observation_date, status)
VALUES ('117178f2-fe3f-4a6a-8c89-5a19ad62da47', 'calcium', 9.0, NULL, 'mg/dL'::text, CURRENT_TIMESTAMP, 'final');
INSERT INTO observations (patient_id, observation_type, value_numeric, value_text, unit, observation_date, status)
VALUES ('117178f2-fe3f-4a6a-8c89-5a19ad62da47', 'phosphorus', 3.4, NULL, 'mg/dL'::text, CURRENT_TIMESTAMP, 'final');
INSERT INTO observations (patient_id, observation_type, value_numeric, value_text, unit, observation_date, status)
VALUES ('117178f2-fe3f-4a6a-8c89-5a19ad62da47', 'albumin', 4.0, NULL, 'g/dL'::text, CURRENT_TIMESTAMP, 'final');
INSERT INTO conditions (patient_id, condition_code, condition_name, clinical_status, onset_date, recorded_date, severity)
VALUES ('117178f2-fe3f-4a6a-8c89-5a19ad62da47', 'N18.1', 'Chronic Kidney Disease, Stage 1', 'active', '2024-02-28', CURRENT_TIMESTAMP, 'mild');

-- Patient: Isabella Robertson
INSERT INTO patients (
    id, medical_record_number, first_name, last_name, date_of_birth, gender, email, phone,
    weight, height, smoking_status, cvd_history, family_history_esrd,
    on_ras_inhibitor, on_sglt2i, nephrotoxic_meds, nephrologist_referral,
    diagnosis_date, last_visit_date, next_visit_date
) VALUES (
    '6f40d771-e9d5-42e7-b8ec-ecfc4bff6e85', 'MRN050'::text, 'Isabella'::text, 'Robertson'::text,
    '1965-11-09', 'female'::text, 'isabella.robertson@email.com'::text, '+1-555-0001',
    84.4, 160, 'Never'::text,
    false, false,
    true, false,
    false, false,
    '2023-05-11', '2025-10-29'::text, '2026-02-04'::text
);
INSERT INTO observations (patient_id, observation_type, value_numeric, value_text, unit, observation_date, status)
VALUES ('6f40d771-e9d5-42e7-b8ec-ecfc4bff6e85', 'eGFR', 38.86, NULL, 'mL/min/1.73m²'::text, CURRENT_TIMESTAMP, 'final');
INSERT INTO observations (patient_id, observation_type, value_numeric, value_text, unit, observation_date, status)
VALUES ('6f40d771-e9d5-42e7-b8ec-ecfc4bff6e85', 'eGFR_trend', NULL, 'stable'::text, NULL, CURRENT_TIMESTAMP, 'final');
INSERT INTO observations (patient_id, observation_type, value_numeric, value_text, unit, observation_date, status)
VALUES ('6f40d771-e9d5-42e7-b8ec-ecfc4bff6e85', 'eGFR_change_percent', -1.8, NULL, '%'::text, CURRENT_TIMESTAMP, 'final');
INSERT INTO observations (patient_id, observation_type, value_numeric, value_text, unit, observation_date, status)
VALUES ('6f40d771-e9d5-42e7-b8ec-ecfc4bff6e85', 'serum_creatinine', 1.3, NULL, 'mg/dL'::text, CURRENT_TIMESTAMP, 'final');
INSERT INTO observations (patient_id, observation_type, value_numeric, value_text, unit, observation_date, status)
VALUES ('6f40d771-e9d5-42e7-b8ec-ecfc4bff6e85', 'BUN', 189, NULL, 'mg/dL'::text, CURRENT_TIMESTAMP, 'final');
INSERT INTO observations (patient_id, observation_type, value_numeric, value_text, unit, observation_date, status)
VALUES ('6f40d771-e9d5-42e7-b8ec-ecfc4bff6e85', 'uACR', 161.95, NULL, 'mg/g'::text, CURRENT_TIMESTAMP, 'final');
INSERT INTO observations (patient_id, observation_type, value_numeric, value_text, unit, observation_date, status)
VALUES ('6f40d771-e9d5-42e7-b8ec-ecfc4bff6e85', 'proteinuria_category', NULL, 'A3'::text, NULL, CURRENT_TIMESTAMP, 'final');
INSERT INTO observations (patient_id, observation_type, value_numeric, value_text, unit, observation_date, status)
VALUES ('6f40d771-e9d5-42e7-b8ec-ecfc4bff6e85', 'blood_pressure_systolic', 152, NULL, 'mmHg'::text, CURRENT_TIMESTAMP, 'final');
INSERT INTO observations (patient_id, observation_type, value_numeric, value_text, unit, observation_date, status)
VALUES ('6f40d771-e9d5-42e7-b8ec-ecfc4bff6e85', 'blood_pressure_diastolic', 91, NULL, 'mmHg'::text, CURRENT_TIMESTAMP, 'final');
INSERT INTO observations (patient_id, observation_type, value_numeric, value_text, unit, observation_date, status)
VALUES ('6f40d771-e9d5-42e7-b8ec-ecfc4bff6e85', 'HbA1c', 8.3, NULL, '%'::text, CURRENT_TIMESTAMP, 'final');
INSERT INTO observations (patient_id, observation_type, value_numeric, value_text, unit, observation_date, status)
VALUES ('6f40d771-e9d5-42e7-b8ec-ecfc4bff6e85', 'LDL_cholesterol', 163, NULL, 'mg/dL'::text, CURRENT_TIMESTAMP, 'final');
INSERT INTO observations (patient_id, observation_type, value_numeric, value_text, unit, observation_date, status)
VALUES ('6f40d771-e9d5-42e7-b8ec-ecfc4bff6e85', 'HDL_cholesterol', 56, NULL, 'mg/dL'::text, CURRENT_TIMESTAMP, 'final');
INSERT INTO observations (patient_id, observation_type, value_numeric, value_text, unit, observation_date, status)
VALUES ('6f40d771-e9d5-42e7-b8ec-ecfc4bff6e85', 'BMI', 33.0, NULL, 'kg/m²'::text, CURRENT_TIMESTAMP, 'final');
INSERT INTO observations (patient_id, observation_type, value_numeric, value_text, unit, observation_date, status)
VALUES ('6f40d771-e9d5-42e7-b8ec-ecfc4bff6e85', 'hemoglobin', 11.6, NULL, 'g/dL'::text, CURRENT_TIMESTAMP, 'final');
INSERT INTO observations (patient_id, observation_type, value_numeric, value_text, unit, observation_date, status)
VALUES ('6f40d771-e9d5-42e7-b8ec-ecfc4bff6e85', 'potassium', 4.6, NULL, 'mEq/L'::text, CURRENT_TIMESTAMP, 'final');
INSERT INTO observations (patient_id, observation_type, value_numeric, value_text, unit, observation_date, status)
VALUES ('6f40d771-e9d5-42e7-b8ec-ecfc4bff6e85', 'calcium', 8.4, NULL, 'mg/dL'::text, CURRENT_TIMESTAMP, 'final');
INSERT INTO observations (patient_id, observation_type, value_numeric, value_text, unit, observation_date, status)
VALUES ('6f40d771-e9d5-42e7-b8ec-ecfc4bff6e85', 'phosphorus', 4.6, NULL, 'mg/dL'::text, CURRENT_TIMESTAMP, 'final');
INSERT INTO observations (patient_id, observation_type, value_numeric, value_text, unit, observation_date, status)
VALUES ('6f40d771-e9d5-42e7-b8ec-ecfc4bff6e85', 'albumin', 2.6, NULL, 'g/dL'::text, CURRENT_TIMESTAMP, 'final');
INSERT INTO conditions (patient_id, condition_code, condition_name, clinical_status, onset_date, recorded_date, severity)
VALUES ('6f40d771-e9d5-42e7-b8ec-ecfc4bff6e85', 'E11.9', 'Type 2 Diabetes Mellitus', 'active', '2023-05-11', CURRENT_TIMESTAMP, 'moderate');
INSERT INTO conditions (patient_id, condition_code, condition_name, clinical_status, onset_date, recorded_date, severity)
VALUES ('6f40d771-e9d5-42e7-b8ec-ecfc4bff6e85', 'N18.3', 'Chronic Kidney Disease, Stage 3', 'active', '2023-05-11', CURRENT_TIMESTAMP, 'moderate');

-- Patient: Rachel Spencer
INSERT INTO patients (
    id, medical_record_number, first_name, last_name, date_of_birth, gender, email, phone,
    weight, height, smoking_status, cvd_history, family_history_esrd,
    on_ras_inhibitor, on_sglt2i, nephrotoxic_meds, nephrologist_referral,
    diagnosis_date, last_visit_date, next_visit_date
) VALUES (
    'a87b1826-4d5c-4fdf-ae31-aeb022dea341', 'MRN051'::text, 'Rachel'::text, 'Spencer'::text,
    '1952-11-09', 'female'::text, 'rachel.spencer@email.com'::text, '+1-555-0001',
    67.2, 177, 'Never'::text,
    true, true,
    false, true,
    false, true,
    '2021-12-16', '2025-10-10'::text, '2025-11-23'::text
);
INSERT INTO observations (patient_id, observation_type, value_numeric, value_text, unit, observation_date, status)
VALUES ('a87b1826-4d5c-4fdf-ae31-aeb022dea341', 'eGFR', 21.68, NULL, 'mL/min/1.73m²'::text, CURRENT_TIMESTAMP, 'final');
INSERT INTO observations (patient_id, observation_type, value_numeric, value_text, unit, observation_date, status)
VALUES ('a87b1826-4d5c-4fdf-ae31-aeb022dea341', 'eGFR_trend', NULL, 'down'::text, NULL, CURRENT_TIMESTAMP, 'final');
INSERT INTO observations (patient_id, observation_type, value_numeric, value_text, unit, observation_date, status)
VALUES ('a87b1826-4d5c-4fdf-ae31-aeb022dea341', 'eGFR_change_percent', -12.6, NULL, '%'::text, CURRENT_TIMESTAMP, 'final');
INSERT INTO observations (patient_id, observation_type, value_numeric, value_text, unit, observation_date, status)
VALUES ('a87b1826-4d5c-4fdf-ae31-aeb022dea341', 'serum_creatinine', 2.23, NULL, 'mg/dL'::text, CURRENT_TIMESTAMP, 'final');
INSERT INTO observations (patient_id, observation_type, value_numeric, value_text, unit, observation_date, status)
VALUES ('a87b1826-4d5c-4fdf-ae31-aeb022dea341', 'BUN', 81, NULL, 'mg/dL'::text, CURRENT_TIMESTAMP, 'final');
INSERT INTO observations (patient_id, observation_type, value_numeric, value_text, unit, observation_date, status)
VALUES ('a87b1826-4d5c-4fdf-ae31-aeb022dea341', 'uACR', 767.16, NULL, 'mg/g'::text, CURRENT_TIMESTAMP, 'final');
INSERT INTO observations (patient_id, observation_type, value_numeric, value_text, unit, observation_date, status)
VALUES ('a87b1826-4d5c-4fdf-ae31-aeb022dea341', 'proteinuria_category', NULL, 'A3'::text, NULL, CURRENT_TIMESTAMP, 'final');
INSERT INTO observations (patient_id, observation_type, value_numeric, value_text, unit, observation_date, status)
VALUES ('a87b1826-4d5c-4fdf-ae31-aeb022dea341', 'blood_pressure_systolic', 158, NULL, 'mmHg'::text, CURRENT_TIMESTAMP, 'final');
INSERT INTO observations (patient_id, observation_type, value_numeric, value_text, unit, observation_date, status)
VALUES ('a87b1826-4d5c-4fdf-ae31-aeb022dea341', 'blood_pressure_diastolic', 93, NULL, 'mmHg'::text, CURRENT_TIMESTAMP, 'final');
INSERT INTO observations (patient_id, observation_type, value_numeric, value_text, unit, observation_date, status)
VALUES ('a87b1826-4d5c-4fdf-ae31-aeb022dea341', 'HbA1c', 6.6, NULL, '%'::text, CURRENT_TIMESTAMP, 'final');
INSERT INTO observations (patient_id, observation_type, value_numeric, value_text, unit, observation_date, status)
VALUES ('a87b1826-4d5c-4fdf-ae31-aeb022dea341', 'LDL_cholesterol', 166, NULL, 'mg/dL'::text, CURRENT_TIMESTAMP, 'final');
INSERT INTO observations (patient_id, observation_type, value_numeric, value_text, unit, observation_date, status)
VALUES ('a87b1826-4d5c-4fdf-ae31-aeb022dea341', 'HDL_cholesterol', 51, NULL, 'mg/dL'::text, CURRENT_TIMESTAMP, 'final');
INSERT INTO observations (patient_id, observation_type, value_numeric, value_text, unit, observation_date, status)
VALUES ('a87b1826-4d5c-4fdf-ae31-aeb022dea341', 'BMI', 21.4, NULL, 'kg/m²'::text, CURRENT_TIMESTAMP, 'final');
INSERT INTO observations (patient_id, observation_type, value_numeric, value_text, unit, observation_date, status)
VALUES ('a87b1826-4d5c-4fdf-ae31-aeb022dea341', 'hemoglobin', 8.5, NULL, 'g/dL'::text, CURRENT_TIMESTAMP, 'final');
INSERT INTO observations (patient_id, observation_type, value_numeric, value_text, unit, observation_date, status)
VALUES ('a87b1826-4d5c-4fdf-ae31-aeb022dea341', 'potassium', 5.9, NULL, 'mEq/L'::text, CURRENT_TIMESTAMP, 'final');
INSERT INTO observations (patient_id, observation_type, value_numeric, value_text, unit, observation_date, status)
VALUES ('a87b1826-4d5c-4fdf-ae31-aeb022dea341', 'calcium', 9.6, NULL, 'mg/dL'::text, CURRENT_TIMESTAMP, 'final');
INSERT INTO observations (patient_id, observation_type, value_numeric, value_text, unit, observation_date, status)
VALUES ('a87b1826-4d5c-4fdf-ae31-aeb022dea341', 'phosphorus', 5.8, NULL, 'mg/dL'::text, CURRENT_TIMESTAMP, 'final');
INSERT INTO observations (patient_id, observation_type, value_numeric, value_text, unit, observation_date, status)
VALUES ('a87b1826-4d5c-4fdf-ae31-aeb022dea341', 'albumin', 2.3, NULL, 'g/dL'::text, CURRENT_TIMESTAMP, 'final');
INSERT INTO conditions (patient_id, condition_code, condition_name, clinical_status, onset_date, recorded_date, severity)
VALUES ('a87b1826-4d5c-4fdf-ae31-aeb022dea341', 'E11.9', 'Type 2 Diabetes Mellitus', 'active', '2021-12-16', CURRENT_TIMESTAMP, 'moderate');
INSERT INTO conditions (patient_id, condition_code, condition_name, clinical_status, onset_date, recorded_date, severity)
VALUES ('a87b1826-4d5c-4fdf-ae31-aeb022dea341', 'I10', 'Essential Hypertension', 'active', '2021-12-16', CURRENT_TIMESTAMP, 'moderate');
INSERT INTO conditions (patient_id, condition_code, condition_name, clinical_status, onset_date, recorded_date, severity)
VALUES ('a87b1826-4d5c-4fdf-ae31-aeb022dea341', 'N18.4', 'Chronic Kidney Disease, Stage 4', 'active', '2021-12-16', CURRENT_TIMESTAMP, 'severe');
INSERT INTO conditions (patient_id, condition_code, condition_name, clinical_status, onset_date, recorded_date, severity)
VALUES ('a87b1826-4d5c-4fdf-ae31-aeb022dea341', 'I25.10', 'Coronary Artery Disease', 'active', '2021-12-16', CURRENT_TIMESTAMP, 'moderate');

-- Patient: Walter Brooks
INSERT INTO patients (
    id, medical_record_number, first_name, last_name, date_of_birth, gender, email, phone,
    weight, height, smoking_status, cvd_history, family_history_esrd,
    on_ras_inhibitor, on_sglt2i, nephrotoxic_meds, nephrologist_referral,
    diagnosis_date, last_visit_date, next_visit_date
) VALUES (
    '47cf51d9-79ce-46a4-ae27-6c33a8eae855', 'MRN052'::text, 'Walter'::text, 'Brooks'::text,
    '1955-11-09', 'male'::text, 'walter.brooks@email.com'::text, '+1-555-0001',
    64.0, 167, 'Current'::text,
    true, true,
    true, false,
    false, true,
    '2020-02-28', '2025-10-11'::text, '2025-11-30'::text
);
INSERT INTO observations (patient_id, observation_type, value_numeric, value_text, unit, observation_date, status)
VALUES ('47cf51d9-79ce-46a4-ae27-6c33a8eae855', 'eGFR', 7.75, NULL, 'mL/min/1.73m²'::text, CURRENT_TIMESTAMP, 'final');
INSERT INTO observations (patient_id, observation_type, value_numeric, value_text, unit, observation_date, status)
VALUES ('47cf51d9-79ce-46a4-ae27-6c33a8eae855', 'eGFR_trend', NULL, 'down'::text, NULL, CURRENT_TIMESTAMP, 'final');
INSERT INTO observations (patient_id, observation_type, value_numeric, value_text, unit, observation_date, status)
VALUES ('47cf51d9-79ce-46a4-ae27-6c33a8eae855', 'eGFR_change_percent', -15.8, NULL, '%'::text, CURRENT_TIMESTAMP, 'final');
INSERT INTO observations (patient_id, observation_type, value_numeric, value_text, unit, observation_date, status)
VALUES ('47cf51d9-79ce-46a4-ae27-6c33a8eae855', 'serum_creatinine', 3.96, NULL, 'mg/dL'::text, CURRENT_TIMESTAMP, 'final');
INSERT INTO observations (patient_id, observation_type, value_numeric, value_text, unit, observation_date, status)
VALUES ('47cf51d9-79ce-46a4-ae27-6c33a8eae855', 'BUN', 239, NULL, 'mg/dL'::text, CURRENT_TIMESTAMP, 'final');
INSERT INTO observations (patient_id, observation_type, value_numeric, value_text, unit, observation_date, status)
VALUES ('47cf51d9-79ce-46a4-ae27-6c33a8eae855', 'uACR', 488.42, NULL, 'mg/g'::text, CURRENT_TIMESTAMP, 'final');
INSERT INTO observations (patient_id, observation_type, value_numeric, value_text, unit, observation_date, status)
VALUES ('47cf51d9-79ce-46a4-ae27-6c33a8eae855', 'proteinuria_category', NULL, 'A3'::text, NULL, CURRENT_TIMESTAMP, 'final');
INSERT INTO observations (patient_id, observation_type, value_numeric, value_text, unit, observation_date, status)
VALUES ('47cf51d9-79ce-46a4-ae27-6c33a8eae855', 'blood_pressure_systolic', 166, NULL, 'mmHg'::text, CURRENT_TIMESTAMP, 'final');
INSERT INTO observations (patient_id, observation_type, value_numeric, value_text, unit, observation_date, status)
VALUES ('47cf51d9-79ce-46a4-ae27-6c33a8eae855', 'blood_pressure_diastolic', 99, NULL, 'mmHg'::text, CURRENT_TIMESTAMP, 'final');
INSERT INTO observations (patient_id, observation_type, value_numeric, value_text, unit, observation_date, status)
VALUES ('47cf51d9-79ce-46a4-ae27-6c33a8eae855', 'HbA1c', 5.4, NULL, '%'::text, CURRENT_TIMESTAMP, 'final');
INSERT INTO observations (patient_id, observation_type, value_numeric, value_text, unit, observation_date, status)
VALUES ('47cf51d9-79ce-46a4-ae27-6c33a8eae855', 'LDL_cholesterol', 90, NULL, 'mg/dL'::text, CURRENT_TIMESTAMP, 'final');
INSERT INTO observations (patient_id, observation_type, value_numeric, value_text, unit, observation_date, status)
VALUES ('47cf51d9-79ce-46a4-ae27-6c33a8eae855', 'HDL_cholesterol', 57, NULL, 'mg/dL'::text, CURRENT_TIMESTAMP, 'final');
INSERT INTO observations (patient_id, observation_type, value_numeric, value_text, unit, observation_date, status)
VALUES ('47cf51d9-79ce-46a4-ae27-6c33a8eae855', 'BMI', 22.9, NULL, 'kg/m²'::text, CURRENT_TIMESTAMP, 'final');
INSERT INTO observations (patient_id, observation_type, value_numeric, value_text, unit, observation_date, status)
VALUES ('47cf51d9-79ce-46a4-ae27-6c33a8eae855', 'hemoglobin', 9.4, NULL, 'g/dL'::text, CURRENT_TIMESTAMP, 'final');
INSERT INTO observations (patient_id, observation_type, value_numeric, value_text, unit, observation_date, status)
VALUES ('47cf51d9-79ce-46a4-ae27-6c33a8eae855', 'potassium', 6.2, NULL, 'mEq/L'::text, CURRENT_TIMESTAMP, 'final');
INSERT INTO observations (patient_id, observation_type, value_numeric, value_text, unit, observation_date, status)
VALUES ('47cf51d9-79ce-46a4-ae27-6c33a8eae855', 'calcium', 8.1, NULL, 'mg/dL'::text, CURRENT_TIMESTAMP, 'final');
INSERT INTO observations (patient_id, observation_type, value_numeric, value_text, unit, observation_date, status)
VALUES ('47cf51d9-79ce-46a4-ae27-6c33a8eae855', 'phosphorus', 4.9, NULL, 'mg/dL'::text, CURRENT_TIMESTAMP, 'final');
INSERT INTO observations (patient_id, observation_type, value_numeric, value_text, unit, observation_date, status)
VALUES ('47cf51d9-79ce-46a4-ae27-6c33a8eae855', 'albumin', 2.8, NULL, 'g/dL'::text, CURRENT_TIMESTAMP, 'final');
INSERT INTO conditions (patient_id, condition_code, condition_name, clinical_status, onset_date, recorded_date, severity)
VALUES ('47cf51d9-79ce-46a4-ae27-6c33a8eae855', 'I10', 'Essential Hypertension', 'active', '2020-02-28', CURRENT_TIMESTAMP, 'moderate');
INSERT INTO conditions (patient_id, condition_code, condition_name, clinical_status, onset_date, recorded_date, severity)
VALUES ('47cf51d9-79ce-46a4-ae27-6c33a8eae855', 'N18.5', 'Chronic Kidney Disease, Stage 5', 'active', '2020-02-28', CURRENT_TIMESTAMP, 'severe');
INSERT INTO conditions (patient_id, condition_code, condition_name, clinical_status, onset_date, recorded_date, severity)
VALUES ('47cf51d9-79ce-46a4-ae27-6c33a8eae855', 'I25.10', 'Coronary Artery Disease', 'active', '2020-02-28', CURRENT_TIMESTAMP, 'moderate');

-- Patient: Victoria Rivera
INSERT INTO patients (
    id, medical_record_number, first_name, last_name, date_of_birth, gender, email, phone,
    weight, height, smoking_status, cvd_history, family_history_esrd,
    on_ras_inhibitor, on_sglt2i, nephrotoxic_meds, nephrologist_referral,
    diagnosis_date, last_visit_date, next_visit_date
) VALUES (
    '93f46cfd-a646-47b4-a9bb-7351389e5e06', 'MRN053'::text, 'Victoria'::text, 'Rivera'::text,
    '1964-11-09', 'female'::text, 'victoria.rivera@email.com'::text, '+1-555-0001',
    99.0, 158, 'Former'::text,
    false, false,
    false, false,
    false, false,
    '2023-10-04', '2025-10-19'::text, '2026-03-08'::text
);
INSERT INTO observations (patient_id, observation_type, value_numeric, value_text, unit, observation_date, status)
VALUES ('93f46cfd-a646-47b4-a9bb-7351389e5e06', 'eGFR', 52.89, NULL, 'mL/min/1.73m²'::text, CURRENT_TIMESTAMP, 'final');
INSERT INTO observations (patient_id, observation_type, value_numeric, value_text, unit, observation_date, status)
VALUES ('93f46cfd-a646-47b4-a9bb-7351389e5e06', 'eGFR_trend', NULL, 'down'::text, NULL, CURRENT_TIMESTAMP, 'final');
INSERT INTO observations (patient_id, observation_type, value_numeric, value_text, unit, observation_date, status)
VALUES ('93f46cfd-a646-47b4-a9bb-7351389e5e06', 'eGFR_change_percent', -3.1, NULL, '%'::text, CURRENT_TIMESTAMP, 'final');
INSERT INTO observations (patient_id, observation_type, value_numeric, value_text, unit, observation_date, status)
VALUES ('93f46cfd-a646-47b4-a9bb-7351389e5e06', 'serum_creatinine', 1.51, NULL, 'mg/dL'::text, CURRENT_TIMESTAMP, 'final');
INSERT INTO observations (patient_id, observation_type, value_numeric, value_text, unit, observation_date, status)
VALUES ('93f46cfd-a646-47b4-a9bb-7351389e5e06', 'BUN', 136, NULL, 'mg/dL'::text, CURRENT_TIMESTAMP, 'final');
INSERT INTO observations (patient_id, observation_type, value_numeric, value_text, unit, observation_date, status)
VALUES ('93f46cfd-a646-47b4-a9bb-7351389e5e06', 'uACR', 194.11, NULL, 'mg/g'::text, CURRENT_TIMESTAMP, 'final');
INSERT INTO observations (patient_id, observation_type, value_numeric, value_text, unit, observation_date, status)
VALUES ('93f46cfd-a646-47b4-a9bb-7351389e5e06', 'proteinuria_category', NULL, 'A2'::text, NULL, CURRENT_TIMESTAMP, 'final');
INSERT INTO observations (patient_id, observation_type, value_numeric, value_text, unit, observation_date, status)
VALUES ('93f46cfd-a646-47b4-a9bb-7351389e5e06', 'blood_pressure_systolic', 131, NULL, 'mmHg'::text, CURRENT_TIMESTAMP, 'final');
INSERT INTO observations (patient_id, observation_type, value_numeric, value_text, unit, observation_date, status)
VALUES ('93f46cfd-a646-47b4-a9bb-7351389e5e06', 'blood_pressure_diastolic', 95, NULL, 'mmHg'::text, CURRENT_TIMESTAMP, 'final');
INSERT INTO observations (patient_id, observation_type, value_numeric, value_text, unit, observation_date, status)
VALUES ('93f46cfd-a646-47b4-a9bb-7351389e5e06', 'HbA1c', 9.3, NULL, '%'::text, CURRENT_TIMESTAMP, 'final');
INSERT INTO observations (patient_id, observation_type, value_numeric, value_text, unit, observation_date, status)
VALUES ('93f46cfd-a646-47b4-a9bb-7351389e5e06', 'LDL_cholesterol', 102, NULL, 'mg/dL'::text, CURRENT_TIMESTAMP, 'final');
INSERT INTO observations (patient_id, observation_type, value_numeric, value_text, unit, observation_date, status)
VALUES ('93f46cfd-a646-47b4-a9bb-7351389e5e06', 'HDL_cholesterol', 45, NULL, 'mg/dL'::text, CURRENT_TIMESTAMP, 'final');
INSERT INTO observations (patient_id, observation_type, value_numeric, value_text, unit, observation_date, status)
VALUES ('93f46cfd-a646-47b4-a9bb-7351389e5e06', 'BMI', 39.7, NULL, 'kg/m²'::text, CURRENT_TIMESTAMP, 'final');
INSERT INTO observations (patient_id, observation_type, value_numeric, value_text, unit, observation_date, status)
VALUES ('93f46cfd-a646-47b4-a9bb-7351389e5e06', 'hemoglobin', 12.7, NULL, 'g/dL'::text, CURRENT_TIMESTAMP, 'final');
INSERT INTO observations (patient_id, observation_type, value_numeric, value_text, unit, observation_date, status)
VALUES ('93f46cfd-a646-47b4-a9bb-7351389e5e06', 'potassium', 4.5, NULL, 'mEq/L'::text, CURRENT_TIMESTAMP, 'final');
INSERT INTO observations (patient_id, observation_type, value_numeric, value_text, unit, observation_date, status)
VALUES ('93f46cfd-a646-47b4-a9bb-7351389e5e06', 'calcium', 8.4, NULL, 'mg/dL'::text, CURRENT_TIMESTAMP, 'final');
INSERT INTO observations (patient_id, observation_type, value_numeric, value_text, unit, observation_date, status)
VALUES ('93f46cfd-a646-47b4-a9bb-7351389e5e06', 'phosphorus', 3.8, NULL, 'mg/dL'::text, CURRENT_TIMESTAMP, 'final');
INSERT INTO observations (patient_id, observation_type, value_numeric, value_text, unit, observation_date, status)
VALUES ('93f46cfd-a646-47b4-a9bb-7351389e5e06', 'albumin', 3.0, NULL, 'g/dL'::text, CURRENT_TIMESTAMP, 'final');
INSERT INTO conditions (patient_id, condition_code, condition_name, clinical_status, onset_date, recorded_date, severity)
VALUES ('93f46cfd-a646-47b4-a9bb-7351389e5e06', 'E11.9', 'Type 2 Diabetes Mellitus', 'active', '2023-10-04', CURRENT_TIMESTAMP, 'moderate');
INSERT INTO conditions (patient_id, condition_code, condition_name, clinical_status, onset_date, recorded_date, severity)
VALUES ('93f46cfd-a646-47b4-a9bb-7351389e5e06', 'I10', 'Essential Hypertension', 'active', '2023-10-04', CURRENT_TIMESTAMP, 'moderate');
INSERT INTO conditions (patient_id, condition_code, condition_name, clinical_status, onset_date, recorded_date, severity)
VALUES ('93f46cfd-a646-47b4-a9bb-7351389e5e06', 'N18.3', 'Chronic Kidney Disease, Stage 3', 'active', '2023-10-04', CURRENT_TIMESTAMP, 'moderate');

-- Patient: Rebecca Brooks
INSERT INTO patients (
    id, medical_record_number, first_name, last_name, date_of_birth, gender, email, phone,
    weight, height, smoking_status, cvd_history, family_history_esrd,
    on_ras_inhibitor, on_sglt2i, nephrotoxic_meds, nephrologist_referral,
    diagnosis_date, last_visit_date, next_visit_date
) VALUES (
    'd7196459-bd54-401f-896d-2f6399de08c0', 'MRN054'::text, 'Rebecca'::text, 'Brooks'::text,
    '1972-11-09', 'female'::text, 'rebecca.brooks@email.com'::text, '+1-555-0001',
    89.6, 175, 'Never'::text,
    false, false,
    false, false,
    false, false,
    NULL, '2025-10-15'::text, '2026-04-17'::text
);
INSERT INTO observations (patient_id, observation_type, value_numeric, value_text, unit, observation_date, status)
VALUES ('d7196459-bd54-401f-896d-2f6399de08c0', 'eGFR', 108.9, NULL, 'mL/min/1.73m²'::text, CURRENT_TIMESTAMP, 'final');
INSERT INTO observations (patient_id, observation_type, value_numeric, value_text, unit, observation_date, status)
VALUES ('d7196459-bd54-401f-896d-2f6399de08c0', 'eGFR_trend', NULL, 'stable'::text, NULL, CURRENT_TIMESTAMP, 'final');
INSERT INTO observations (patient_id, observation_type, value_numeric, value_text, unit, observation_date, status)
VALUES ('d7196459-bd54-401f-896d-2f6399de08c0', 'eGFR_change_percent', -0.7, NULL, '%'::text, CURRENT_TIMESTAMP, 'final');
INSERT INTO observations (patient_id, observation_type, value_numeric, value_text, unit, observation_date, status)
VALUES ('d7196459-bd54-401f-896d-2f6399de08c0', 'serum_creatinine', 0.87, NULL, 'mg/dL'::text, CURRENT_TIMESTAMP, 'final');
INSERT INTO observations (patient_id, observation_type, value_numeric, value_text, unit, observation_date, status)
VALUES ('d7196459-bd54-401f-896d-2f6399de08c0', 'BUN', 81, NULL, 'mg/dL'::text, CURRENT_TIMESTAMP, 'final');
INSERT INTO observations (patient_id, observation_type, value_numeric, value_text, unit, observation_date, status)
VALUES ('d7196459-bd54-401f-896d-2f6399de08c0', 'uACR', 33.67, NULL, 'mg/g'::text, CURRENT_TIMESTAMP, 'final');
INSERT INTO observations (patient_id, observation_type, value_numeric, value_text, unit, observation_date, status)
VALUES ('d7196459-bd54-401f-896d-2f6399de08c0', 'proteinuria_category', NULL, 'A1'::text, NULL, CURRENT_TIMESTAMP, 'final');
INSERT INTO observations (patient_id, observation_type, value_numeric, value_text, unit, observation_date, status)
VALUES ('d7196459-bd54-401f-896d-2f6399de08c0', 'blood_pressure_systolic', 126, NULL, 'mmHg'::text, CURRENT_TIMESTAMP, 'final');
INSERT INTO observations (patient_id, observation_type, value_numeric, value_text, unit, observation_date, status)
VALUES ('d7196459-bd54-401f-896d-2f6399de08c0', 'blood_pressure_diastolic', 84, NULL, 'mmHg'::text, CURRENT_TIMESTAMP, 'final');
INSERT INTO observations (patient_id, observation_type, value_numeric, value_text, unit, observation_date, status)
VALUES ('d7196459-bd54-401f-896d-2f6399de08c0', 'HbA1c', 5.6, NULL, '%'::text, CURRENT_TIMESTAMP, 'final');
INSERT INTO observations (patient_id, observation_type, value_numeric, value_text, unit, observation_date, status)
VALUES ('d7196459-bd54-401f-896d-2f6399de08c0', 'LDL_cholesterol', 174, NULL, 'mg/dL'::text, CURRENT_TIMESTAMP, 'final');
INSERT INTO observations (patient_id, observation_type, value_numeric, value_text, unit, observation_date, status)
VALUES ('d7196459-bd54-401f-896d-2f6399de08c0', 'HDL_cholesterol', 35, NULL, 'mg/dL'::text, CURRENT_TIMESTAMP, 'final');
INSERT INTO observations (patient_id, observation_type, value_numeric, value_text, unit, observation_date, status)
VALUES ('d7196459-bd54-401f-896d-2f6399de08c0', 'BMI', 29.3, NULL, 'kg/m²'::text, CURRENT_TIMESTAMP, 'final');
INSERT INTO observations (patient_id, observation_type, value_numeric, value_text, unit, observation_date, status)
VALUES ('d7196459-bd54-401f-896d-2f6399de08c0', 'hemoglobin', 12.9, NULL, 'g/dL'::text, CURRENT_TIMESTAMP, 'final');
INSERT INTO observations (patient_id, observation_type, value_numeric, value_text, unit, observation_date, status)
VALUES ('d7196459-bd54-401f-896d-2f6399de08c0', 'potassium', 4.4, NULL, 'mEq/L'::text, CURRENT_TIMESTAMP, 'final');
INSERT INTO observations (patient_id, observation_type, value_numeric, value_text, unit, observation_date, status)
VALUES ('d7196459-bd54-401f-896d-2f6399de08c0', 'calcium', 9.8, NULL, 'mg/dL'::text, CURRENT_TIMESTAMP, 'final');
INSERT INTO observations (patient_id, observation_type, value_numeric, value_text, unit, observation_date, status)
VALUES ('d7196459-bd54-401f-896d-2f6399de08c0', 'phosphorus', 3.6, NULL, 'mg/dL'::text, CURRENT_TIMESTAMP, 'final');
INSERT INTO observations (patient_id, observation_type, value_numeric, value_text, unit, observation_date, status)
VALUES ('d7196459-bd54-401f-896d-2f6399de08c0', 'albumin', 3.9, NULL, 'g/dL'::text, CURRENT_TIMESTAMP, 'final');

-- Patient: Jordan Perkins
INSERT INTO patients (
    id, medical_record_number, first_name, last_name, date_of_birth, gender, email, phone,
    weight, height, smoking_status, cvd_history, family_history_esrd,
    on_ras_inhibitor, on_sglt2i, nephrotoxic_meds, nephrologist_referral,
    diagnosis_date, last_visit_date, next_visit_date
) VALUES (
    'a7490fc8-d14a-4418-be14-60e2c0413076', 'MRN055'::text, 'Jordan'::text, 'Perkins'::text,
    '1983-11-09', 'male'::text, 'jordan.perkins@email.com'::text, '+1-555-0001',
    72.8, 170, 'Never'::text,
    false, false,
    true, false,
    false, false,
    '2025-05-11', '2025-10-16'::text, '2026-04-24'::text
);
INSERT INTO observations (patient_id, observation_type, value_numeric, value_text, unit, observation_date, status)
VALUES ('a7490fc8-d14a-4418-be14-60e2c0413076', 'eGFR', 105.72, NULL, 'mL/min/1.73m²'::text, CURRENT_TIMESTAMP, 'final');
INSERT INTO observations (patient_id, observation_type, value_numeric, value_text, unit, observation_date, status)
VALUES ('a7490fc8-d14a-4418-be14-60e2c0413076', 'eGFR_trend', NULL, 'down'::text, NULL, CURRENT_TIMESTAMP, 'final');
INSERT INTO observations (patient_id, observation_type, value_numeric, value_text, unit, observation_date, status)
VALUES ('a7490fc8-d14a-4418-be14-60e2c0413076', 'eGFR_change_percent', 1.0, NULL, '%'::text, CURRENT_TIMESTAMP, 'final');
INSERT INTO observations (patient_id, observation_type, value_numeric, value_text, unit, observation_date, status)
VALUES ('a7490fc8-d14a-4418-be14-60e2c0413076', 'serum_creatinine', 0.82, NULL, 'mg/dL'::text, CURRENT_TIMESTAMP, 'final');
INSERT INTO observations (patient_id, observation_type, value_numeric, value_text, unit, observation_date, status)
VALUES ('a7490fc8-d14a-4418-be14-60e2c0413076', 'BUN', 89, NULL, 'mg/dL'::text, CURRENT_TIMESTAMP, 'final');
INSERT INTO observations (patient_id, observation_type, value_numeric, value_text, unit, observation_date, status)
VALUES ('a7490fc8-d14a-4418-be14-60e2c0413076', 'uACR', 37.49, NULL, 'mg/g'::text, CURRENT_TIMESTAMP, 'final');
INSERT INTO observations (patient_id, observation_type, value_numeric, value_text, unit, observation_date, status)
VALUES ('a7490fc8-d14a-4418-be14-60e2c0413076', 'proteinuria_category', NULL, 'A1'::text, NULL, CURRENT_TIMESTAMP, 'final');
INSERT INTO observations (patient_id, observation_type, value_numeric, value_text, unit, observation_date, status)
VALUES ('a7490fc8-d14a-4418-be14-60e2c0413076', 'blood_pressure_systolic', 119, NULL, 'mmHg'::text, CURRENT_TIMESTAMP, 'final');
INSERT INTO observations (patient_id, observation_type, value_numeric, value_text, unit, observation_date, status)
VALUES ('a7490fc8-d14a-4418-be14-60e2c0413076', 'blood_pressure_diastolic', 83, NULL, 'mmHg'::text, CURRENT_TIMESTAMP, 'final');
INSERT INTO observations (patient_id, observation_type, value_numeric, value_text, unit, observation_date, status)
VALUES ('a7490fc8-d14a-4418-be14-60e2c0413076', 'HbA1c', 5.5, NULL, '%'::text, CURRENT_TIMESTAMP, 'final');
INSERT INTO observations (patient_id, observation_type, value_numeric, value_text, unit, observation_date, status)
VALUES ('a7490fc8-d14a-4418-be14-60e2c0413076', 'LDL_cholesterol', 120, NULL, 'mg/dL'::text, CURRENT_TIMESTAMP, 'final');
INSERT INTO observations (patient_id, observation_type, value_numeric, value_text, unit, observation_date, status)
VALUES ('a7490fc8-d14a-4418-be14-60e2c0413076', 'HDL_cholesterol', 39, NULL, 'mg/dL'::text, CURRENT_TIMESTAMP, 'final');
INSERT INTO observations (patient_id, observation_type, value_numeric, value_text, unit, observation_date, status)
VALUES ('a7490fc8-d14a-4418-be14-60e2c0413076', 'BMI', 25.2, NULL, 'kg/m²'::text, CURRENT_TIMESTAMP, 'final');
INSERT INTO observations (patient_id, observation_type, value_numeric, value_text, unit, observation_date, status)
VALUES ('a7490fc8-d14a-4418-be14-60e2c0413076', 'hemoglobin', 12.8, NULL, 'g/dL'::text, CURRENT_TIMESTAMP, 'final');
INSERT INTO observations (patient_id, observation_type, value_numeric, value_text, unit, observation_date, status)
VALUES ('a7490fc8-d14a-4418-be14-60e2c0413076', 'potassium', 3.9, NULL, 'mEq/L'::text, CURRENT_TIMESTAMP, 'final');
INSERT INTO observations (patient_id, observation_type, value_numeric, value_text, unit, observation_date, status)
VALUES ('a7490fc8-d14a-4418-be14-60e2c0413076', 'calcium', 8.4, NULL, 'mg/dL'::text, CURRENT_TIMESTAMP, 'final');
INSERT INTO observations (patient_id, observation_type, value_numeric, value_text, unit, observation_date, status)
VALUES ('a7490fc8-d14a-4418-be14-60e2c0413076', 'phosphorus', 3.6, NULL, 'mg/dL'::text, CURRENT_TIMESTAMP, 'final');
INSERT INTO observations (patient_id, observation_type, value_numeric, value_text, unit, observation_date, status)
VALUES ('a7490fc8-d14a-4418-be14-60e2c0413076', 'albumin', 3.4, NULL, 'g/dL'::text, CURRENT_TIMESTAMP, 'final');
INSERT INTO conditions (patient_id, condition_code, condition_name, clinical_status, onset_date, recorded_date, severity)
VALUES ('a7490fc8-d14a-4418-be14-60e2c0413076', 'N18.1', 'Chronic Kidney Disease, Stage 1', 'active', '2025-05-11', CURRENT_TIMESTAMP, 'mild');

-- Patient: Harold Payne
INSERT INTO patients (
    id, medical_record_number, first_name, last_name, date_of_birth, gender, email, phone,
    weight, height, smoking_status, cvd_history, family_history_esrd,
    on_ras_inhibitor, on_sglt2i, nephrotoxic_meds, nephrologist_referral,
    diagnosis_date, last_visit_date, next_visit_date
) VALUES (
    'ec3450a0-29eb-4849-b7f7-b3dfb8416dd1', 'MRN056'::text, 'Harold'::text, 'Payne'::text,
    '1970-11-09', 'male'::text, 'harold.payne@email.com'::text, '+1-555-0001',
    102.1, 186, 'Never'::text,
    false, false,
    true, false,
    false, false,
    '2024-12-16', '2025-10-29'::text, '2026-04-10'::text
);
INSERT INTO observations (patient_id, observation_type, value_numeric, value_text, unit, observation_date, status)
VALUES ('ec3450a0-29eb-4849-b7f7-b3dfb8416dd1', 'eGFR', 117.55, NULL, 'mL/min/1.73m²'::text, CURRENT_TIMESTAMP, 'final');
INSERT INTO observations (patient_id, observation_type, value_numeric, value_text, unit, observation_date, status)
VALUES ('ec3450a0-29eb-4849-b7f7-b3dfb8416dd1', 'eGFR_trend', NULL, 'up'::text, NULL, CURRENT_TIMESTAMP, 'final');
INSERT INTO observations (patient_id, observation_type, value_numeric, value_text, unit, observation_date, status)
VALUES ('ec3450a0-29eb-4849-b7f7-b3dfb8416dd1', 'eGFR_change_percent', 1.8, NULL, '%'::text, CURRENT_TIMESTAMP, 'final');
INSERT INTO observations (patient_id, observation_type, value_numeric, value_text, unit, observation_date, status)
VALUES ('ec3450a0-29eb-4849-b7f7-b3dfb8416dd1', 'serum_creatinine', 0.82, NULL, 'mg/dL'::text, CURRENT_TIMESTAMP, 'final');
INSERT INTO observations (patient_id, observation_type, value_numeric, value_text, unit, observation_date, status)
VALUES ('ec3450a0-29eb-4849-b7f7-b3dfb8416dd1', 'BUN', 100, NULL, 'mg/dL'::text, CURRENT_TIMESTAMP, 'final');
INSERT INTO observations (patient_id, observation_type, value_numeric, value_text, unit, observation_date, status)
VALUES ('ec3450a0-29eb-4849-b7f7-b3dfb8416dd1', 'uACR', 32.82, NULL, 'mg/g'::text, CURRENT_TIMESTAMP, 'final');
INSERT INTO observations (patient_id, observation_type, value_numeric, value_text, unit, observation_date, status)
VALUES ('ec3450a0-29eb-4849-b7f7-b3dfb8416dd1', 'proteinuria_category', NULL, 'A1'::text, NULL, CURRENT_TIMESTAMP, 'final');
INSERT INTO observations (patient_id, observation_type, value_numeric, value_text, unit, observation_date, status)
VALUES ('ec3450a0-29eb-4849-b7f7-b3dfb8416dd1', 'blood_pressure_systolic', 134, NULL, 'mmHg'::text, CURRENT_TIMESTAMP, 'final');
INSERT INTO observations (patient_id, observation_type, value_numeric, value_text, unit, observation_date, status)
VALUES ('ec3450a0-29eb-4849-b7f7-b3dfb8416dd1', 'blood_pressure_diastolic', 79, NULL, 'mmHg'::text, CURRENT_TIMESTAMP, 'final');
INSERT INTO observations (patient_id, observation_type, value_numeric, value_text, unit, observation_date, status)
VALUES ('ec3450a0-29eb-4849-b7f7-b3dfb8416dd1', 'HbA1c', 5.2, NULL, '%'::text, CURRENT_TIMESTAMP, 'final');
INSERT INTO observations (patient_id, observation_type, value_numeric, value_text, unit, observation_date, status)
VALUES ('ec3450a0-29eb-4849-b7f7-b3dfb8416dd1', 'LDL_cholesterol', 121, NULL, 'mg/dL'::text, CURRENT_TIMESTAMP, 'final');
INSERT INTO observations (patient_id, observation_type, value_numeric, value_text, unit, observation_date, status)
VALUES ('ec3450a0-29eb-4849-b7f7-b3dfb8416dd1', 'HDL_cholesterol', 39, NULL, 'mg/dL'::text, CURRENT_TIMESTAMP, 'final');
INSERT INTO observations (patient_id, observation_type, value_numeric, value_text, unit, observation_date, status)
VALUES ('ec3450a0-29eb-4849-b7f7-b3dfb8416dd1', 'BMI', 29.5, NULL, 'kg/m²'::text, CURRENT_TIMESTAMP, 'final');
INSERT INTO observations (patient_id, observation_type, value_numeric, value_text, unit, observation_date, status)
VALUES ('ec3450a0-29eb-4849-b7f7-b3dfb8416dd1', 'hemoglobin', 14.5, NULL, 'g/dL'::text, CURRENT_TIMESTAMP, 'final');
INSERT INTO observations (patient_id, observation_type, value_numeric, value_text, unit, observation_date, status)
VALUES ('ec3450a0-29eb-4849-b7f7-b3dfb8416dd1', 'potassium', 4.8, NULL, 'mEq/L'::text, CURRENT_TIMESTAMP, 'final');
INSERT INTO observations (patient_id, observation_type, value_numeric, value_text, unit, observation_date, status)
VALUES ('ec3450a0-29eb-4849-b7f7-b3dfb8416dd1', 'calcium', 8.6, NULL, 'mg/dL'::text, CURRENT_TIMESTAMP, 'final');
INSERT INTO observations (patient_id, observation_type, value_numeric, value_text, unit, observation_date, status)
VALUES ('ec3450a0-29eb-4849-b7f7-b3dfb8416dd1', 'phosphorus', 3.4, NULL, 'mg/dL'::text, CURRENT_TIMESTAMP, 'final');
INSERT INTO observations (patient_id, observation_type, value_numeric, value_text, unit, observation_date, status)
VALUES ('ec3450a0-29eb-4849-b7f7-b3dfb8416dd1', 'albumin', 3.1, NULL, 'g/dL'::text, CURRENT_TIMESTAMP, 'final');
INSERT INTO conditions (patient_id, condition_code, condition_name, clinical_status, onset_date, recorded_date, severity)
VALUES ('ec3450a0-29eb-4849-b7f7-b3dfb8416dd1', 'N18.1', 'Chronic Kidney Disease, Stage 1', 'active', '2024-12-16', CURRENT_TIMESTAMP, 'mild');

-- Patient: Mildred Sanders
INSERT INTO patients (
    id, medical_record_number, first_name, last_name, date_of_birth, gender, email, phone,
    weight, height, smoking_status, cvd_history, family_history_esrd,
    on_ras_inhibitor, on_sglt2i, nephrotoxic_meds, nephrologist_referral,
    diagnosis_date, last_visit_date, next_visit_date
) VALUES (
    'e640751a-95b6-4434-9220-c4f3d761b62b', 'MRN057'::text, 'Mildred'::text, 'Sanders'::text,
    '1963-11-09', 'female'::text, 'mildred.sanders@email.com'::text, '+1-555-0001',
    109.1, 163, 'Former'::text,
    false, false,
    true, false,
    false, true,
    '2021-12-16', '2025-10-18'::text, '2026-01-29'::text
);
INSERT INTO observations (patient_id, observation_type, value_numeric, value_text, unit, observation_date, status)
VALUES ('e640751a-95b6-4434-9220-c4f3d761b62b', 'eGFR', 34.75, NULL, 'mL/min/1.73m²'::text, CURRENT_TIMESTAMP, 'final');
INSERT INTO observations (patient_id, observation_type, value_numeric, value_text, unit, observation_date, status)
VALUES ('e640751a-95b6-4434-9220-c4f3d761b62b', 'eGFR_trend', NULL, 'down'::text, NULL, CURRENT_TIMESTAMP, 'final');
INSERT INTO observations (patient_id, observation_type, value_numeric, value_text, unit, observation_date, status)
VALUES ('e640751a-95b6-4434-9220-c4f3d761b62b', 'eGFR_change_percent', -1.0, NULL, '%'::text, CURRENT_TIMESTAMP, 'final');
INSERT INTO observations (patient_id, observation_type, value_numeric, value_text, unit, observation_date, status)
VALUES ('e640751a-95b6-4434-9220-c4f3d761b62b', 'serum_creatinine', 1.63, NULL, 'mg/dL'::text, CURRENT_TIMESTAMP, 'final');
INSERT INTO observations (patient_id, observation_type, value_numeric, value_text, unit, observation_date, status)
VALUES ('e640751a-95b6-4434-9220-c4f3d761b62b', 'BUN', 148, NULL, 'mg/dL'::text, CURRENT_TIMESTAMP, 'final');
INSERT INTO observations (patient_id, observation_type, value_numeric, value_text, unit, observation_date, status)
VALUES ('e640751a-95b6-4434-9220-c4f3d761b62b', 'uACR', 178.28, NULL, 'mg/g'::text, CURRENT_TIMESTAMP, 'final');
INSERT INTO observations (patient_id, observation_type, value_numeric, value_text, unit, observation_date, status)
VALUES ('e640751a-95b6-4434-9220-c4f3d761b62b', 'proteinuria_category', NULL, 'A2'::text, NULL, CURRENT_TIMESTAMP, 'final');
INSERT INTO observations (patient_id, observation_type, value_numeric, value_text, unit, observation_date, status)
VALUES ('e640751a-95b6-4434-9220-c4f3d761b62b', 'blood_pressure_systolic', 155, NULL, 'mmHg'::text, CURRENT_TIMESTAMP, 'final');
INSERT INTO observations (patient_id, observation_type, value_numeric, value_text, unit, observation_date, status)
VALUES ('e640751a-95b6-4434-9220-c4f3d761b62b', 'blood_pressure_diastolic', 89, NULL, 'mmHg'::text, CURRENT_TIMESTAMP, 'final');
INSERT INTO observations (patient_id, observation_type, value_numeric, value_text, unit, observation_date, status)
VALUES ('e640751a-95b6-4434-9220-c4f3d761b62b', 'HbA1c', 7.7, NULL, '%'::text, CURRENT_TIMESTAMP, 'final');
INSERT INTO observations (patient_id, observation_type, value_numeric, value_text, unit, observation_date, status)
VALUES ('e640751a-95b6-4434-9220-c4f3d761b62b', 'LDL_cholesterol', 136, NULL, 'mg/dL'::text, CURRENT_TIMESTAMP, 'final');
INSERT INTO observations (patient_id, observation_type, value_numeric, value_text, unit, observation_date, status)
VALUES ('e640751a-95b6-4434-9220-c4f3d761b62b', 'HDL_cholesterol', 63, NULL, 'mg/dL'::text, CURRENT_TIMESTAMP, 'final');
INSERT INTO observations (patient_id, observation_type, value_numeric, value_text, unit, observation_date, status)
VALUES ('e640751a-95b6-4434-9220-c4f3d761b62b', 'BMI', 41.1, NULL, 'kg/m²'::text, CURRENT_TIMESTAMP, 'final');
INSERT INTO observations (patient_id, observation_type, value_numeric, value_text, unit, observation_date, status)
VALUES ('e640751a-95b6-4434-9220-c4f3d761b62b', 'hemoglobin', 12.1, NULL, 'g/dL'::text, CURRENT_TIMESTAMP, 'final');
INSERT INTO observations (patient_id, observation_type, value_numeric, value_text, unit, observation_date, status)
VALUES ('e640751a-95b6-4434-9220-c4f3d761b62b', 'potassium', 5.0, NULL, 'mEq/L'::text, CURRENT_TIMESTAMP, 'final');
INSERT INTO observations (patient_id, observation_type, value_numeric, value_text, unit, observation_date, status)
VALUES ('e640751a-95b6-4434-9220-c4f3d761b62b', 'calcium', 9.0, NULL, 'mg/dL'::text, CURRENT_TIMESTAMP, 'final');
INSERT INTO observations (patient_id, observation_type, value_numeric, value_text, unit, observation_date, status)
VALUES ('e640751a-95b6-4434-9220-c4f3d761b62b', 'phosphorus', 3.9, NULL, 'mg/dL'::text, CURRENT_TIMESTAMP, 'final');
INSERT INTO observations (patient_id, observation_type, value_numeric, value_text, unit, observation_date, status)
VALUES ('e640751a-95b6-4434-9220-c4f3d761b62b', 'albumin', 3.2, NULL, 'g/dL'::text, CURRENT_TIMESTAMP, 'final');
INSERT INTO conditions (patient_id, condition_code, condition_name, clinical_status, onset_date, recorded_date, severity)
VALUES ('e640751a-95b6-4434-9220-c4f3d761b62b', 'E11.9', 'Type 2 Diabetes Mellitus', 'active', '2021-12-16', CURRENT_TIMESTAMP, 'moderate');
INSERT INTO conditions (patient_id, condition_code, condition_name, clinical_status, onset_date, recorded_date, severity)
VALUES ('e640751a-95b6-4434-9220-c4f3d761b62b', 'I10', 'Essential Hypertension', 'active', '2021-12-16', CURRENT_TIMESTAMP, 'moderate');
INSERT INTO conditions (patient_id, condition_code, condition_name, clinical_status, onset_date, recorded_date, severity)
VALUES ('e640751a-95b6-4434-9220-c4f3d761b62b', 'N18.3', 'Chronic Kidney Disease, Stage 3', 'active', '2021-12-16', CURRENT_TIMESTAMP, 'moderate');

-- Patient: Douglas Ward
INSERT INTO patients (
    id, medical_record_number, first_name, last_name, date_of_birth, gender, email, phone,
    weight, height, smoking_status, cvd_history, family_history_esrd,
    on_ras_inhibitor, on_sglt2i, nephrotoxic_meds, nephrologist_referral,
    diagnosis_date, last_visit_date, next_visit_date
) VALUES (
    '7401a7ee-d771-4772-9fc0-58aab5d43e3d', 'MRN058'::text, 'Douglas'::text, 'Ward'::text,
    '1967-11-09', 'male'::text, 'douglas.ward@email.com'::text, '+1-555-0001',
    108.8, 166, 'Never'::text,
    false, true,
    false, false,
    false, true,
    '2024-01-22', '2025-11-03'::text, '2026-03-08'::text
);
INSERT INTO observations (patient_id, observation_type, value_numeric, value_text, unit, observation_date, status)
VALUES ('7401a7ee-d771-4772-9fc0-58aab5d43e3d', 'eGFR', 46.8, NULL, 'mL/min/1.73m²'::text, CURRENT_TIMESTAMP, 'final');
INSERT INTO observations (patient_id, observation_type, value_numeric, value_text, unit, observation_date, status)
VALUES ('7401a7ee-d771-4772-9fc0-58aab5d43e3d', 'eGFR_trend', NULL, 'down'::text, NULL, CURRENT_TIMESTAMP, 'final');
INSERT INTO observations (patient_id, observation_type, value_numeric, value_text, unit, observation_date, status)
VALUES ('7401a7ee-d771-4772-9fc0-58aab5d43e3d', 'eGFR_change_percent', -2.5, NULL, '%'::text, CURRENT_TIMESTAMP, 'final');
INSERT INTO observations (patient_id, observation_type, value_numeric, value_text, unit, observation_date, status)
VALUES ('7401a7ee-d771-4772-9fc0-58aab5d43e3d', 'serum_creatinine', 1.94, NULL, 'mg/dL'::text, CURRENT_TIMESTAMP, 'final');
INSERT INTO observations (patient_id, observation_type, value_numeric, value_text, unit, observation_date, status)
VALUES ('7401a7ee-d771-4772-9fc0-58aab5d43e3d', 'BUN', 97, NULL, 'mg/dL'::text, CURRENT_TIMESTAMP, 'final');
INSERT INTO observations (patient_id, observation_type, value_numeric, value_text, unit, observation_date, status)
VALUES ('7401a7ee-d771-4772-9fc0-58aab5d43e3d', 'uACR', 296.88, NULL, 'mg/g'::text, CURRENT_TIMESTAMP, 'final');
INSERT INTO observations (patient_id, observation_type, value_numeric, value_text, unit, observation_date, status)
VALUES ('7401a7ee-d771-4772-9fc0-58aab5d43e3d', 'proteinuria_category', NULL, 'A2'::text, NULL, CURRENT_TIMESTAMP, 'final');
INSERT INTO observations (patient_id, observation_type, value_numeric, value_text, unit, observation_date, status)
VALUES ('7401a7ee-d771-4772-9fc0-58aab5d43e3d', 'blood_pressure_systolic', 137, NULL, 'mmHg'::text, CURRENT_TIMESTAMP, 'final');
INSERT INTO observations (patient_id, observation_type, value_numeric, value_text, unit, observation_date, status)
VALUES ('7401a7ee-d771-4772-9fc0-58aab5d43e3d', 'blood_pressure_diastolic', 80, NULL, 'mmHg'::text, CURRENT_TIMESTAMP, 'final');
INSERT INTO observations (patient_id, observation_type, value_numeric, value_text, unit, observation_date, status)
VALUES ('7401a7ee-d771-4772-9fc0-58aab5d43e3d', 'HbA1c', 5.9, NULL, '%'::text, CURRENT_TIMESTAMP, 'final');
INSERT INTO observations (patient_id, observation_type, value_numeric, value_text, unit, observation_date, status)
VALUES ('7401a7ee-d771-4772-9fc0-58aab5d43e3d', 'LDL_cholesterol', 161, NULL, 'mg/dL'::text, CURRENT_TIMESTAMP, 'final');
INSERT INTO observations (patient_id, observation_type, value_numeric, value_text, unit, observation_date, status)
VALUES ('7401a7ee-d771-4772-9fc0-58aab5d43e3d', 'HDL_cholesterol', 61, NULL, 'mg/dL'::text, CURRENT_TIMESTAMP, 'final');
INSERT INTO observations (patient_id, observation_type, value_numeric, value_text, unit, observation_date, status)
VALUES ('7401a7ee-d771-4772-9fc0-58aab5d43e3d', 'BMI', 39.5, NULL, 'kg/m²'::text, CURRENT_TIMESTAMP, 'final');
INSERT INTO observations (patient_id, observation_type, value_numeric, value_text, unit, observation_date, status)
VALUES ('7401a7ee-d771-4772-9fc0-58aab5d43e3d', 'hemoglobin', 11.6, NULL, 'g/dL'::text, CURRENT_TIMESTAMP, 'final');
INSERT INTO observations (patient_id, observation_type, value_numeric, value_text, unit, observation_date, status)
VALUES ('7401a7ee-d771-4772-9fc0-58aab5d43e3d', 'potassium', 4.4, NULL, 'mEq/L'::text, CURRENT_TIMESTAMP, 'final');
INSERT INTO observations (patient_id, observation_type, value_numeric, value_text, unit, observation_date, status)
VALUES ('7401a7ee-d771-4772-9fc0-58aab5d43e3d', 'calcium', 9.0, NULL, 'mg/dL'::text, CURRENT_TIMESTAMP, 'final');
INSERT INTO observations (patient_id, observation_type, value_numeric, value_text, unit, observation_date, status)
VALUES ('7401a7ee-d771-4772-9fc0-58aab5d43e3d', 'phosphorus', 4.1, NULL, 'mg/dL'::text, CURRENT_TIMESTAMP, 'final');
INSERT INTO observations (patient_id, observation_type, value_numeric, value_text, unit, observation_date, status)
VALUES ('7401a7ee-d771-4772-9fc0-58aab5d43e3d', 'albumin', 2.6, NULL, 'g/dL'::text, CURRENT_TIMESTAMP, 'final');
INSERT INTO conditions (patient_id, condition_code, condition_name, clinical_status, onset_date, recorded_date, severity)
VALUES ('7401a7ee-d771-4772-9fc0-58aab5d43e3d', 'I10', 'Essential Hypertension', 'active', '2024-01-22', CURRENT_TIMESTAMP, 'moderate');
INSERT INTO conditions (patient_id, condition_code, condition_name, clinical_status, onset_date, recorded_date, severity)
VALUES ('7401a7ee-d771-4772-9fc0-58aab5d43e3d', 'N18.3', 'Chronic Kidney Disease, Stage 3', 'active', '2024-01-22', CURRENT_TIMESTAMP, 'moderate');

-- Patient: Brandon Perry
INSERT INTO patients (
    id, medical_record_number, first_name, last_name, date_of_birth, gender, email, phone,
    weight, height, smoking_status, cvd_history, family_history_esrd,
    on_ras_inhibitor, on_sglt2i, nephrotoxic_meds, nephrologist_referral,
    diagnosis_date, last_visit_date, next_visit_date
) VALUES (
    '15c08df8-4026-4b82-85d3-fb1bb84e6fb5', 'MRN059'::text, 'Brandon'::text, 'Perry'::text,
    '1974-11-09', 'male'::text, 'brandon.perry@email.com'::text, '+1-555-0001',
    63.2, 189, 'Never'::text,
    false, true,
    true, false,
    false, false,
    '2024-12-16', '2025-10-23'::text, '2026-05-07'::text
);
INSERT INTO observations (patient_id, observation_type, value_numeric, value_text, unit, observation_date, status)
VALUES ('15c08df8-4026-4b82-85d3-fb1bb84e6fb5', 'eGFR', 61.31, NULL, 'mL/min/1.73m²'::text, CURRENT_TIMESTAMP, 'final');
INSERT INTO observations (patient_id, observation_type, value_numeric, value_text, unit, observation_date, status)
VALUES ('15c08df8-4026-4b82-85d3-fb1bb84e6fb5', 'eGFR_trend', NULL, 'down'::text, NULL, CURRENT_TIMESTAMP, 'final');
INSERT INTO observations (patient_id, observation_type, value_numeric, value_text, unit, observation_date, status)
VALUES ('15c08df8-4026-4b82-85d3-fb1bb84e6fb5', 'eGFR_change_percent', 2.0, NULL, '%'::text, CURRENT_TIMESTAMP, 'final');
INSERT INTO observations (patient_id, observation_type, value_numeric, value_text, unit, observation_date, status)
VALUES ('15c08df8-4026-4b82-85d3-fb1bb84e6fb5', 'serum_creatinine', 1.15, NULL, 'mg/dL'::text, CURRENT_TIMESTAMP, 'final');
INSERT INTO observations (patient_id, observation_type, value_numeric, value_text, unit, observation_date, status)
VALUES ('15c08df8-4026-4b82-85d3-fb1bb84e6fb5', 'BUN', 156, NULL, 'mg/dL'::text, CURRENT_TIMESTAMP, 'final');
INSERT INTO observations (patient_id, observation_type, value_numeric, value_text, unit, observation_date, status)
VALUES ('15c08df8-4026-4b82-85d3-fb1bb84e6fb5', 'uACR', 32.99, NULL, 'mg/g'::text, CURRENT_TIMESTAMP, 'final');
INSERT INTO observations (patient_id, observation_type, value_numeric, value_text, unit, observation_date, status)
VALUES ('15c08df8-4026-4b82-85d3-fb1bb84e6fb5', 'proteinuria_category', NULL, 'A2'::text, NULL, CURRENT_TIMESTAMP, 'final');
INSERT INTO observations (patient_id, observation_type, value_numeric, value_text, unit, observation_date, status)
VALUES ('15c08df8-4026-4b82-85d3-fb1bb84e6fb5', 'blood_pressure_systolic', 137, NULL, 'mmHg'::text, CURRENT_TIMESTAMP, 'final');
INSERT INTO observations (patient_id, observation_type, value_numeric, value_text, unit, observation_date, status)
VALUES ('15c08df8-4026-4b82-85d3-fb1bb84e6fb5', 'blood_pressure_diastolic', 78, NULL, 'mmHg'::text, CURRENT_TIMESTAMP, 'final');
INSERT INTO observations (patient_id, observation_type, value_numeric, value_text, unit, observation_date, status)
VALUES ('15c08df8-4026-4b82-85d3-fb1bb84e6fb5', 'HbA1c', 6.0, NULL, '%'::text, CURRENT_TIMESTAMP, 'final');
INSERT INTO observations (patient_id, observation_type, value_numeric, value_text, unit, observation_date, status)
VALUES ('15c08df8-4026-4b82-85d3-fb1bb84e6fb5', 'LDL_cholesterol', 94, NULL, 'mg/dL'::text, CURRENT_TIMESTAMP, 'final');
INSERT INTO observations (patient_id, observation_type, value_numeric, value_text, unit, observation_date, status)
VALUES ('15c08df8-4026-4b82-85d3-fb1bb84e6fb5', 'HDL_cholesterol', 60, NULL, 'mg/dL'::text, CURRENT_TIMESTAMP, 'final');
INSERT INTO observations (patient_id, observation_type, value_numeric, value_text, unit, observation_date, status)
VALUES ('15c08df8-4026-4b82-85d3-fb1bb84e6fb5', 'BMI', 17.7, NULL, 'kg/m²'::text, CURRENT_TIMESTAMP, 'final');
INSERT INTO observations (patient_id, observation_type, value_numeric, value_text, unit, observation_date, status)
VALUES ('15c08df8-4026-4b82-85d3-fb1bb84e6fb5', 'hemoglobin', 12.7, NULL, 'g/dL'::text, CURRENT_TIMESTAMP, 'final');
INSERT INTO observations (patient_id, observation_type, value_numeric, value_text, unit, observation_date, status)
VALUES ('15c08df8-4026-4b82-85d3-fb1bb84e6fb5', 'potassium', 4.3, NULL, 'mEq/L'::text, CURRENT_TIMESTAMP, 'final');
INSERT INTO observations (patient_id, observation_type, value_numeric, value_text, unit, observation_date, status)
VALUES ('15c08df8-4026-4b82-85d3-fb1bb84e6fb5', 'calcium', 9.5, NULL, 'mg/dL'::text, CURRENT_TIMESTAMP, 'final');
INSERT INTO observations (patient_id, observation_type, value_numeric, value_text, unit, observation_date, status)
VALUES ('15c08df8-4026-4b82-85d3-fb1bb84e6fb5', 'phosphorus', 3.5, NULL, 'mg/dL'::text, CURRENT_TIMESTAMP, 'final');
INSERT INTO observations (patient_id, observation_type, value_numeric, value_text, unit, observation_date, status)
VALUES ('15c08df8-4026-4b82-85d3-fb1bb84e6fb5', 'albumin', 3.1, NULL, 'g/dL'::text, CURRENT_TIMESTAMP, 'final');
INSERT INTO conditions (patient_id, condition_code, condition_name, clinical_status, onset_date, recorded_date, severity)
VALUES ('15c08df8-4026-4b82-85d3-fb1bb84e6fb5', 'N18.2', 'Chronic Kidney Disease, Stage 2', 'active', '2024-12-16', CURRENT_TIMESTAMP, 'mild');

-- Patient: Judith Sanders
INSERT INTO patients (
    id, medical_record_number, first_name, last_name, date_of_birth, gender, email, phone,
    weight, height, smoking_status, cvd_history, family_history_esrd,
    on_ras_inhibitor, on_sglt2i, nephrotoxic_meds, nephrologist_referral,
    diagnosis_date, last_visit_date, next_visit_date
) VALUES (
    '26fe15c8-d253-4bed-9f33-03dc7b81f87e', 'MRN060'::text, 'Judith'::text, 'Sanders'::text,
    '1972-11-09', 'female'::text, 'judith.sanders@email.com'::text, '+1-555-0001',
    82.4, 158, 'Current'::text,
    false, true,
    false, false,
    false, false,
    NULL, '2025-10-23'::text, '2026-04-09'::text
);
INSERT INTO observations (patient_id, observation_type, value_numeric, value_text, unit, observation_date, status)
VALUES ('26fe15c8-d253-4bed-9f33-03dc7b81f87e', 'eGFR', 109.84, NULL, 'mL/min/1.73m²'::text, CURRENT_TIMESTAMP, 'final');
INSERT INTO observations (patient_id, observation_type, value_numeric, value_text, unit, observation_date, status)
VALUES ('26fe15c8-d253-4bed-9f33-03dc7b81f87e', 'eGFR_trend', NULL, 'down'::text, NULL, CURRENT_TIMESTAMP, 'final');
INSERT INTO observations (patient_id, observation_type, value_numeric, value_text, unit, observation_date, status)
VALUES ('26fe15c8-d253-4bed-9f33-03dc7b81f87e', 'eGFR_change_percent', 1.7, NULL, '%'::text, CURRENT_TIMESTAMP, 'final');
INSERT INTO observations (patient_id, observation_type, value_numeric, value_text, unit, observation_date, status)
VALUES ('26fe15c8-d253-4bed-9f33-03dc7b81f87e', 'serum_creatinine', 0.7, NULL, 'mg/dL'::text, CURRENT_TIMESTAMP, 'final');
INSERT INTO observations (patient_id, observation_type, value_numeric, value_text, unit, observation_date, status)
VALUES ('26fe15c8-d253-4bed-9f33-03dc7b81f87e', 'BUN', 69, NULL, 'mg/dL'::text, CURRENT_TIMESTAMP, 'final');
INSERT INTO observations (patient_id, observation_type, value_numeric, value_text, unit, observation_date, status)
VALUES ('26fe15c8-d253-4bed-9f33-03dc7b81f87e', 'uACR', 20.79, NULL, 'mg/g'::text, CURRENT_TIMESTAMP, 'final');
INSERT INTO observations (patient_id, observation_type, value_numeric, value_text, unit, observation_date, status)
VALUES ('26fe15c8-d253-4bed-9f33-03dc7b81f87e', 'proteinuria_category', NULL, 'A1'::text, NULL, CURRENT_TIMESTAMP, 'final');
INSERT INTO observations (patient_id, observation_type, value_numeric, value_text, unit, observation_date, status)
VALUES ('26fe15c8-d253-4bed-9f33-03dc7b81f87e', 'blood_pressure_systolic', 119, NULL, 'mmHg'::text, CURRENT_TIMESTAMP, 'final');
INSERT INTO observations (patient_id, observation_type, value_numeric, value_text, unit, observation_date, status)
VALUES ('26fe15c8-d253-4bed-9f33-03dc7b81f87e', 'blood_pressure_diastolic', 78, NULL, 'mmHg'::text, CURRENT_TIMESTAMP, 'final');
INSERT INTO observations (patient_id, observation_type, value_numeric, value_text, unit, observation_date, status)
VALUES ('26fe15c8-d253-4bed-9f33-03dc7b81f87e', 'HbA1c', 6.1, NULL, '%'::text, CURRENT_TIMESTAMP, 'final');
INSERT INTO observations (patient_id, observation_type, value_numeric, value_text, unit, observation_date, status)
VALUES ('26fe15c8-d253-4bed-9f33-03dc7b81f87e', 'LDL_cholesterol', 102, NULL, 'mg/dL'::text, CURRENT_TIMESTAMP, 'final');
INSERT INTO observations (patient_id, observation_type, value_numeric, value_text, unit, observation_date, status)
VALUES ('26fe15c8-d253-4bed-9f33-03dc7b81f87e', 'HDL_cholesterol', 37, NULL, 'mg/dL'::text, CURRENT_TIMESTAMP, 'final');
INSERT INTO observations (patient_id, observation_type, value_numeric, value_text, unit, observation_date, status)
VALUES ('26fe15c8-d253-4bed-9f33-03dc7b81f87e', 'BMI', 33.0, NULL, 'kg/m²'::text, CURRENT_TIMESTAMP, 'final');
INSERT INTO observations (patient_id, observation_type, value_numeric, value_text, unit, observation_date, status)
VALUES ('26fe15c8-d253-4bed-9f33-03dc7b81f87e', 'hemoglobin', 14.2, NULL, 'g/dL'::text, CURRENT_TIMESTAMP, 'final');
INSERT INTO observations (patient_id, observation_type, value_numeric, value_text, unit, observation_date, status)
VALUES ('26fe15c8-d253-4bed-9f33-03dc7b81f87e', 'potassium', 5.0, NULL, 'mEq/L'::text, CURRENT_TIMESTAMP, 'final');
INSERT INTO observations (patient_id, observation_type, value_numeric, value_text, unit, observation_date, status)
VALUES ('26fe15c8-d253-4bed-9f33-03dc7b81f87e', 'calcium', 8.8, NULL, 'mg/dL'::text, CURRENT_TIMESTAMP, 'final');
INSERT INTO observations (patient_id, observation_type, value_numeric, value_text, unit, observation_date, status)
VALUES ('26fe15c8-d253-4bed-9f33-03dc7b81f87e', 'phosphorus', 3.4, NULL, 'mg/dL'::text, CURRENT_TIMESTAMP, 'final');
INSERT INTO observations (patient_id, observation_type, value_numeric, value_text, unit, observation_date, status)
VALUES ('26fe15c8-d253-4bed-9f33-03dc7b81f87e', 'albumin', 3.0, NULL, 'g/dL'::text, CURRENT_TIMESTAMP, 'final');

-- Patient: Elizabeth Ross
INSERT INTO patients (
    id, medical_record_number, first_name, last_name, date_of_birth, gender, email, phone,
    weight, height, smoking_status, cvd_history, family_history_esrd,
    on_ras_inhibitor, on_sglt2i, nephrotoxic_meds, nephrologist_referral,
    diagnosis_date, last_visit_date, next_visit_date
) VALUES (
    '2bc034ba-dd68-4e29-8ef3-0542c5019b75', 'MRN061'::text, 'Elizabeth'::text, 'Ross'::text,
    '1986-11-09', 'female'::text, 'elizabeth.ross@email.com'::text, '+1-555-0001',
    57.2, 170, 'Never'::text,
    false, true,
    false, false,
    false, false,
    NULL, '2025-10-25'::text, '2026-04-08'::text
);
INSERT INTO observations (patient_id, observation_type, value_numeric, value_text, unit, observation_date, status)
VALUES ('2bc034ba-dd68-4e29-8ef3-0542c5019b75', 'eGFR', 94.07, NULL, 'mL/min/1.73m²'::text, CURRENT_TIMESTAMP, 'final');
INSERT INTO observations (patient_id, observation_type, value_numeric, value_text, unit, observation_date, status)
VALUES ('2bc034ba-dd68-4e29-8ef3-0542c5019b75', 'eGFR_trend', NULL, 'stable'::text, NULL, CURRENT_TIMESTAMP, 'final');
INSERT INTO observations (patient_id, observation_type, value_numeric, value_text, unit, observation_date, status)
VALUES ('2bc034ba-dd68-4e29-8ef3-0542c5019b75', 'eGFR_change_percent', -0.8, NULL, '%'::text, CURRENT_TIMESTAMP, 'final');
INSERT INTO observations (patient_id, observation_type, value_numeric, value_text, unit, observation_date, status)
VALUES ('2bc034ba-dd68-4e29-8ef3-0542c5019b75', 'serum_creatinine', 0.79, NULL, 'mg/dL'::text, CURRENT_TIMESTAMP, 'final');
INSERT INTO observations (patient_id, observation_type, value_numeric, value_text, unit, observation_date, status)
VALUES ('2bc034ba-dd68-4e29-8ef3-0542c5019b75', 'BUN', 22, NULL, 'mg/dL'::text, CURRENT_TIMESTAMP, 'final');
INSERT INTO observations (patient_id, observation_type, value_numeric, value_text, unit, observation_date, status)
VALUES ('2bc034ba-dd68-4e29-8ef3-0542c5019b75', 'uACR', 25.97, NULL, 'mg/g'::text, CURRENT_TIMESTAMP, 'final');
INSERT INTO observations (patient_id, observation_type, value_numeric, value_text, unit, observation_date, status)
VALUES ('2bc034ba-dd68-4e29-8ef3-0542c5019b75', 'proteinuria_category', NULL, 'A1'::text, NULL, CURRENT_TIMESTAMP, 'final');
INSERT INTO observations (patient_id, observation_type, value_numeric, value_text, unit, observation_date, status)
VALUES ('2bc034ba-dd68-4e29-8ef3-0542c5019b75', 'blood_pressure_systolic', 127, NULL, 'mmHg'::text, CURRENT_TIMESTAMP, 'final');
INSERT INTO observations (patient_id, observation_type, value_numeric, value_text, unit, observation_date, status)
VALUES ('2bc034ba-dd68-4e29-8ef3-0542c5019b75', 'blood_pressure_diastolic', 85, NULL, 'mmHg'::text, CURRENT_TIMESTAMP, 'final');
INSERT INTO observations (patient_id, observation_type, value_numeric, value_text, unit, observation_date, status)
VALUES ('2bc034ba-dd68-4e29-8ef3-0542c5019b75', 'HbA1c', 5.3, NULL, '%'::text, CURRENT_TIMESTAMP, 'final');
INSERT INTO observations (patient_id, observation_type, value_numeric, value_text, unit, observation_date, status)
VALUES ('2bc034ba-dd68-4e29-8ef3-0542c5019b75', 'LDL_cholesterol', 175, NULL, 'mg/dL'::text, CURRENT_TIMESTAMP, 'final');
INSERT INTO observations (patient_id, observation_type, value_numeric, value_text, unit, observation_date, status)
VALUES ('2bc034ba-dd68-4e29-8ef3-0542c5019b75', 'HDL_cholesterol', 68, NULL, 'mg/dL'::text, CURRENT_TIMESTAMP, 'final');
INSERT INTO observations (patient_id, observation_type, value_numeric, value_text, unit, observation_date, status)
VALUES ('2bc034ba-dd68-4e29-8ef3-0542c5019b75', 'BMI', 19.8, NULL, 'kg/m²'::text, CURRENT_TIMESTAMP, 'final');
INSERT INTO observations (patient_id, observation_type, value_numeric, value_text, unit, observation_date, status)
VALUES ('2bc034ba-dd68-4e29-8ef3-0542c5019b75', 'hemoglobin', 13.1, NULL, 'g/dL'::text, CURRENT_TIMESTAMP, 'final');
INSERT INTO observations (patient_id, observation_type, value_numeric, value_text, unit, observation_date, status)
VALUES ('2bc034ba-dd68-4e29-8ef3-0542c5019b75', 'potassium', 4.8, NULL, 'mEq/L'::text, CURRENT_TIMESTAMP, 'final');
INSERT INTO observations (patient_id, observation_type, value_numeric, value_text, unit, observation_date, status)
VALUES ('2bc034ba-dd68-4e29-8ef3-0542c5019b75', 'calcium', 9.7, NULL, 'mg/dL'::text, CURRENT_TIMESTAMP, 'final');
INSERT INTO observations (patient_id, observation_type, value_numeric, value_text, unit, observation_date, status)
VALUES ('2bc034ba-dd68-4e29-8ef3-0542c5019b75', 'phosphorus', 3.5, NULL, 'mg/dL'::text, CURRENT_TIMESTAMP, 'final');
INSERT INTO observations (patient_id, observation_type, value_numeric, value_text, unit, observation_date, status)
VALUES ('2bc034ba-dd68-4e29-8ef3-0542c5019b75', 'albumin', 2.8, NULL, 'g/dL'::text, CURRENT_TIMESTAMP, 'final');

-- Patient: Jacob Stevens
INSERT INTO patients (
    id, medical_record_number, first_name, last_name, date_of_birth, gender, email, phone,
    weight, height, smoking_status, cvd_history, family_history_esrd,
    on_ras_inhibitor, on_sglt2i, nephrotoxic_meds, nephrologist_referral,
    diagnosis_date, last_visit_date, next_visit_date
) VALUES (
    'ebc90bad-463f-4e06-88d6-9dcddd780136', 'MRN062'::text, 'Jacob'::text, 'Stevens'::text,
    '1981-11-09', 'male'::text, 'jacob.stevens@email.com'::text, '+1-555-0001',
    105.0, 184, 'Former'::text,
    false, true,
    true, false,
    false, false,
    '2025-05-11', '2025-10-25'::text, '2026-04-16'::text
);
INSERT INTO observations (patient_id, observation_type, value_numeric, value_text, unit, observation_date, status)
VALUES ('ebc90bad-463f-4e06-88d6-9dcddd780136', 'eGFR', 80.79, NULL, 'mL/min/1.73m²'::text, CURRENT_TIMESTAMP, 'final');
INSERT INTO observations (patient_id, observation_type, value_numeric, value_text, unit, observation_date, status)
VALUES ('ebc90bad-463f-4e06-88d6-9dcddd780136', 'eGFR_trend', NULL, 'up'::text, NULL, CURRENT_TIMESTAMP, 'final');
INSERT INTO observations (patient_id, observation_type, value_numeric, value_text, unit, observation_date, status)
VALUES ('ebc90bad-463f-4e06-88d6-9dcddd780136', 'eGFR_change_percent', -0.9, NULL, '%'::text, CURRENT_TIMESTAMP, 'final');
INSERT INTO observations (patient_id, observation_type, value_numeric, value_text, unit, observation_date, status)
VALUES ('ebc90bad-463f-4e06-88d6-9dcddd780136', 'serum_creatinine', 1.12, NULL, 'mg/dL'::text, CURRENT_TIMESTAMP, 'final');
INSERT INTO observations (patient_id, observation_type, value_numeric, value_text, unit, observation_date, status)
VALUES ('ebc90bad-463f-4e06-88d6-9dcddd780136', 'BUN', 26, NULL, 'mg/dL'::text, CURRENT_TIMESTAMP, 'final');
INSERT INTO observations (patient_id, observation_type, value_numeric, value_text, unit, observation_date, status)
VALUES ('ebc90bad-463f-4e06-88d6-9dcddd780136', 'uACR', 62.48, NULL, 'mg/g'::text, CURRENT_TIMESTAMP, 'final');
INSERT INTO observations (patient_id, observation_type, value_numeric, value_text, unit, observation_date, status)
VALUES ('ebc90bad-463f-4e06-88d6-9dcddd780136', 'proteinuria_category', NULL, 'A2'::text, NULL, CURRENT_TIMESTAMP, 'final');
INSERT INTO observations (patient_id, observation_type, value_numeric, value_text, unit, observation_date, status)
VALUES ('ebc90bad-463f-4e06-88d6-9dcddd780136', 'blood_pressure_systolic', 127, NULL, 'mmHg'::text, CURRENT_TIMESTAMP, 'final');
INSERT INTO observations (patient_id, observation_type, value_numeric, value_text, unit, observation_date, status)
VALUES ('ebc90bad-463f-4e06-88d6-9dcddd780136', 'blood_pressure_diastolic', 77, NULL, 'mmHg'::text, CURRENT_TIMESTAMP, 'final');
INSERT INTO observations (patient_id, observation_type, value_numeric, value_text, unit, observation_date, status)
VALUES ('ebc90bad-463f-4e06-88d6-9dcddd780136', 'HbA1c', 5.8, NULL, '%'::text, CURRENT_TIMESTAMP, 'final');
INSERT INTO observations (patient_id, observation_type, value_numeric, value_text, unit, observation_date, status)
VALUES ('ebc90bad-463f-4e06-88d6-9dcddd780136', 'LDL_cholesterol', 140, NULL, 'mg/dL'::text, CURRENT_TIMESTAMP, 'final');
INSERT INTO observations (patient_id, observation_type, value_numeric, value_text, unit, observation_date, status)
VALUES ('ebc90bad-463f-4e06-88d6-9dcddd780136', 'HDL_cholesterol', 31, NULL, 'mg/dL'::text, CURRENT_TIMESTAMP, 'final');
INSERT INTO observations (patient_id, observation_type, value_numeric, value_text, unit, observation_date, status)
VALUES ('ebc90bad-463f-4e06-88d6-9dcddd780136', 'BMI', 31.0, NULL, 'kg/m²'::text, CURRENT_TIMESTAMP, 'final');
INSERT INTO observations (patient_id, observation_type, value_numeric, value_text, unit, observation_date, status)
VALUES ('ebc90bad-463f-4e06-88d6-9dcddd780136', 'hemoglobin', 13.9, NULL, 'g/dL'::text, CURRENT_TIMESTAMP, 'final');
INSERT INTO observations (patient_id, observation_type, value_numeric, value_text, unit, observation_date, status)
VALUES ('ebc90bad-463f-4e06-88d6-9dcddd780136', 'potassium', 4.5, NULL, 'mEq/L'::text, CURRENT_TIMESTAMP, 'final');
INSERT INTO observations (patient_id, observation_type, value_numeric, value_text, unit, observation_date, status)
VALUES ('ebc90bad-463f-4e06-88d6-9dcddd780136', 'calcium', 9.0, NULL, 'mg/dL'::text, CURRENT_TIMESTAMP, 'final');
INSERT INTO observations (patient_id, observation_type, value_numeric, value_text, unit, observation_date, status)
VALUES ('ebc90bad-463f-4e06-88d6-9dcddd780136', 'phosphorus', 3.7, NULL, 'mg/dL'::text, CURRENT_TIMESTAMP, 'final');
INSERT INTO observations (patient_id, observation_type, value_numeric, value_text, unit, observation_date, status)
VALUES ('ebc90bad-463f-4e06-88d6-9dcddd780136', 'albumin', 2.9, NULL, 'g/dL'::text, CURRENT_TIMESTAMP, 'final');
INSERT INTO conditions (patient_id, condition_code, condition_name, clinical_status, onset_date, recorded_date, severity)
VALUES ('ebc90bad-463f-4e06-88d6-9dcddd780136', 'I10', 'Essential Hypertension', 'active', '2025-05-11', CURRENT_TIMESTAMP, 'moderate');
INSERT INTO conditions (patient_id, condition_code, condition_name, clinical_status, onset_date, recorded_date, severity)
VALUES ('ebc90bad-463f-4e06-88d6-9dcddd780136', 'N18.2', 'Chronic Kidney Disease, Stage 2', 'active', '2025-05-11', CURRENT_TIMESTAMP, 'mild');

-- Patient: Elizabeth Daniels
INSERT INTO patients (
    id, medical_record_number, first_name, last_name, date_of_birth, gender, email, phone,
    weight, height, smoking_status, cvd_history, family_history_esrd,
    on_ras_inhibitor, on_sglt2i, nephrotoxic_meds, nephrologist_referral,
    diagnosis_date, last_visit_date, next_visit_date
) VALUES (
    'fbf4f9fd-1396-45d3-9dc3-725172bf4df0', 'MRN063'::text, 'Elizabeth'::text, 'Daniels'::text,
    '1962-11-09', 'female'::text, 'elizabeth.daniels@email.com'::text, '+1-555-0001',
    100.1, 156, 'Current'::text,
    false, false,
    false, true,
    false, true,
    '2016-02-28', '2025-10-10'::text, '2025-12-01'::text
);
INSERT INTO observations (patient_id, observation_type, value_numeric, value_text, unit, observation_date, status)
VALUES ('fbf4f9fd-1396-45d3-9dc3-725172bf4df0', 'eGFR', 11.26, NULL, 'mL/min/1.73m²'::text, CURRENT_TIMESTAMP, 'final');
INSERT INTO observations (patient_id, observation_type, value_numeric, value_text, unit, observation_date, status)
VALUES ('fbf4f9fd-1396-45d3-9dc3-725172bf4df0', 'eGFR_trend', NULL, 'down'::text, NULL, CURRENT_TIMESTAMP, 'final');
INSERT INTO observations (patient_id, observation_type, value_numeric, value_text, unit, observation_date, status)
VALUES ('fbf4f9fd-1396-45d3-9dc3-725172bf4df0', 'eGFR_change_percent', -9.2, NULL, '%'::text, CURRENT_TIMESTAMP, 'final');
INSERT INTO observations (patient_id, observation_type, value_numeric, value_text, unit, observation_date, status)
VALUES ('fbf4f9fd-1396-45d3-9dc3-725172bf4df0', 'serum_creatinine', 5.13, NULL, 'mg/dL'::text, CURRENT_TIMESTAMP, 'final');
INSERT INTO observations (patient_id, observation_type, value_numeric, value_text, unit, observation_date, status)
VALUES ('fbf4f9fd-1396-45d3-9dc3-725172bf4df0', 'BUN', 244, NULL, 'mg/dL'::text, CURRENT_TIMESTAMP, 'final');
INSERT INTO observations (patient_id, observation_type, value_numeric, value_text, unit, observation_date, status)
VALUES ('fbf4f9fd-1396-45d3-9dc3-725172bf4df0', 'uACR', 447.53, NULL, 'mg/g'::text, CURRENT_TIMESTAMP, 'final');
INSERT INTO observations (patient_id, observation_type, value_numeric, value_text, unit, observation_date, status)
VALUES ('fbf4f9fd-1396-45d3-9dc3-725172bf4df0', 'proteinuria_category', NULL, 'A3'::text, NULL, CURRENT_TIMESTAMP, 'final');
INSERT INTO observations (patient_id, observation_type, value_numeric, value_text, unit, observation_date, status)
VALUES ('fbf4f9fd-1396-45d3-9dc3-725172bf4df0', 'blood_pressure_systolic', 160, NULL, 'mmHg'::text, CURRENT_TIMESTAMP, 'final');
INSERT INTO observations (patient_id, observation_type, value_numeric, value_text, unit, observation_date, status)
VALUES ('fbf4f9fd-1396-45d3-9dc3-725172bf4df0', 'blood_pressure_diastolic', 109, NULL, 'mmHg'::text, CURRENT_TIMESTAMP, 'final');
INSERT INTO observations (patient_id, observation_type, value_numeric, value_text, unit, observation_date, status)
VALUES ('fbf4f9fd-1396-45d3-9dc3-725172bf4df0', 'HbA1c', 8.0, NULL, '%'::text, CURRENT_TIMESTAMP, 'final');
INSERT INTO observations (patient_id, observation_type, value_numeric, value_text, unit, observation_date, status)
VALUES ('fbf4f9fd-1396-45d3-9dc3-725172bf4df0', 'LDL_cholesterol', 142, NULL, 'mg/dL'::text, CURRENT_TIMESTAMP, 'final');
INSERT INTO observations (patient_id, observation_type, value_numeric, value_text, unit, observation_date, status)
VALUES ('fbf4f9fd-1396-45d3-9dc3-725172bf4df0', 'HDL_cholesterol', 70, NULL, 'mg/dL'::text, CURRENT_TIMESTAMP, 'final');
INSERT INTO observations (patient_id, observation_type, value_numeric, value_text, unit, observation_date, status)
VALUES ('fbf4f9fd-1396-45d3-9dc3-725172bf4df0', 'BMI', 41.1, NULL, 'kg/m²'::text, CURRENT_TIMESTAMP, 'final');
INSERT INTO observations (patient_id, observation_type, value_numeric, value_text, unit, observation_date, status)
VALUES ('fbf4f9fd-1396-45d3-9dc3-725172bf4df0', 'hemoglobin', 10.0, NULL, 'g/dL'::text, CURRENT_TIMESTAMP, 'final');
INSERT INTO observations (patient_id, observation_type, value_numeric, value_text, unit, observation_date, status)
VALUES ('fbf4f9fd-1396-45d3-9dc3-725172bf4df0', 'potassium', 5.3, NULL, 'mEq/L'::text, CURRENT_TIMESTAMP, 'final');
INSERT INTO observations (patient_id, observation_type, value_numeric, value_text, unit, observation_date, status)
VALUES ('fbf4f9fd-1396-45d3-9dc3-725172bf4df0', 'calcium', 8.9, NULL, 'mg/dL'::text, CURRENT_TIMESTAMP, 'final');
INSERT INTO observations (patient_id, observation_type, value_numeric, value_text, unit, observation_date, status)
VALUES ('fbf4f9fd-1396-45d3-9dc3-725172bf4df0', 'phosphorus', 6.2, NULL, 'mg/dL'::text, CURRENT_TIMESTAMP, 'final');
INSERT INTO observations (patient_id, observation_type, value_numeric, value_text, unit, observation_date, status)
VALUES ('fbf4f9fd-1396-45d3-9dc3-725172bf4df0', 'albumin', 2.0, NULL, 'g/dL'::text, CURRENT_TIMESTAMP, 'final');
INSERT INTO conditions (patient_id, condition_code, condition_name, clinical_status, onset_date, recorded_date, severity)
VALUES ('fbf4f9fd-1396-45d3-9dc3-725172bf4df0', 'E11.9', 'Type 2 Diabetes Mellitus', 'active', '2016-02-28', CURRENT_TIMESTAMP, 'moderate');
INSERT INTO conditions (patient_id, condition_code, condition_name, clinical_status, onset_date, recorded_date, severity)
VALUES ('fbf4f9fd-1396-45d3-9dc3-725172bf4df0', 'N18.5', 'Chronic Kidney Disease, Stage 5', 'active', '2016-02-28', CURRENT_TIMESTAMP, 'severe');

-- Patient: Sophie Ray
INSERT INTO patients (
    id, medical_record_number, first_name, last_name, date_of_birth, gender, email, phone,
    weight, height, smoking_status, cvd_history, family_history_esrd,
    on_ras_inhibitor, on_sglt2i, nephrotoxic_meds, nephrologist_referral,
    diagnosis_date, last_visit_date, next_visit_date
) VALUES (
    '425a1e75-323c-40e9-b1e8-d1c0505bc4a1', 'MRN064'::text, 'Sophie'::text, 'Ray'::text,
    '1985-11-09', 'female'::text, 'sophie.ray@email.com'::text, '+1-555-0001',
    58.1, 180, 'Never'::text,
    false, true,
    false, false,
    false, false,
    NULL, '2025-11-01'::text, '2026-04-22'::text
);
INSERT INTO observations (patient_id, observation_type, value_numeric, value_text, unit, observation_date, status)
VALUES ('425a1e75-323c-40e9-b1e8-d1c0505bc4a1', 'eGFR', 90.35, NULL, 'mL/min/1.73m²'::text, CURRENT_TIMESTAMP, 'final');
INSERT INTO observations (patient_id, observation_type, value_numeric, value_text, unit, observation_date, status)
VALUES ('425a1e75-323c-40e9-b1e8-d1c0505bc4a1', 'eGFR_trend', NULL, 'stable'::text, NULL, CURRENT_TIMESTAMP, 'final');
INSERT INTO observations (patient_id, observation_type, value_numeric, value_text, unit, observation_date, status)
VALUES ('425a1e75-323c-40e9-b1e8-d1c0505bc4a1', 'eGFR_change_percent', 4.0, NULL, '%'::text, CURRENT_TIMESTAMP, 'final');
INSERT INTO observations (patient_id, observation_type, value_numeric, value_text, unit, observation_date, status)
VALUES ('425a1e75-323c-40e9-b1e8-d1c0505bc4a1', 'serum_creatinine', 0.78, NULL, 'mg/dL'::text, CURRENT_TIMESTAMP, 'final');
INSERT INTO observations (patient_id, observation_type, value_numeric, value_text, unit, observation_date, status)
VALUES ('425a1e75-323c-40e9-b1e8-d1c0505bc4a1', 'BUN', 49, NULL, 'mg/dL'::text, CURRENT_TIMESTAMP, 'final');
INSERT INTO observations (patient_id, observation_type, value_numeric, value_text, unit, observation_date, status)
VALUES ('425a1e75-323c-40e9-b1e8-d1c0505bc4a1', 'uACR', 33.04, NULL, 'mg/g'::text, CURRENT_TIMESTAMP, 'final');
INSERT INTO observations (patient_id, observation_type, value_numeric, value_text, unit, observation_date, status)
VALUES ('425a1e75-323c-40e9-b1e8-d1c0505bc4a1', 'proteinuria_category', NULL, 'A1'::text, NULL, CURRENT_TIMESTAMP, 'final');
INSERT INTO observations (patient_id, observation_type, value_numeric, value_text, unit, observation_date, status)
VALUES ('425a1e75-323c-40e9-b1e8-d1c0505bc4a1', 'blood_pressure_systolic', 133, NULL, 'mmHg'::text, CURRENT_TIMESTAMP, 'final');
INSERT INTO observations (patient_id, observation_type, value_numeric, value_text, unit, observation_date, status)
VALUES ('425a1e75-323c-40e9-b1e8-d1c0505bc4a1', 'blood_pressure_diastolic', 81, NULL, 'mmHg'::text, CURRENT_TIMESTAMP, 'final');
INSERT INTO observations (patient_id, observation_type, value_numeric, value_text, unit, observation_date, status)
VALUES ('425a1e75-323c-40e9-b1e8-d1c0505bc4a1', 'HbA1c', 5.4, NULL, '%'::text, CURRENT_TIMESTAMP, 'final');
INSERT INTO observations (patient_id, observation_type, value_numeric, value_text, unit, observation_date, status)
VALUES ('425a1e75-323c-40e9-b1e8-d1c0505bc4a1', 'LDL_cholesterol', 155, NULL, 'mg/dL'::text, CURRENT_TIMESTAMP, 'final');
INSERT INTO observations (patient_id, observation_type, value_numeric, value_text, unit, observation_date, status)
VALUES ('425a1e75-323c-40e9-b1e8-d1c0505bc4a1', 'HDL_cholesterol', 67, NULL, 'mg/dL'::text, CURRENT_TIMESTAMP, 'final');
INSERT INTO observations (patient_id, observation_type, value_numeric, value_text, unit, observation_date, status)
VALUES ('425a1e75-323c-40e9-b1e8-d1c0505bc4a1', 'BMI', 17.9, NULL, 'kg/m²'::text, CURRENT_TIMESTAMP, 'final');
INSERT INTO observations (patient_id, observation_type, value_numeric, value_text, unit, observation_date, status)
VALUES ('425a1e75-323c-40e9-b1e8-d1c0505bc4a1', 'hemoglobin', 13.4, NULL, 'g/dL'::text, CURRENT_TIMESTAMP, 'final');
INSERT INTO observations (patient_id, observation_type, value_numeric, value_text, unit, observation_date, status)
VALUES ('425a1e75-323c-40e9-b1e8-d1c0505bc4a1', 'potassium', 4.9, NULL, 'mEq/L'::text, CURRENT_TIMESTAMP, 'final');
INSERT INTO observations (patient_id, observation_type, value_numeric, value_text, unit, observation_date, status)
VALUES ('425a1e75-323c-40e9-b1e8-d1c0505bc4a1', 'calcium', 9.1, NULL, 'mg/dL'::text, CURRENT_TIMESTAMP, 'final');
INSERT INTO observations (patient_id, observation_type, value_numeric, value_text, unit, observation_date, status)
VALUES ('425a1e75-323c-40e9-b1e8-d1c0505bc4a1', 'phosphorus', 3.6, NULL, 'mg/dL'::text, CURRENT_TIMESTAMP, 'final');
INSERT INTO observations (patient_id, observation_type, value_numeric, value_text, unit, observation_date, status)
VALUES ('425a1e75-323c-40e9-b1e8-d1c0505bc4a1', 'albumin', 4.2, NULL, 'g/dL'::text, CURRENT_TIMESTAMP, 'final');

-- Patient: Timothy Sims
INSERT INTO patients (
    id, medical_record_number, first_name, last_name, date_of_birth, gender, email, phone,
    weight, height, smoking_status, cvd_history, family_history_esrd,
    on_ras_inhibitor, on_sglt2i, nephrotoxic_meds, nephrologist_referral,
    diagnosis_date, last_visit_date, next_visit_date
) VALUES (
    'a7eb48b6-74ed-41b4-92b5-eb035e39a4df', 'MRN065'::text, 'Timothy'::text, 'Sims'::text,
    '1986-11-09', 'male'::text, 'timothy.sims@email.com'::text, '+1-555-0001',
    89.6, 179, 'Former'::text,
    false, false,
    false, false,
    false, false,
    NULL, '2025-10-21'::text, '2026-04-17'::text
);
INSERT INTO observations (patient_id, observation_type, value_numeric, value_text, unit, observation_date, status)
VALUES ('a7eb48b6-74ed-41b4-92b5-eb035e39a4df', 'eGFR', 106.07, NULL, 'mL/min/1.73m²'::text, CURRENT_TIMESTAMP, 'final');
INSERT INTO observations (patient_id, observation_type, value_numeric, value_text, unit, observation_date, status)
VALUES ('a7eb48b6-74ed-41b4-92b5-eb035e39a4df', 'eGFR_trend', NULL, 'stable'::text, NULL, CURRENT_TIMESTAMP, 'final');
INSERT INTO observations (patient_id, observation_type, value_numeric, value_text, unit, observation_date, status)
VALUES ('a7eb48b6-74ed-41b4-92b5-eb035e39a4df', 'eGFR_change_percent', 3.3, NULL, '%'::text, CURRENT_TIMESTAMP, 'final');
INSERT INTO observations (patient_id, observation_type, value_numeric, value_text, unit, observation_date, status)
VALUES ('a7eb48b6-74ed-41b4-92b5-eb035e39a4df', 'serum_creatinine', 0.98, NULL, 'mg/dL'::text, CURRENT_TIMESTAMP, 'final');
INSERT INTO observations (patient_id, observation_type, value_numeric, value_text, unit, observation_date, status)
VALUES ('a7eb48b6-74ed-41b4-92b5-eb035e39a4df', 'BUN', 94, NULL, 'mg/dL'::text, CURRENT_TIMESTAMP, 'final');
INSERT INTO observations (patient_id, observation_type, value_numeric, value_text, unit, observation_date, status)
VALUES ('a7eb48b6-74ed-41b4-92b5-eb035e39a4df', 'uACR', 13.19, NULL, 'mg/g'::text, CURRENT_TIMESTAMP, 'final');
INSERT INTO observations (patient_id, observation_type, value_numeric, value_text, unit, observation_date, status)
VALUES ('a7eb48b6-74ed-41b4-92b5-eb035e39a4df', 'proteinuria_category', NULL, 'A1'::text, NULL, CURRENT_TIMESTAMP, 'final');
INSERT INTO observations (patient_id, observation_type, value_numeric, value_text, unit, observation_date, status)
VALUES ('a7eb48b6-74ed-41b4-92b5-eb035e39a4df', 'blood_pressure_systolic', 111, NULL, 'mmHg'::text, CURRENT_TIMESTAMP, 'final');
INSERT INTO observations (patient_id, observation_type, value_numeric, value_text, unit, observation_date, status)
VALUES ('a7eb48b6-74ed-41b4-92b5-eb035e39a4df', 'blood_pressure_diastolic', 81, NULL, 'mmHg'::text, CURRENT_TIMESTAMP, 'final');
INSERT INTO observations (patient_id, observation_type, value_numeric, value_text, unit, observation_date, status)
VALUES ('a7eb48b6-74ed-41b4-92b5-eb035e39a4df', 'HbA1c', 5.8, NULL, '%'::text, CURRENT_TIMESTAMP, 'final');
INSERT INTO observations (patient_id, observation_type, value_numeric, value_text, unit, observation_date, status)
VALUES ('a7eb48b6-74ed-41b4-92b5-eb035e39a4df', 'LDL_cholesterol', 165, NULL, 'mg/dL'::text, CURRENT_TIMESTAMP, 'final');
INSERT INTO observations (patient_id, observation_type, value_numeric, value_text, unit, observation_date, status)
VALUES ('a7eb48b6-74ed-41b4-92b5-eb035e39a4df', 'HDL_cholesterol', 67, NULL, 'mg/dL'::text, CURRENT_TIMESTAMP, 'final');
INSERT INTO observations (patient_id, observation_type, value_numeric, value_text, unit, observation_date, status)
VALUES ('a7eb48b6-74ed-41b4-92b5-eb035e39a4df', 'BMI', 28.0, NULL, 'kg/m²'::text, CURRENT_TIMESTAMP, 'final');
INSERT INTO observations (patient_id, observation_type, value_numeric, value_text, unit, observation_date, status)
VALUES ('a7eb48b6-74ed-41b4-92b5-eb035e39a4df', 'hemoglobin', 12.7, NULL, 'g/dL'::text, CURRENT_TIMESTAMP, 'final');
INSERT INTO observations (patient_id, observation_type, value_numeric, value_text, unit, observation_date, status)
VALUES ('a7eb48b6-74ed-41b4-92b5-eb035e39a4df', 'potassium', 4.8, NULL, 'mEq/L'::text, CURRENT_TIMESTAMP, 'final');
INSERT INTO observations (patient_id, observation_type, value_numeric, value_text, unit, observation_date, status)
VALUES ('a7eb48b6-74ed-41b4-92b5-eb035e39a4df', 'calcium', 8.3, NULL, 'mg/dL'::text, CURRENT_TIMESTAMP, 'final');
INSERT INTO observations (patient_id, observation_type, value_numeric, value_text, unit, observation_date, status)
VALUES ('a7eb48b6-74ed-41b4-92b5-eb035e39a4df', 'phosphorus', 3.2, NULL, 'mg/dL'::text, CURRENT_TIMESTAMP, 'final');
INSERT INTO observations (patient_id, observation_type, value_numeric, value_text, unit, observation_date, status)
VALUES ('a7eb48b6-74ed-41b4-92b5-eb035e39a4df', 'albumin', 4.0, NULL, 'g/dL'::text, CURRENT_TIMESTAMP, 'final');

-- Patient: Diane Kelly
INSERT INTO patients (
    id, medical_record_number, first_name, last_name, date_of_birth, gender, email, phone,
    weight, height, smoking_status, cvd_history, family_history_esrd,
    on_ras_inhibitor, on_sglt2i, nephrotoxic_meds, nephrologist_referral,
    diagnosis_date, last_visit_date, next_visit_date
) VALUES (
    '5a7c25a3-6945-425d-bb17-11c7a8bb123c', 'MRN066'::text, 'Diane'::text, 'Kelly'::text,
    '1980-11-09', 'female'::text, 'diane.kelly@email.com'::text, '+1-555-0001',
    90.8, 173, 'Former'::text,
    false, false,
    false, true,
    false, false,
    '2023-08-29', '2025-10-15'::text, '2026-03-14'::text
);
INSERT INTO observations (patient_id, observation_type, value_numeric, value_text, unit, observation_date, status)
VALUES ('5a7c25a3-6945-425d-bb17-11c7a8bb123c', 'eGFR', 74.35, NULL, 'mL/min/1.73m²'::text, CURRENT_TIMESTAMP, 'final');
INSERT INTO observations (patient_id, observation_type, value_numeric, value_text, unit, observation_date, status)
VALUES ('5a7c25a3-6945-425d-bb17-11c7a8bb123c', 'eGFR_trend', NULL, 'down'::text, NULL, CURRENT_TIMESTAMP, 'final');
INSERT INTO observations (patient_id, observation_type, value_numeric, value_text, unit, observation_date, status)
VALUES ('5a7c25a3-6945-425d-bb17-11c7a8bb123c', 'eGFR_change_percent', -0.4, NULL, '%'::text, CURRENT_TIMESTAMP, 'final');
INSERT INTO observations (patient_id, observation_type, value_numeric, value_text, unit, observation_date, status)
VALUES ('5a7c25a3-6945-425d-bb17-11c7a8bb123c', 'serum_creatinine', 0.98, NULL, 'mg/dL'::text, CURRENT_TIMESTAMP, 'final');
INSERT INTO observations (patient_id, observation_type, value_numeric, value_text, unit, observation_date, status)
VALUES ('5a7c25a3-6945-425d-bb17-11c7a8bb123c', 'BUN', 24, NULL, 'mg/dL'::text, CURRENT_TIMESTAMP, 'final');
INSERT INTO observations (patient_id, observation_type, value_numeric, value_text, unit, observation_date, status)
VALUES ('5a7c25a3-6945-425d-bb17-11c7a8bb123c', 'uACR', 99.39, NULL, 'mg/g'::text, CURRENT_TIMESTAMP, 'final');
INSERT INTO observations (patient_id, observation_type, value_numeric, value_text, unit, observation_date, status)
VALUES ('5a7c25a3-6945-425d-bb17-11c7a8bb123c', 'proteinuria_category', NULL, 'A1'::text, NULL, CURRENT_TIMESTAMP, 'final');
INSERT INTO observations (patient_id, observation_type, value_numeric, value_text, unit, observation_date, status)
VALUES ('5a7c25a3-6945-425d-bb17-11c7a8bb123c', 'blood_pressure_systolic', 138, NULL, 'mmHg'::text, CURRENT_TIMESTAMP, 'final');
INSERT INTO observations (patient_id, observation_type, value_numeric, value_text, unit, observation_date, status)
VALUES ('5a7c25a3-6945-425d-bb17-11c7a8bb123c', 'blood_pressure_diastolic', 81, NULL, 'mmHg'::text, CURRENT_TIMESTAMP, 'final');
INSERT INTO observations (patient_id, observation_type, value_numeric, value_text, unit, observation_date, status)
VALUES ('5a7c25a3-6945-425d-bb17-11c7a8bb123c', 'HbA1c', 8.7, NULL, '%'::text, CURRENT_TIMESTAMP, 'final');
INSERT INTO observations (patient_id, observation_type, value_numeric, value_text, unit, observation_date, status)
VALUES ('5a7c25a3-6945-425d-bb17-11c7a8bb123c', 'LDL_cholesterol', 167, NULL, 'mg/dL'::text, CURRENT_TIMESTAMP, 'final');
INSERT INTO observations (patient_id, observation_type, value_numeric, value_text, unit, observation_date, status)
VALUES ('5a7c25a3-6945-425d-bb17-11c7a8bb123c', 'HDL_cholesterol', 53, NULL, 'mg/dL'::text, CURRENT_TIMESTAMP, 'final');
INSERT INTO observations (patient_id, observation_type, value_numeric, value_text, unit, observation_date, status)
VALUES ('5a7c25a3-6945-425d-bb17-11c7a8bb123c', 'BMI', 30.3, NULL, 'kg/m²'::text, CURRENT_TIMESTAMP, 'final');
INSERT INTO observations (patient_id, observation_type, value_numeric, value_text, unit, observation_date, status)
VALUES ('5a7c25a3-6945-425d-bb17-11c7a8bb123c', 'hemoglobin', 14.7, NULL, 'g/dL'::text, CURRENT_TIMESTAMP, 'final');
INSERT INTO observations (patient_id, observation_type, value_numeric, value_text, unit, observation_date, status)
VALUES ('5a7c25a3-6945-425d-bb17-11c7a8bb123c', 'potassium', 4.9, NULL, 'mEq/L'::text, CURRENT_TIMESTAMP, 'final');
INSERT INTO observations (patient_id, observation_type, value_numeric, value_text, unit, observation_date, status)
VALUES ('5a7c25a3-6945-425d-bb17-11c7a8bb123c', 'calcium', 8.8, NULL, 'mg/dL'::text, CURRENT_TIMESTAMP, 'final');
INSERT INTO observations (patient_id, observation_type, value_numeric, value_text, unit, observation_date, status)
VALUES ('5a7c25a3-6945-425d-bb17-11c7a8bb123c', 'phosphorus', 3.4, NULL, 'mg/dL'::text, CURRENT_TIMESTAMP, 'final');
INSERT INTO observations (patient_id, observation_type, value_numeric, value_text, unit, observation_date, status)
VALUES ('5a7c25a3-6945-425d-bb17-11c7a8bb123c', 'albumin', 2.4, NULL, 'g/dL'::text, CURRENT_TIMESTAMP, 'final');
INSERT INTO conditions (patient_id, condition_code, condition_name, clinical_status, onset_date, recorded_date, severity)
VALUES ('5a7c25a3-6945-425d-bb17-11c7a8bb123c', 'E11.9', 'Type 2 Diabetes Mellitus', 'active', '2023-08-29', CURRENT_TIMESTAMP, 'moderate');
INSERT INTO conditions (patient_id, condition_code, condition_name, clinical_status, onset_date, recorded_date, severity)
VALUES ('5a7c25a3-6945-425d-bb17-11c7a8bb123c', 'I10', 'Essential Hypertension', 'active', '2023-08-29', CURRENT_TIMESTAMP, 'moderate');
INSERT INTO conditions (patient_id, condition_code, condition_name, clinical_status, onset_date, recorded_date, severity)
VALUES ('5a7c25a3-6945-425d-bb17-11c7a8bb123c', 'N18.2', 'Chronic Kidney Disease, Stage 2', 'active', '2023-08-29', CURRENT_TIMESTAMP, 'mild');

-- Patient: Scott Torres
INSERT INTO patients (
    id, medical_record_number, first_name, last_name, date_of_birth, gender, email, phone,
    weight, height, smoking_status, cvd_history, family_history_esrd,
    on_ras_inhibitor, on_sglt2i, nephrotoxic_meds, nephrologist_referral,
    diagnosis_date, last_visit_date, next_visit_date
) VALUES (
    'b8673cb5-f80d-433e-b366-212ff9352860', 'MRN067'::text, 'Scott'::text, 'Torres'::text,
    '1982-11-09', 'male'::text, 'scott.torres@email.com'::text, '+1-555-0001',
    75.9, 173, 'Never'::text,
    false, false,
    false, false,
    false, false,
    NULL, '2025-10-27'::text, '2026-04-04'::text
);
INSERT INTO observations (patient_id, observation_type, value_numeric, value_text, unit, observation_date, status)
VALUES ('b8673cb5-f80d-433e-b366-212ff9352860', 'eGFR', 90.57, NULL, 'mL/min/1.73m²'::text, CURRENT_TIMESTAMP, 'final');
INSERT INTO observations (patient_id, observation_type, value_numeric, value_text, unit, observation_date, status)
VALUES ('b8673cb5-f80d-433e-b366-212ff9352860', 'eGFR_trend', NULL, 'stable'::text, NULL, CURRENT_TIMESTAMP, 'final');
INSERT INTO observations (patient_id, observation_type, value_numeric, value_text, unit, observation_date, status)
VALUES ('b8673cb5-f80d-433e-b366-212ff9352860', 'eGFR_change_percent', 4.5, NULL, '%'::text, CURRENT_TIMESTAMP, 'final');
INSERT INTO observations (patient_id, observation_type, value_numeric, value_text, unit, observation_date, status)
VALUES ('b8673cb5-f80d-433e-b366-212ff9352860', 'serum_creatinine', 0.86, NULL, 'mg/dL'::text, CURRENT_TIMESTAMP, 'final');
INSERT INTO observations (patient_id, observation_type, value_numeric, value_text, unit, observation_date, status)
VALUES ('b8673cb5-f80d-433e-b366-212ff9352860', 'BUN', 35, NULL, 'mg/dL'::text, CURRENT_TIMESTAMP, 'final');
INSERT INTO observations (patient_id, observation_type, value_numeric, value_text, unit, observation_date, status)
VALUES ('b8673cb5-f80d-433e-b366-212ff9352860', 'uACR', 37.75, NULL, 'mg/g'::text, CURRENT_TIMESTAMP, 'final');
INSERT INTO observations (patient_id, observation_type, value_numeric, value_text, unit, observation_date, status)
VALUES ('b8673cb5-f80d-433e-b366-212ff9352860', 'proteinuria_category', NULL, 'A1'::text, NULL, CURRENT_TIMESTAMP, 'final');
INSERT INTO observations (patient_id, observation_type, value_numeric, value_text, unit, observation_date, status)
VALUES ('b8673cb5-f80d-433e-b366-212ff9352860', 'blood_pressure_systolic', 135, NULL, 'mmHg'::text, CURRENT_TIMESTAMP, 'final');
INSERT INTO observations (patient_id, observation_type, value_numeric, value_text, unit, observation_date, status)
VALUES ('b8673cb5-f80d-433e-b366-212ff9352860', 'blood_pressure_diastolic', 71, NULL, 'mmHg'::text, CURRENT_TIMESTAMP, 'final');
INSERT INTO observations (patient_id, observation_type, value_numeric, value_text, unit, observation_date, status)
VALUES ('b8673cb5-f80d-433e-b366-212ff9352860', 'HbA1c', 6.1, NULL, '%'::text, CURRENT_TIMESTAMP, 'final');
INSERT INTO observations (patient_id, observation_type, value_numeric, value_text, unit, observation_date, status)
VALUES ('b8673cb5-f80d-433e-b366-212ff9352860', 'LDL_cholesterol', 173, NULL, 'mg/dL'::text, CURRENT_TIMESTAMP, 'final');
INSERT INTO observations (patient_id, observation_type, value_numeric, value_text, unit, observation_date, status)
VALUES ('b8673cb5-f80d-433e-b366-212ff9352860', 'HDL_cholesterol', 57, NULL, 'mg/dL'::text, CURRENT_TIMESTAMP, 'final');
INSERT INTO observations (patient_id, observation_type, value_numeric, value_text, unit, observation_date, status)
VALUES ('b8673cb5-f80d-433e-b366-212ff9352860', 'BMI', 25.4, NULL, 'kg/m²'::text, CURRENT_TIMESTAMP, 'final');
INSERT INTO observations (patient_id, observation_type, value_numeric, value_text, unit, observation_date, status)
VALUES ('b8673cb5-f80d-433e-b366-212ff9352860', 'hemoglobin', 14.8, NULL, 'g/dL'::text, CURRENT_TIMESTAMP, 'final');
INSERT INTO observations (patient_id, observation_type, value_numeric, value_text, unit, observation_date, status)
VALUES ('b8673cb5-f80d-433e-b366-212ff9352860', 'potassium', 4.4, NULL, 'mEq/L'::text, CURRENT_TIMESTAMP, 'final');
INSERT INTO observations (patient_id, observation_type, value_numeric, value_text, unit, observation_date, status)
VALUES ('b8673cb5-f80d-433e-b366-212ff9352860', 'calcium', 9.5, NULL, 'mg/dL'::text, CURRENT_TIMESTAMP, 'final');
INSERT INTO observations (patient_id, observation_type, value_numeric, value_text, unit, observation_date, status)
VALUES ('b8673cb5-f80d-433e-b366-212ff9352860', 'phosphorus', 3.9, NULL, 'mg/dL'::text, CURRENT_TIMESTAMP, 'final');
INSERT INTO observations (patient_id, observation_type, value_numeric, value_text, unit, observation_date, status)
VALUES ('b8673cb5-f80d-433e-b366-212ff9352860', 'albumin', 3.7, NULL, 'g/dL'::text, CURRENT_TIMESTAMP, 'final');

-- Patient: Allison Greene
INSERT INTO patients (
    id, medical_record_number, first_name, last_name, date_of_birth, gender, email, phone,
    weight, height, smoking_status, cvd_history, family_history_esrd,
    on_ras_inhibitor, on_sglt2i, nephrotoxic_meds, nephrologist_referral,
    diagnosis_date, last_visit_date, next_visit_date
) VALUES (
    'a9698d79-182c-4899-b905-8852020ddfef', 'MRN068'::text, 'Allison'::text, 'Greene'::text,
    '1983-11-09', 'female'::text, 'allison.greene@email.com'::text, '+1-555-0001',
    90.5, 174, 'Former'::text,
    false, false,
    true, false,
    false, false,
    '2024-07-23', '2025-10-31'::text, '2026-03-25'::text
);
INSERT INTO observations (patient_id, observation_type, value_numeric, value_text, unit, observation_date, status)
VALUES ('a9698d79-182c-4899-b905-8852020ddfef', 'eGFR', 113.62, NULL, 'mL/min/1.73m²'::text, CURRENT_TIMESTAMP, 'final');
INSERT INTO observations (patient_id, observation_type, value_numeric, value_text, unit, observation_date, status)
VALUES ('a9698d79-182c-4899-b905-8852020ddfef', 'eGFR_trend', NULL, 'up'::text, NULL, CURRENT_TIMESTAMP, 'final');
INSERT INTO observations (patient_id, observation_type, value_numeric, value_text, unit, observation_date, status)
VALUES ('a9698d79-182c-4899-b905-8852020ddfef', 'eGFR_change_percent', 4.7, NULL, '%'::text, CURRENT_TIMESTAMP, 'final');
INSERT INTO observations (patient_id, observation_type, value_numeric, value_text, unit, observation_date, status)
VALUES ('a9698d79-182c-4899-b905-8852020ddfef', 'serum_creatinine', 0.73, NULL, 'mg/dL'::text, CURRENT_TIMESTAMP, 'final');
INSERT INTO observations (patient_id, observation_type, value_numeric, value_text, unit, observation_date, status)
VALUES ('a9698d79-182c-4899-b905-8852020ddfef', 'BUN', 20, NULL, 'mg/dL'::text, CURRENT_TIMESTAMP, 'final');
INSERT INTO observations (patient_id, observation_type, value_numeric, value_text, unit, observation_date, status)
VALUES ('a9698d79-182c-4899-b905-8852020ddfef', 'uACR', 17.79, NULL, 'mg/g'::text, CURRENT_TIMESTAMP, 'final');
INSERT INTO observations (patient_id, observation_type, value_numeric, value_text, unit, observation_date, status)
VALUES ('a9698d79-182c-4899-b905-8852020ddfef', 'proteinuria_category', NULL, 'A1'::text, NULL, CURRENT_TIMESTAMP, 'final');
INSERT INTO observations (patient_id, observation_type, value_numeric, value_text, unit, observation_date, status)
VALUES ('a9698d79-182c-4899-b905-8852020ddfef', 'blood_pressure_systolic', 115, NULL, 'mmHg'::text, CURRENT_TIMESTAMP, 'final');
INSERT INTO observations (patient_id, observation_type, value_numeric, value_text, unit, observation_date, status)
VALUES ('a9698d79-182c-4899-b905-8852020ddfef', 'blood_pressure_diastolic', 85, NULL, 'mmHg'::text, CURRENT_TIMESTAMP, 'final');
INSERT INTO observations (patient_id, observation_type, value_numeric, value_text, unit, observation_date, status)
VALUES ('a9698d79-182c-4899-b905-8852020ddfef', 'HbA1c', 5.7, NULL, '%'::text, CURRENT_TIMESTAMP, 'final');
INSERT INTO observations (patient_id, observation_type, value_numeric, value_text, unit, observation_date, status)
VALUES ('a9698d79-182c-4899-b905-8852020ddfef', 'LDL_cholesterol', 118, NULL, 'mg/dL'::text, CURRENT_TIMESTAMP, 'final');
INSERT INTO observations (patient_id, observation_type, value_numeric, value_text, unit, observation_date, status)
VALUES ('a9698d79-182c-4899-b905-8852020ddfef', 'HDL_cholesterol', 64, NULL, 'mg/dL'::text, CURRENT_TIMESTAMP, 'final');
INSERT INTO observations (patient_id, observation_type, value_numeric, value_text, unit, observation_date, status)
VALUES ('a9698d79-182c-4899-b905-8852020ddfef', 'BMI', 29.9, NULL, 'kg/m²'::text, CURRENT_TIMESTAMP, 'final');
INSERT INTO observations (patient_id, observation_type, value_numeric, value_text, unit, observation_date, status)
VALUES ('a9698d79-182c-4899-b905-8852020ddfef', 'hemoglobin', 14.7, NULL, 'g/dL'::text, CURRENT_TIMESTAMP, 'final');
INSERT INTO observations (patient_id, observation_type, value_numeric, value_text, unit, observation_date, status)
VALUES ('a9698d79-182c-4899-b905-8852020ddfef', 'potassium', 4.8, NULL, 'mEq/L'::text, CURRENT_TIMESTAMP, 'final');
INSERT INTO observations (patient_id, observation_type, value_numeric, value_text, unit, observation_date, status)
VALUES ('a9698d79-182c-4899-b905-8852020ddfef', 'calcium', 8.1, NULL, 'mg/dL'::text, CURRENT_TIMESTAMP, 'final');
INSERT INTO observations (patient_id, observation_type, value_numeric, value_text, unit, observation_date, status)
VALUES ('a9698d79-182c-4899-b905-8852020ddfef', 'phosphorus', 3.5, NULL, 'mg/dL'::text, CURRENT_TIMESTAMP, 'final');
INSERT INTO observations (patient_id, observation_type, value_numeric, value_text, unit, observation_date, status)
VALUES ('a9698d79-182c-4899-b905-8852020ddfef', 'albumin', 3.2, NULL, 'g/dL'::text, CURRENT_TIMESTAMP, 'final');
INSERT INTO conditions (patient_id, condition_code, condition_name, clinical_status, onset_date, recorded_date, severity)
VALUES ('a9698d79-182c-4899-b905-8852020ddfef', 'N18.1', 'Chronic Kidney Disease, Stage 1', 'active', '2024-07-23', CURRENT_TIMESTAMP, 'mild');

-- Patient: Kathleen Mitchell
INSERT INTO patients (
    id, medical_record_number, first_name, last_name, date_of_birth, gender, email, phone,
    weight, height, smoking_status, cvd_history, family_history_esrd,
    on_ras_inhibitor, on_sglt2i, nephrotoxic_meds, nephrologist_referral,
    diagnosis_date, last_visit_date, next_visit_date
) VALUES (
    'da1719ba-d101-4da0-b24a-4b62fd91b5da', 'MRN069'::text, 'Kathleen'::text, 'Mitchell'::text,
    '1955-11-09', 'female'::text, 'kathleen.mitchell@email.com'::text, '+1-555-0001',
    64.1, 180, 'Never'::text,
    true, false,
    true, false,
    true, true,
    '2021-02-27', '2025-10-26'::text, '2025-11-23'::text
);
INSERT INTO observations (patient_id, observation_type, value_numeric, value_text, unit, observation_date, status)
VALUES ('da1719ba-d101-4da0-b24a-4b62fd91b5da', 'eGFR', 22.63, NULL, 'mL/min/1.73m²'::text, CURRENT_TIMESTAMP, 'final');
INSERT INTO observations (patient_id, observation_type, value_numeric, value_text, unit, observation_date, status)
VALUES ('da1719ba-d101-4da0-b24a-4b62fd91b5da', 'eGFR_trend', NULL, 'down'::text, NULL, CURRENT_TIMESTAMP, 'final');
INSERT INTO observations (patient_id, observation_type, value_numeric, value_text, unit, observation_date, status)
VALUES ('da1719ba-d101-4da0-b24a-4b62fd91b5da', 'eGFR_change_percent', -10.1, NULL, '%'::text, CURRENT_TIMESTAMP, 'final');
INSERT INTO observations (patient_id, observation_type, value_numeric, value_text, unit, observation_date, status)
VALUES ('da1719ba-d101-4da0-b24a-4b62fd91b5da', 'serum_creatinine', 3.4, NULL, 'mg/dL'::text, CURRENT_TIMESTAMP, 'final');
INSERT INTO observations (patient_id, observation_type, value_numeric, value_text, unit, observation_date, status)
VALUES ('da1719ba-d101-4da0-b24a-4b62fd91b5da', 'BUN', 182, NULL, 'mg/dL'::text, CURRENT_TIMESTAMP, 'final');
INSERT INTO observations (patient_id, observation_type, value_numeric, value_text, unit, observation_date, status)
VALUES ('da1719ba-d101-4da0-b24a-4b62fd91b5da', 'uACR', 264.22, NULL, 'mg/g'::text, CURRENT_TIMESTAMP, 'final');
INSERT INTO observations (patient_id, observation_type, value_numeric, value_text, unit, observation_date, status)
VALUES ('da1719ba-d101-4da0-b24a-4b62fd91b5da', 'proteinuria_category', NULL, 'A3'::text, NULL, CURRENT_TIMESTAMP, 'final');
INSERT INTO observations (patient_id, observation_type, value_numeric, value_text, unit, observation_date, status)
VALUES ('da1719ba-d101-4da0-b24a-4b62fd91b5da', 'blood_pressure_systolic', 156, NULL, 'mmHg'::text, CURRENT_TIMESTAMP, 'final');
INSERT INTO observations (patient_id, observation_type, value_numeric, value_text, unit, observation_date, status)
VALUES ('da1719ba-d101-4da0-b24a-4b62fd91b5da', 'blood_pressure_diastolic', 101, NULL, 'mmHg'::text, CURRENT_TIMESTAMP, 'final');
INSERT INTO observations (patient_id, observation_type, value_numeric, value_text, unit, observation_date, status)
VALUES ('da1719ba-d101-4da0-b24a-4b62fd91b5da', 'HbA1c', 6.2, NULL, '%'::text, CURRENT_TIMESTAMP, 'final');
INSERT INTO observations (patient_id, observation_type, value_numeric, value_text, unit, observation_date, status)
VALUES ('da1719ba-d101-4da0-b24a-4b62fd91b5da', 'LDL_cholesterol', 124, NULL, 'mg/dL'::text, CURRENT_TIMESTAMP, 'final');
INSERT INTO observations (patient_id, observation_type, value_numeric, value_text, unit, observation_date, status)
VALUES ('da1719ba-d101-4da0-b24a-4b62fd91b5da', 'HDL_cholesterol', 54, NULL, 'mg/dL'::text, CURRENT_TIMESTAMP, 'final');
INSERT INTO observations (patient_id, observation_type, value_numeric, value_text, unit, observation_date, status)
VALUES ('da1719ba-d101-4da0-b24a-4b62fd91b5da', 'BMI', 19.8, NULL, 'kg/m²'::text, CURRENT_TIMESTAMP, 'final');
INSERT INTO observations (patient_id, observation_type, value_numeric, value_text, unit, observation_date, status)
VALUES ('da1719ba-d101-4da0-b24a-4b62fd91b5da', 'hemoglobin', 8.2, NULL, 'g/dL'::text, CURRENT_TIMESTAMP, 'final');
INSERT INTO observations (patient_id, observation_type, value_numeric, value_text, unit, observation_date, status)
VALUES ('da1719ba-d101-4da0-b24a-4b62fd91b5da', 'potassium', 4.6, NULL, 'mEq/L'::text, CURRENT_TIMESTAMP, 'final');
INSERT INTO observations (patient_id, observation_type, value_numeric, value_text, unit, observation_date, status)
VALUES ('da1719ba-d101-4da0-b24a-4b62fd91b5da', 'calcium', 8.2, NULL, 'mg/dL'::text, CURRENT_TIMESTAMP, 'final');
INSERT INTO observations (patient_id, observation_type, value_numeric, value_text, unit, observation_date, status)
VALUES ('da1719ba-d101-4da0-b24a-4b62fd91b5da', 'phosphorus', 5.4, NULL, 'mg/dL'::text, CURRENT_TIMESTAMP, 'final');
INSERT INTO observations (patient_id, observation_type, value_numeric, value_text, unit, observation_date, status)
VALUES ('da1719ba-d101-4da0-b24a-4b62fd91b5da', 'albumin', 3.2, NULL, 'g/dL'::text, CURRENT_TIMESTAMP, 'final');
INSERT INTO conditions (patient_id, condition_code, condition_name, clinical_status, onset_date, recorded_date, severity)
VALUES ('da1719ba-d101-4da0-b24a-4b62fd91b5da', 'I10', 'Essential Hypertension', 'active', '2021-02-27', CURRENT_TIMESTAMP, 'moderate');
INSERT INTO conditions (patient_id, condition_code, condition_name, clinical_status, onset_date, recorded_date, severity)
VALUES ('da1719ba-d101-4da0-b24a-4b62fd91b5da', 'N18.4', 'Chronic Kidney Disease, Stage 4', 'active', '2021-02-27', CURRENT_TIMESTAMP, 'severe');
INSERT INTO conditions (patient_id, condition_code, condition_name, clinical_status, onset_date, recorded_date, severity)
VALUES ('da1719ba-d101-4da0-b24a-4b62fd91b5da', 'I25.10', 'Coronary Artery Disease', 'active', '2021-02-27', CURRENT_TIMESTAMP, 'moderate');

-- Patient: Aaron Hayes
INSERT INTO patients (
    id, medical_record_number, first_name, last_name, date_of_birth, gender, email, phone,
    weight, height, smoking_status, cvd_history, family_history_esrd,
    on_ras_inhibitor, on_sglt2i, nephrotoxic_meds, nephrologist_referral,
    diagnosis_date, last_visit_date, next_visit_date
) VALUES (
    '73faa42a-13dd-42d2-9cc9-fca8f60b97d4', 'MRN070'::text, 'Aaron'::text, 'Hayes'::text,
    '1968-11-09', 'male'::text, 'aaron.hayes@email.com'::text, '+1-555-0001',
    112.6, 167, 'Never'::text,
    false, false,
    true, false,
    false, false,
    '2023-10-04', '2025-10-25'::text, '2026-03-12'::text
);
INSERT INTO observations (patient_id, observation_type, value_numeric, value_text, unit, observation_date, status)
VALUES ('73faa42a-13dd-42d2-9cc9-fca8f60b97d4', 'eGFR', 65.25, NULL, 'mL/min/1.73m²'::text, CURRENT_TIMESTAMP, 'final');
INSERT INTO observations (patient_id, observation_type, value_numeric, value_text, unit, observation_date, status)
VALUES ('73faa42a-13dd-42d2-9cc9-fca8f60b97d4', 'eGFR_trend', NULL, 'down'::text, NULL, CURRENT_TIMESTAMP, 'final');
INSERT INTO observations (patient_id, observation_type, value_numeric, value_text, unit, observation_date, status)
VALUES ('73faa42a-13dd-42d2-9cc9-fca8f60b97d4', 'eGFR_change_percent', -0.7, NULL, '%'::text, CURRENT_TIMESTAMP, 'final');
INSERT INTO observations (patient_id, observation_type, value_numeric, value_text, unit, observation_date, status)
VALUES ('73faa42a-13dd-42d2-9cc9-fca8f60b97d4', 'serum_creatinine', 1.16, NULL, 'mg/dL'::text, CURRENT_TIMESTAMP, 'final');
INSERT INTO observations (patient_id, observation_type, value_numeric, value_text, unit, observation_date, status)
VALUES ('73faa42a-13dd-42d2-9cc9-fca8f60b97d4', 'BUN', 111, NULL, 'mg/dL'::text, CURRENT_TIMESTAMP, 'final');
INSERT INTO observations (patient_id, observation_type, value_numeric, value_text, unit, observation_date, status)
VALUES ('73faa42a-13dd-42d2-9cc9-fca8f60b97d4', 'uACR', 70.88, NULL, 'mg/g'::text, CURRENT_TIMESTAMP, 'final');
INSERT INTO observations (patient_id, observation_type, value_numeric, value_text, unit, observation_date, status)
VALUES ('73faa42a-13dd-42d2-9cc9-fca8f60b97d4', 'proteinuria_category', NULL, 'A2'::text, NULL, CURRENT_TIMESTAMP, 'final');
INSERT INTO observations (patient_id, observation_type, value_numeric, value_text, unit, observation_date, status)
VALUES ('73faa42a-13dd-42d2-9cc9-fca8f60b97d4', 'blood_pressure_systolic', 131, NULL, 'mmHg'::text, CURRENT_TIMESTAMP, 'final');
INSERT INTO observations (patient_id, observation_type, value_numeric, value_text, unit, observation_date, status)
VALUES ('73faa42a-13dd-42d2-9cc9-fca8f60b97d4', 'blood_pressure_diastolic', 75, NULL, 'mmHg'::text, CURRENT_TIMESTAMP, 'final');
INSERT INTO observations (patient_id, observation_type, value_numeric, value_text, unit, observation_date, status)
VALUES ('73faa42a-13dd-42d2-9cc9-fca8f60b97d4', 'HbA1c', 5.7, NULL, '%'::text, CURRENT_TIMESTAMP, 'final');
INSERT INTO observations (patient_id, observation_type, value_numeric, value_text, unit, observation_date, status)
VALUES ('73faa42a-13dd-42d2-9cc9-fca8f60b97d4', 'LDL_cholesterol', 141, NULL, 'mg/dL'::text, CURRENT_TIMESTAMP, 'final');
INSERT INTO observations (patient_id, observation_type, value_numeric, value_text, unit, observation_date, status)
VALUES ('73faa42a-13dd-42d2-9cc9-fca8f60b97d4', 'HDL_cholesterol', 52, NULL, 'mg/dL'::text, CURRENT_TIMESTAMP, 'final');
INSERT INTO observations (patient_id, observation_type, value_numeric, value_text, unit, observation_date, status)
VALUES ('73faa42a-13dd-42d2-9cc9-fca8f60b97d4', 'BMI', 40.4, NULL, 'kg/m²'::text, CURRENT_TIMESTAMP, 'final');
INSERT INTO observations (patient_id, observation_type, value_numeric, value_text, unit, observation_date, status)
VALUES ('73faa42a-13dd-42d2-9cc9-fca8f60b97d4', 'hemoglobin', 13.0, NULL, 'g/dL'::text, CURRENT_TIMESTAMP, 'final');
INSERT INTO observations (patient_id, observation_type, value_numeric, value_text, unit, observation_date, status)
VALUES ('73faa42a-13dd-42d2-9cc9-fca8f60b97d4', 'potassium', 3.8, NULL, 'mEq/L'::text, CURRENT_TIMESTAMP, 'final');
INSERT INTO observations (patient_id, observation_type, value_numeric, value_text, unit, observation_date, status)
VALUES ('73faa42a-13dd-42d2-9cc9-fca8f60b97d4', 'calcium', 9.2, NULL, 'mg/dL'::text, CURRENT_TIMESTAMP, 'final');
INSERT INTO observations (patient_id, observation_type, value_numeric, value_text, unit, observation_date, status)
VALUES ('73faa42a-13dd-42d2-9cc9-fca8f60b97d4', 'phosphorus', 3.7, NULL, 'mg/dL'::text, CURRENT_TIMESTAMP, 'final');
INSERT INTO observations (patient_id, observation_type, value_numeric, value_text, unit, observation_date, status)
VALUES ('73faa42a-13dd-42d2-9cc9-fca8f60b97d4', 'albumin', 2.4, NULL, 'g/dL'::text, CURRENT_TIMESTAMP, 'final');
INSERT INTO conditions (patient_id, condition_code, condition_name, clinical_status, onset_date, recorded_date, severity)
VALUES ('73faa42a-13dd-42d2-9cc9-fca8f60b97d4', 'I10', 'Essential Hypertension', 'active', '2023-10-04', CURRENT_TIMESTAMP, 'moderate');
INSERT INTO conditions (patient_id, condition_code, condition_name, clinical_status, onset_date, recorded_date, severity)
VALUES ('73faa42a-13dd-42d2-9cc9-fca8f60b97d4', 'N18.2', 'Chronic Kidney Disease, Stage 2', 'active', '2023-10-04', CURRENT_TIMESTAMP, 'mild');

-- Patient: Sean Bennett
INSERT INTO patients (
    id, medical_record_number, first_name, last_name, date_of_birth, gender, email, phone,
    weight, height, smoking_status, cvd_history, family_history_esrd,
    on_ras_inhibitor, on_sglt2i, nephrotoxic_meds, nephrologist_referral,
    diagnosis_date, last_visit_date, next_visit_date
) VALUES (
    '369076d7-37e6-4dfa-a31c-57542775dcc4', 'MRN071'::text, 'Sean'::text, 'Bennett'::text,
    '1955-11-09', 'male'::text, 'sean.bennett@email.com'::text, '+1-555-0001',
    86.0, 170, 'Former'::text,
    true, false,
    true, false,
    false, true,
    '2021-02-27', '2025-10-17'::text, '2025-12-06'::text
);
INSERT INTO observations (patient_id, observation_type, value_numeric, value_text, unit, observation_date, status)
VALUES ('369076d7-37e6-4dfa-a31c-57542775dcc4', 'eGFR', 15.22, NULL, 'mL/min/1.73m²'::text, CURRENT_TIMESTAMP, 'final');
INSERT INTO observations (patient_id, observation_type, value_numeric, value_text, unit, observation_date, status)
VALUES ('369076d7-37e6-4dfa-a31c-57542775dcc4', 'eGFR_trend', NULL, 'down'::text, NULL, CURRENT_TIMESTAMP, 'final');
INSERT INTO observations (patient_id, observation_type, value_numeric, value_text, unit, observation_date, status)
VALUES ('369076d7-37e6-4dfa-a31c-57542775dcc4', 'eGFR_change_percent', -5.0, NULL, '%'::text, CURRENT_TIMESTAMP, 'final');
INSERT INTO observations (patient_id, observation_type, value_numeric, value_text, unit, observation_date, status)
VALUES ('369076d7-37e6-4dfa-a31c-57542775dcc4', 'serum_creatinine', 3.43, NULL, 'mg/dL'::text, CURRENT_TIMESTAMP, 'final');
INSERT INTO observations (patient_id, observation_type, value_numeric, value_text, unit, observation_date, status)
VALUES ('369076d7-37e6-4dfa-a31c-57542775dcc4', 'BUN', 76, NULL, 'mg/dL'::text, CURRENT_TIMESTAMP, 'final');
INSERT INTO observations (patient_id, observation_type, value_numeric, value_text, unit, observation_date, status)
VALUES ('369076d7-37e6-4dfa-a31c-57542775dcc4', 'uACR', 639.71, NULL, 'mg/g'::text, CURRENT_TIMESTAMP, 'final');
INSERT INTO observations (patient_id, observation_type, value_numeric, value_text, unit, observation_date, status)
VALUES ('369076d7-37e6-4dfa-a31c-57542775dcc4', 'proteinuria_category', NULL, 'A3'::text, NULL, CURRENT_TIMESTAMP, 'final');
INSERT INTO observations (patient_id, observation_type, value_numeric, value_text, unit, observation_date, status)
VALUES ('369076d7-37e6-4dfa-a31c-57542775dcc4', 'blood_pressure_systolic', 180, NULL, 'mmHg'::text, CURRENT_TIMESTAMP, 'final');
INSERT INTO observations (patient_id, observation_type, value_numeric, value_text, unit, observation_date, status)
VALUES ('369076d7-37e6-4dfa-a31c-57542775dcc4', 'blood_pressure_diastolic', 94, NULL, 'mmHg'::text, CURRENT_TIMESTAMP, 'final');
INSERT INTO observations (patient_id, observation_type, value_numeric, value_text, unit, observation_date, status)
VALUES ('369076d7-37e6-4dfa-a31c-57542775dcc4', 'HbA1c', 5.8, NULL, '%'::text, CURRENT_TIMESTAMP, 'final');
INSERT INTO observations (patient_id, observation_type, value_numeric, value_text, unit, observation_date, status)
VALUES ('369076d7-37e6-4dfa-a31c-57542775dcc4', 'LDL_cholesterol', 115, NULL, 'mg/dL'::text, CURRENT_TIMESTAMP, 'final');
INSERT INTO observations (patient_id, observation_type, value_numeric, value_text, unit, observation_date, status)
VALUES ('369076d7-37e6-4dfa-a31c-57542775dcc4', 'HDL_cholesterol', 66, NULL, 'mg/dL'::text, CURRENT_TIMESTAMP, 'final');
INSERT INTO observations (patient_id, observation_type, value_numeric, value_text, unit, observation_date, status)
VALUES ('369076d7-37e6-4dfa-a31c-57542775dcc4', 'BMI', 29.8, NULL, 'kg/m²'::text, CURRENT_TIMESTAMP, 'final');
INSERT INTO observations (patient_id, observation_type, value_numeric, value_text, unit, observation_date, status)
VALUES ('369076d7-37e6-4dfa-a31c-57542775dcc4', 'hemoglobin', 8.5, NULL, 'g/dL'::text, CURRENT_TIMESTAMP, 'final');
INSERT INTO observations (patient_id, observation_type, value_numeric, value_text, unit, observation_date, status)
VALUES ('369076d7-37e6-4dfa-a31c-57542775dcc4', 'potassium', 5.7, NULL, 'mEq/L'::text, CURRENT_TIMESTAMP, 'final');
INSERT INTO observations (patient_id, observation_type, value_numeric, value_text, unit, observation_date, status)
VALUES ('369076d7-37e6-4dfa-a31c-57542775dcc4', 'calcium', 9.4, NULL, 'mg/dL'::text, CURRENT_TIMESTAMP, 'final');
INSERT INTO observations (patient_id, observation_type, value_numeric, value_text, unit, observation_date, status)
VALUES ('369076d7-37e6-4dfa-a31c-57542775dcc4', 'phosphorus', 5.8, NULL, 'mg/dL'::text, CURRENT_TIMESTAMP, 'final');
INSERT INTO observations (patient_id, observation_type, value_numeric, value_text, unit, observation_date, status)
VALUES ('369076d7-37e6-4dfa-a31c-57542775dcc4', 'albumin', 2.6, NULL, 'g/dL'::text, CURRENT_TIMESTAMP, 'final');
INSERT INTO conditions (patient_id, condition_code, condition_name, clinical_status, onset_date, recorded_date, severity)
VALUES ('369076d7-37e6-4dfa-a31c-57542775dcc4', 'I10', 'Essential Hypertension', 'active', '2021-02-27', CURRENT_TIMESTAMP, 'moderate');
INSERT INTO conditions (patient_id, condition_code, condition_name, clinical_status, onset_date, recorded_date, severity)
VALUES ('369076d7-37e6-4dfa-a31c-57542775dcc4', 'N18.4', 'Chronic Kidney Disease, Stage 4', 'active', '2021-02-27', CURRENT_TIMESTAMP, 'severe');
INSERT INTO conditions (patient_id, condition_code, condition_name, clinical_status, onset_date, recorded_date, severity)
VALUES ('369076d7-37e6-4dfa-a31c-57542775dcc4', 'I25.10', 'Coronary Artery Disease', 'active', '2021-02-27', CURRENT_TIMESTAMP, 'moderate');

-- Patient: Mason Daniels
INSERT INTO patients (
    id, medical_record_number, first_name, last_name, date_of_birth, gender, email, phone,
    weight, height, smoking_status, cvd_history, family_history_esrd,
    on_ras_inhibitor, on_sglt2i, nephrotoxic_meds, nephrologist_referral,
    diagnosis_date, last_visit_date, next_visit_date
) VALUES (
    'a101dc4f-a1cb-4586-87ac-008cc41fc37f', 'MRN072'::text, 'Mason'::text, 'Daniels'::text,
    '1955-11-09', 'male'::text, 'mason.daniels@email.com'::text, '+1-555-0001',
    90.1, 184, 'Current'::text,
    false, false,
    true, true,
    false, true,
    '2019-07-23', '2025-10-25'::text, '2025-11-23'::text
);
INSERT INTO observations (patient_id, observation_type, value_numeric, value_text, unit, observation_date, status)
VALUES ('a101dc4f-a1cb-4586-87ac-008cc41fc37f', 'eGFR', 10.26, NULL, 'mL/min/1.73m²'::text, CURRENT_TIMESTAMP, 'final');
INSERT INTO observations (patient_id, observation_type, value_numeric, value_text, unit, observation_date, status)
VALUES ('a101dc4f-a1cb-4586-87ac-008cc41fc37f', 'eGFR_trend', NULL, 'stable'::text, NULL, CURRENT_TIMESTAMP, 'final');
INSERT INTO observations (patient_id, observation_type, value_numeric, value_text, unit, observation_date, status)
VALUES ('a101dc4f-a1cb-4586-87ac-008cc41fc37f', 'eGFR_change_percent', -17.5, NULL, '%'::text, CURRENT_TIMESTAMP, 'final');
INSERT INTO observations (patient_id, observation_type, value_numeric, value_text, unit, observation_date, status)
VALUES ('a101dc4f-a1cb-4586-87ac-008cc41fc37f', 'serum_creatinine', 3.58, NULL, 'mg/dL'::text, CURRENT_TIMESTAMP, 'final');
INSERT INTO observations (patient_id, observation_type, value_numeric, value_text, unit, observation_date, status)
VALUES ('a101dc4f-a1cb-4586-87ac-008cc41fc37f', 'BUN', 153, NULL, 'mg/dL'::text, CURRENT_TIMESTAMP, 'final');
INSERT INTO observations (patient_id, observation_type, value_numeric, value_text, unit, observation_date, status)
VALUES ('a101dc4f-a1cb-4586-87ac-008cc41fc37f', 'uACR', 247.13, NULL, 'mg/g'::text, CURRENT_TIMESTAMP, 'final');
INSERT INTO observations (patient_id, observation_type, value_numeric, value_text, unit, observation_date, status)
VALUES ('a101dc4f-a1cb-4586-87ac-008cc41fc37f', 'proteinuria_category', NULL, 'A3'::text, NULL, CURRENT_TIMESTAMP, 'final');
INSERT INTO observations (patient_id, observation_type, value_numeric, value_text, unit, observation_date, status)
VALUES ('a101dc4f-a1cb-4586-87ac-008cc41fc37f', 'blood_pressure_systolic', 156, NULL, 'mmHg'::text, CURRENT_TIMESTAMP, 'final');
INSERT INTO observations (patient_id, observation_type, value_numeric, value_text, unit, observation_date, status)
VALUES ('a101dc4f-a1cb-4586-87ac-008cc41fc37f', 'blood_pressure_diastolic', 106, NULL, 'mmHg'::text, CURRENT_TIMESTAMP, 'final');
INSERT INTO observations (patient_id, observation_type, value_numeric, value_text, unit, observation_date, status)
VALUES ('a101dc4f-a1cb-4586-87ac-008cc41fc37f', 'HbA1c', 6.8, NULL, '%'::text, CURRENT_TIMESTAMP, 'final');
INSERT INTO observations (patient_id, observation_type, value_numeric, value_text, unit, observation_date, status)
VALUES ('a101dc4f-a1cb-4586-87ac-008cc41fc37f', 'LDL_cholesterol', 96, NULL, 'mg/dL'::text, CURRENT_TIMESTAMP, 'final');
INSERT INTO observations (patient_id, observation_type, value_numeric, value_text, unit, observation_date, status)
VALUES ('a101dc4f-a1cb-4586-87ac-008cc41fc37f', 'HDL_cholesterol', 63, NULL, 'mg/dL'::text, CURRENT_TIMESTAMP, 'final');
INSERT INTO observations (patient_id, observation_type, value_numeric, value_text, unit, observation_date, status)
VALUES ('a101dc4f-a1cb-4586-87ac-008cc41fc37f', 'BMI', 26.6, NULL, 'kg/m²'::text, CURRENT_TIMESTAMP, 'final');
INSERT INTO observations (patient_id, observation_type, value_numeric, value_text, unit, observation_date, status)
VALUES ('a101dc4f-a1cb-4586-87ac-008cc41fc37f', 'hemoglobin', 9.1, NULL, 'g/dL'::text, CURRENT_TIMESTAMP, 'final');
INSERT INTO observations (patient_id, observation_type, value_numeric, value_text, unit, observation_date, status)
VALUES ('a101dc4f-a1cb-4586-87ac-008cc41fc37f', 'potassium', 6.1, NULL, 'mEq/L'::text, CURRENT_TIMESTAMP, 'final');
INSERT INTO observations (patient_id, observation_type, value_numeric, value_text, unit, observation_date, status)
VALUES ('a101dc4f-a1cb-4586-87ac-008cc41fc37f', 'calcium', 8.9, NULL, 'mg/dL'::text, CURRENT_TIMESTAMP, 'final');
INSERT INTO observations (patient_id, observation_type, value_numeric, value_text, unit, observation_date, status)
VALUES ('a101dc4f-a1cb-4586-87ac-008cc41fc37f', 'phosphorus', 5.3, NULL, 'mg/dL'::text, CURRENT_TIMESTAMP, 'final');
INSERT INTO observations (patient_id, observation_type, value_numeric, value_text, unit, observation_date, status)
VALUES ('a101dc4f-a1cb-4586-87ac-008cc41fc37f', 'albumin', 2.2, NULL, 'g/dL'::text, CURRENT_TIMESTAMP, 'final');
INSERT INTO conditions (patient_id, condition_code, condition_name, clinical_status, onset_date, recorded_date, severity)
VALUES ('a101dc4f-a1cb-4586-87ac-008cc41fc37f', 'E11.9', 'Type 2 Diabetes Mellitus', 'active', '2019-07-23', CURRENT_TIMESTAMP, 'moderate');
INSERT INTO conditions (patient_id, condition_code, condition_name, clinical_status, onset_date, recorded_date, severity)
VALUES ('a101dc4f-a1cb-4586-87ac-008cc41fc37f', 'N18.5', 'Chronic Kidney Disease, Stage 5', 'active', '2019-07-23', CURRENT_TIMESTAMP, 'severe');

-- Patient: Julie Black
INSERT INTO patients (
    id, medical_record_number, first_name, last_name, date_of_birth, gender, email, phone,
    weight, height, smoking_status, cvd_history, family_history_esrd,
    on_ras_inhibitor, on_sglt2i, nephrotoxic_meds, nephrologist_referral,
    diagnosis_date, last_visit_date, next_visit_date
) VALUES (
    '013ecda3-e5e0-461c-95a6-0ecb4e538007', 'MRN073'::text, 'Julie'::text, 'Black'::text,
    '1956-11-09', 'female'::text, 'julie.black@email.com'::text, '+1-555-0001',
    83.2, 173, 'Never'::text,
    false, false,
    true, true,
    false, true,
    '2021-11-09', '2025-10-12'::text, '2025-11-27'::text
);
INSERT INTO observations (patient_id, observation_type, value_numeric, value_text, unit, observation_date, status)
VALUES ('013ecda3-e5e0-461c-95a6-0ecb4e538007', 'eGFR', 21.25, NULL, 'mL/min/1.73m²'::text, CURRENT_TIMESTAMP, 'final');
INSERT INTO observations (patient_id, observation_type, value_numeric, value_text, unit, observation_date, status)
VALUES ('013ecda3-e5e0-461c-95a6-0ecb4e538007', 'eGFR_trend', NULL, 'down'::text, NULL, CURRENT_TIMESTAMP, 'final');
INSERT INTO observations (patient_id, observation_type, value_numeric, value_text, unit, observation_date, status)
VALUES ('013ecda3-e5e0-461c-95a6-0ecb4e538007', 'eGFR_change_percent', -18.7, NULL, '%'::text, CURRENT_TIMESTAMP, 'final');
INSERT INTO observations (patient_id, observation_type, value_numeric, value_text, unit, observation_date, status)
VALUES ('013ecda3-e5e0-461c-95a6-0ecb4e538007', 'serum_creatinine', 3.29, NULL, 'mg/dL'::text, CURRENT_TIMESTAMP, 'final');
INSERT INTO observations (patient_id, observation_type, value_numeric, value_text, unit, observation_date, status)
VALUES ('013ecda3-e5e0-461c-95a6-0ecb4e538007', 'BUN', 118, NULL, 'mg/dL'::text, CURRENT_TIMESTAMP, 'final');
INSERT INTO observations (patient_id, observation_type, value_numeric, value_text, unit, observation_date, status)
VALUES ('013ecda3-e5e0-461c-95a6-0ecb4e538007', 'uACR', 312.33, NULL, 'mg/g'::text, CURRENT_TIMESTAMP, 'final');
INSERT INTO observations (patient_id, observation_type, value_numeric, value_text, unit, observation_date, status)
VALUES ('013ecda3-e5e0-461c-95a6-0ecb4e538007', 'proteinuria_category', NULL, 'A3'::text, NULL, CURRENT_TIMESTAMP, 'final');
INSERT INTO observations (patient_id, observation_type, value_numeric, value_text, unit, observation_date, status)
VALUES ('013ecda3-e5e0-461c-95a6-0ecb4e538007', 'blood_pressure_systolic', 167, NULL, 'mmHg'::text, CURRENT_TIMESTAMP, 'final');
INSERT INTO observations (patient_id, observation_type, value_numeric, value_text, unit, observation_date, status)
VALUES ('013ecda3-e5e0-461c-95a6-0ecb4e538007', 'blood_pressure_diastolic', 104, NULL, 'mmHg'::text, CURRENT_TIMESTAMP, 'final');
INSERT INTO observations (patient_id, observation_type, value_numeric, value_text, unit, observation_date, status)
VALUES ('013ecda3-e5e0-461c-95a6-0ecb4e538007', 'HbA1c', 8.0, NULL, '%'::text, CURRENT_TIMESTAMP, 'final');
INSERT INTO observations (patient_id, observation_type, value_numeric, value_text, unit, observation_date, status)
VALUES ('013ecda3-e5e0-461c-95a6-0ecb4e538007', 'LDL_cholesterol', 125, NULL, 'mg/dL'::text, CURRENT_TIMESTAMP, 'final');
INSERT INTO observations (patient_id, observation_type, value_numeric, value_text, unit, observation_date, status)
VALUES ('013ecda3-e5e0-461c-95a6-0ecb4e538007', 'HDL_cholesterol', 28, NULL, 'mg/dL'::text, CURRENT_TIMESTAMP, 'final');
INSERT INTO observations (patient_id, observation_type, value_numeric, value_text, unit, observation_date, status)
VALUES ('013ecda3-e5e0-461c-95a6-0ecb4e538007', 'BMI', 27.8, NULL, 'kg/m²'::text, CURRENT_TIMESTAMP, 'final');
INSERT INTO observations (patient_id, observation_type, value_numeric, value_text, unit, observation_date, status)
VALUES ('013ecda3-e5e0-461c-95a6-0ecb4e538007', 'hemoglobin', 9.3, NULL, 'g/dL'::text, CURRENT_TIMESTAMP, 'final');
INSERT INTO observations (patient_id, observation_type, value_numeric, value_text, unit, observation_date, status)
VALUES ('013ecda3-e5e0-461c-95a6-0ecb4e538007', 'potassium', 4.7, NULL, 'mEq/L'::text, CURRENT_TIMESTAMP, 'final');
INSERT INTO observations (patient_id, observation_type, value_numeric, value_text, unit, observation_date, status)
VALUES ('013ecda3-e5e0-461c-95a6-0ecb4e538007', 'calcium', 8.5, NULL, 'mg/dL'::text, CURRENT_TIMESTAMP, 'final');
INSERT INTO observations (patient_id, observation_type, value_numeric, value_text, unit, observation_date, status)
VALUES ('013ecda3-e5e0-461c-95a6-0ecb4e538007', 'phosphorus', 4.7, NULL, 'mg/dL'::text, CURRENT_TIMESTAMP, 'final');
INSERT INTO observations (patient_id, observation_type, value_numeric, value_text, unit, observation_date, status)
VALUES ('013ecda3-e5e0-461c-95a6-0ecb4e538007', 'albumin', 1.8, NULL, 'g/dL'::text, CURRENT_TIMESTAMP, 'final');
INSERT INTO conditions (patient_id, condition_code, condition_name, clinical_status, onset_date, recorded_date, severity)
VALUES ('013ecda3-e5e0-461c-95a6-0ecb4e538007', 'E11.9', 'Type 2 Diabetes Mellitus', 'active', '2021-11-09', CURRENT_TIMESTAMP, 'moderate');
INSERT INTO conditions (patient_id, condition_code, condition_name, clinical_status, onset_date, recorded_date, severity)
VALUES ('013ecda3-e5e0-461c-95a6-0ecb4e538007', 'I10', 'Essential Hypertension', 'active', '2021-11-09', CURRENT_TIMESTAMP, 'moderate');
INSERT INTO conditions (patient_id, condition_code, condition_name, clinical_status, onset_date, recorded_date, severity)
VALUES ('013ecda3-e5e0-461c-95a6-0ecb4e538007', 'N18.4', 'Chronic Kidney Disease, Stage 4', 'active', '2021-11-09', CURRENT_TIMESTAMP, 'severe');

-- Patient: Louis Pierce
INSERT INTO patients (
    id, medical_record_number, first_name, last_name, date_of_birth, gender, email, phone,
    weight, height, smoking_status, cvd_history, family_history_esrd,
    on_ras_inhibitor, on_sglt2i, nephrotoxic_meds, nephrologist_referral,
    diagnosis_date, last_visit_date, next_visit_date
) VALUES (
    '745203ac-d052-480b-93bd-f0e0538acf67', 'MRN074'::text, 'Louis'::text, 'Pierce'::text,
    '1983-11-09', 'male'::text, 'louis.pierce@email.com'::text, '+1-555-0001',
    98.9, 187, 'Former'::text,
    false, false,
    true, false,
    false, false,
    '2023-10-04', '2025-10-12'::text, '2026-04-17'::text
);
INSERT INTO observations (patient_id, observation_type, value_numeric, value_text, unit, observation_date, status)
VALUES ('745203ac-d052-480b-93bd-f0e0538acf67', 'eGFR', 61.8, NULL, 'mL/min/1.73m²'::text, CURRENT_TIMESTAMP, 'final');
INSERT INTO observations (patient_id, observation_type, value_numeric, value_text, unit, observation_date, status)
VALUES ('745203ac-d052-480b-93bd-f0e0538acf67', 'eGFR_trend', NULL, 'down'::text, NULL, CURRENT_TIMESTAMP, 'final');
INSERT INTO observations (patient_id, observation_type, value_numeric, value_text, unit, observation_date, status)
VALUES ('745203ac-d052-480b-93bd-f0e0538acf67', 'eGFR_change_percent', 3.0, NULL, '%'::text, CURRENT_TIMESTAMP, 'final');
INSERT INTO observations (patient_id, observation_type, value_numeric, value_text, unit, observation_date, status)
VALUES ('745203ac-d052-480b-93bd-f0e0538acf67', 'serum_creatinine', 0.97, NULL, 'mg/dL'::text, CURRENT_TIMESTAMP, 'final');
INSERT INTO observations (patient_id, observation_type, value_numeric, value_text, unit, observation_date, status)
VALUES ('745203ac-d052-480b-93bd-f0e0538acf67', 'BUN', 107, NULL, 'mg/dL'::text, CURRENT_TIMESTAMP, 'final');
INSERT INTO observations (patient_id, observation_type, value_numeric, value_text, unit, observation_date, status)
VALUES ('745203ac-d052-480b-93bd-f0e0538acf67', 'uACR', 82.6, NULL, 'mg/g'::text, CURRENT_TIMESTAMP, 'final');
INSERT INTO observations (patient_id, observation_type, value_numeric, value_text, unit, observation_date, status)
VALUES ('745203ac-d052-480b-93bd-f0e0538acf67', 'proteinuria_category', NULL, 'A1'::text, NULL, CURRENT_TIMESTAMP, 'final');
INSERT INTO observations (patient_id, observation_type, value_numeric, value_text, unit, observation_date, status)
VALUES ('745203ac-d052-480b-93bd-f0e0538acf67', 'blood_pressure_systolic', 138, NULL, 'mmHg'::text, CURRENT_TIMESTAMP, 'final');
INSERT INTO observations (patient_id, observation_type, value_numeric, value_text, unit, observation_date, status)
VALUES ('745203ac-d052-480b-93bd-f0e0538acf67', 'blood_pressure_diastolic', 76, NULL, 'mmHg'::text, CURRENT_TIMESTAMP, 'final');
INSERT INTO observations (patient_id, observation_type, value_numeric, value_text, unit, observation_date, status)
VALUES ('745203ac-d052-480b-93bd-f0e0538acf67', 'HbA1c', 5.9, NULL, '%'::text, CURRENT_TIMESTAMP, 'final');
INSERT INTO observations (patient_id, observation_type, value_numeric, value_text, unit, observation_date, status)
VALUES ('745203ac-d052-480b-93bd-f0e0538acf67', 'LDL_cholesterol', 148, NULL, 'mg/dL'::text, CURRENT_TIMESTAMP, 'final');
INSERT INTO observations (patient_id, observation_type, value_numeric, value_text, unit, observation_date, status)
VALUES ('745203ac-d052-480b-93bd-f0e0538acf67', 'HDL_cholesterol', 69, NULL, 'mg/dL'::text, CURRENT_TIMESTAMP, 'final');
INSERT INTO observations (patient_id, observation_type, value_numeric, value_text, unit, observation_date, status)
VALUES ('745203ac-d052-480b-93bd-f0e0538acf67', 'BMI', 28.3, NULL, 'kg/m²'::text, CURRENT_TIMESTAMP, 'final');
INSERT INTO observations (patient_id, observation_type, value_numeric, value_text, unit, observation_date, status)
VALUES ('745203ac-d052-480b-93bd-f0e0538acf67', 'hemoglobin', 13.0, NULL, 'g/dL'::text, CURRENT_TIMESTAMP, 'final');
INSERT INTO observations (patient_id, observation_type, value_numeric, value_text, unit, observation_date, status)
VALUES ('745203ac-d052-480b-93bd-f0e0538acf67', 'potassium', 4.9, NULL, 'mEq/L'::text, CURRENT_TIMESTAMP, 'final');
INSERT INTO observations (patient_id, observation_type, value_numeric, value_text, unit, observation_date, status)
VALUES ('745203ac-d052-480b-93bd-f0e0538acf67', 'calcium', 9.0, NULL, 'mg/dL'::text, CURRENT_TIMESTAMP, 'final');
INSERT INTO observations (patient_id, observation_type, value_numeric, value_text, unit, observation_date, status)
VALUES ('745203ac-d052-480b-93bd-f0e0538acf67', 'phosphorus', 3.8, NULL, 'mg/dL'::text, CURRENT_TIMESTAMP, 'final');
INSERT INTO observations (patient_id, observation_type, value_numeric, value_text, unit, observation_date, status)
VALUES ('745203ac-d052-480b-93bd-f0e0538acf67', 'albumin', 3.8, NULL, 'g/dL'::text, CURRENT_TIMESTAMP, 'final');
INSERT INTO conditions (patient_id, condition_code, condition_name, clinical_status, onset_date, recorded_date, severity)
VALUES ('745203ac-d052-480b-93bd-f0e0538acf67', 'I10', 'Essential Hypertension', 'active', '2023-10-04', CURRENT_TIMESTAMP, 'moderate');
INSERT INTO conditions (patient_id, condition_code, condition_name, clinical_status, onset_date, recorded_date, severity)
VALUES ('745203ac-d052-480b-93bd-f0e0538acf67', 'N18.2', 'Chronic Kidney Disease, Stage 2', 'active', '2023-10-04', CURRENT_TIMESTAMP, 'mild');

-- Patient: Craig Diaz
INSERT INTO patients (
    id, medical_record_number, first_name, last_name, date_of_birth, gender, email, phone,
    weight, height, smoking_status, cvd_history, family_history_esrd,
    on_ras_inhibitor, on_sglt2i, nephrotoxic_meds, nephrologist_referral,
    diagnosis_date, last_visit_date, next_visit_date
) VALUES (
    'ba97b28f-6d0a-4402-821a-89f0e0ef5af1', 'MRN075'::text, 'Craig'::text, 'Diaz'::text,
    '1966-11-09', 'male'::text, 'craig.diaz@email.com'::text, '+1-555-0001',
    77.9, 182, 'Former'::text,
    false, true,
    true, false,
    false, false,
    '2025-01-21', '2025-10-28'::text, '2026-04-14'::text
);
INSERT INTO observations (patient_id, observation_type, value_numeric, value_text, unit, observation_date, status)
VALUES ('ba97b28f-6d0a-4402-821a-89f0e0ef5af1', 'eGFR', 77.7, NULL, 'mL/min/1.73m²'::text, CURRENT_TIMESTAMP, 'final');
INSERT INTO observations (patient_id, observation_type, value_numeric, value_text, unit, observation_date, status)
VALUES ('ba97b28f-6d0a-4402-821a-89f0e0ef5af1', 'eGFR_trend', NULL, 'stable'::text, NULL, CURRENT_TIMESTAMP, 'final');
INSERT INTO observations (patient_id, observation_type, value_numeric, value_text, unit, observation_date, status)
VALUES ('ba97b28f-6d0a-4402-821a-89f0e0ef5af1', 'eGFR_change_percent', -1.8, NULL, '%'::text, CURRENT_TIMESTAMP, 'final');
INSERT INTO observations (patient_id, observation_type, value_numeric, value_text, unit, observation_date, status)
VALUES ('ba97b28f-6d0a-4402-821a-89f0e0ef5af1', 'serum_creatinine', 1.11, NULL, 'mg/dL'::text, CURRENT_TIMESTAMP, 'final');
INSERT INTO observations (patient_id, observation_type, value_numeric, value_text, unit, observation_date, status)
VALUES ('ba97b28f-6d0a-4402-821a-89f0e0ef5af1', 'BUN', 120, NULL, 'mg/dL'::text, CURRENT_TIMESTAMP, 'final');
INSERT INTO observations (patient_id, observation_type, value_numeric, value_text, unit, observation_date, status)
VALUES ('ba97b28f-6d0a-4402-821a-89f0e0ef5af1', 'uACR', 134.61, NULL, 'mg/g'::text, CURRENT_TIMESTAMP, 'final');
INSERT INTO observations (patient_id, observation_type, value_numeric, value_text, unit, observation_date, status)
VALUES ('ba97b28f-6d0a-4402-821a-89f0e0ef5af1', 'proteinuria_category', NULL, 'A2'::text, NULL, CURRENT_TIMESTAMP, 'final');
INSERT INTO observations (patient_id, observation_type, value_numeric, value_text, unit, observation_date, status)
VALUES ('ba97b28f-6d0a-4402-821a-89f0e0ef5af1', 'blood_pressure_systolic', 124, NULL, 'mmHg'::text, CURRENT_TIMESTAMP, 'final');
INSERT INTO observations (patient_id, observation_type, value_numeric, value_text, unit, observation_date, status)
VALUES ('ba97b28f-6d0a-4402-821a-89f0e0ef5af1', 'blood_pressure_diastolic', 86, NULL, 'mmHg'::text, CURRENT_TIMESTAMP, 'final');
INSERT INTO observations (patient_id, observation_type, value_numeric, value_text, unit, observation_date, status)
VALUES ('ba97b28f-6d0a-4402-821a-89f0e0ef5af1', 'HbA1c', 5.4, NULL, '%'::text, CURRENT_TIMESTAMP, 'final');
INSERT INTO observations (patient_id, observation_type, value_numeric, value_text, unit, observation_date, status)
VALUES ('ba97b28f-6d0a-4402-821a-89f0e0ef5af1', 'LDL_cholesterol', 99, NULL, 'mg/dL'::text, CURRENT_TIMESTAMP, 'final');
INSERT INTO observations (patient_id, observation_type, value_numeric, value_text, unit, observation_date, status)
VALUES ('ba97b28f-6d0a-4402-821a-89f0e0ef5af1', 'HDL_cholesterol', 36, NULL, 'mg/dL'::text, CURRENT_TIMESTAMP, 'final');
INSERT INTO observations (patient_id, observation_type, value_numeric, value_text, unit, observation_date, status)
VALUES ('ba97b28f-6d0a-4402-821a-89f0e0ef5af1', 'BMI', 23.5, NULL, 'kg/m²'::text, CURRENT_TIMESTAMP, 'final');
INSERT INTO observations (patient_id, observation_type, value_numeric, value_text, unit, observation_date, status)
VALUES ('ba97b28f-6d0a-4402-821a-89f0e0ef5af1', 'hemoglobin', 12.8, NULL, 'g/dL'::text, CURRENT_TIMESTAMP, 'final');
INSERT INTO observations (patient_id, observation_type, value_numeric, value_text, unit, observation_date, status)
VALUES ('ba97b28f-6d0a-4402-821a-89f0e0ef5af1', 'potassium', 4.1, NULL, 'mEq/L'::text, CURRENT_TIMESTAMP, 'final');
INSERT INTO observations (patient_id, observation_type, value_numeric, value_text, unit, observation_date, status)
VALUES ('ba97b28f-6d0a-4402-821a-89f0e0ef5af1', 'calcium', 8.9, NULL, 'mg/dL'::text, CURRENT_TIMESTAMP, 'final');
INSERT INTO observations (patient_id, observation_type, value_numeric, value_text, unit, observation_date, status)
VALUES ('ba97b28f-6d0a-4402-821a-89f0e0ef5af1', 'phosphorus', 3.8, NULL, 'mg/dL'::text, CURRENT_TIMESTAMP, 'final');
INSERT INTO observations (patient_id, observation_type, value_numeric, value_text, unit, observation_date, status)
VALUES ('ba97b28f-6d0a-4402-821a-89f0e0ef5af1', 'albumin', 2.4, NULL, 'g/dL'::text, CURRENT_TIMESTAMP, 'final');
INSERT INTO conditions (patient_id, condition_code, condition_name, clinical_status, onset_date, recorded_date, severity)
VALUES ('ba97b28f-6d0a-4402-821a-89f0e0ef5af1', 'I10', 'Essential Hypertension', 'active', '2025-01-21', CURRENT_TIMESTAMP, 'moderate');
INSERT INTO conditions (patient_id, condition_code, condition_name, clinical_status, onset_date, recorded_date, severity)
VALUES ('ba97b28f-6d0a-4402-821a-89f0e0ef5af1', 'N18.2', 'Chronic Kidney Disease, Stage 2', 'active', '2025-01-21', CURRENT_TIMESTAMP, 'mild');

-- Patient: Charlotte Kennedy
INSERT INTO patients (
    id, medical_record_number, first_name, last_name, date_of_birth, gender, email, phone,
    weight, height, smoking_status, cvd_history, family_history_esrd,
    on_ras_inhibitor, on_sglt2i, nephrotoxic_meds, nephrologist_referral,
    diagnosis_date, last_visit_date, next_visit_date
) VALUES (
    '69a35f44-d242-403e-b048-765115e0490d', 'MRN076'::text, 'Charlotte'::text, 'Kennedy'::text,
    '1970-11-09', 'female'::text, 'charlotte.kennedy@email.com'::text, '+1-555-0001',
    100.1, 169, 'Never'::text,
    false, false,
    true, true,
    false, false,
    '2022-05-11', '2025-10-17'::text, '2026-02-25'::text
);
INSERT INTO observations (patient_id, observation_type, value_numeric, value_text, unit, observation_date, status)
VALUES ('69a35f44-d242-403e-b048-765115e0490d', 'eGFR', 43.69, NULL, 'mL/min/1.73m²'::text, CURRENT_TIMESTAMP, 'final');
INSERT INTO observations (patient_id, observation_type, value_numeric, value_text, unit, observation_date, status)
VALUES ('69a35f44-d242-403e-b048-765115e0490d', 'eGFR_trend', NULL, 'down'::text, NULL, CURRENT_TIMESTAMP, 'final');
INSERT INTO observations (patient_id, observation_type, value_numeric, value_text, unit, observation_date, status)
VALUES ('69a35f44-d242-403e-b048-765115e0490d', 'eGFR_change_percent', -0.9, NULL, '%'::text, CURRENT_TIMESTAMP, 'final');
INSERT INTO observations (patient_id, observation_type, value_numeric, value_text, unit, observation_date, status)
VALUES ('69a35f44-d242-403e-b048-765115e0490d', 'serum_creatinine', 1.84, NULL, 'mg/dL'::text, CURRENT_TIMESTAMP, 'final');
INSERT INTO observations (patient_id, observation_type, value_numeric, value_text, unit, observation_date, status)
VALUES ('69a35f44-d242-403e-b048-765115e0490d', 'BUN', 146, NULL, 'mg/dL'::text, CURRENT_TIMESTAMP, 'final');
INSERT INTO observations (patient_id, observation_type, value_numeric, value_text, unit, observation_date, status)
VALUES ('69a35f44-d242-403e-b048-765115e0490d', 'uACR', 295.91, NULL, 'mg/g'::text, CURRENT_TIMESTAMP, 'final');
INSERT INTO observations (patient_id, observation_type, value_numeric, value_text, unit, observation_date, status)
VALUES ('69a35f44-d242-403e-b048-765115e0490d', 'proteinuria_category', NULL, 'A2'::text, NULL, CURRENT_TIMESTAMP, 'final');
INSERT INTO observations (patient_id, observation_type, value_numeric, value_text, unit, observation_date, status)
VALUES ('69a35f44-d242-403e-b048-765115e0490d', 'blood_pressure_systolic', 150, NULL, 'mmHg'::text, CURRENT_TIMESTAMP, 'final');
INSERT INTO observations (patient_id, observation_type, value_numeric, value_text, unit, observation_date, status)
VALUES ('69a35f44-d242-403e-b048-765115e0490d', 'blood_pressure_diastolic', 84, NULL, 'mmHg'::text, CURRENT_TIMESTAMP, 'final');
INSERT INTO observations (patient_id, observation_type, value_numeric, value_text, unit, observation_date, status)
VALUES ('69a35f44-d242-403e-b048-765115e0490d', 'HbA1c', 7.1, NULL, '%'::text, CURRENT_TIMESTAMP, 'final');
INSERT INTO observations (patient_id, observation_type, value_numeric, value_text, unit, observation_date, status)
VALUES ('69a35f44-d242-403e-b048-765115e0490d', 'LDL_cholesterol', 158, NULL, 'mg/dL'::text, CURRENT_TIMESTAMP, 'final');
INSERT INTO observations (patient_id, observation_type, value_numeric, value_text, unit, observation_date, status)
VALUES ('69a35f44-d242-403e-b048-765115e0490d', 'HDL_cholesterol', 61, NULL, 'mg/dL'::text, CURRENT_TIMESTAMP, 'final');
INSERT INTO observations (patient_id, observation_type, value_numeric, value_text, unit, observation_date, status)
VALUES ('69a35f44-d242-403e-b048-765115e0490d', 'BMI', 35.0, NULL, 'kg/m²'::text, CURRENT_TIMESTAMP, 'final');
INSERT INTO observations (patient_id, observation_type, value_numeric, value_text, unit, observation_date, status)
VALUES ('69a35f44-d242-403e-b048-765115e0490d', 'hemoglobin', 11.7, NULL, 'g/dL'::text, CURRENT_TIMESTAMP, 'final');
INSERT INTO observations (patient_id, observation_type, value_numeric, value_text, unit, observation_date, status)
VALUES ('69a35f44-d242-403e-b048-765115e0490d', 'potassium', 4.7, NULL, 'mEq/L'::text, CURRENT_TIMESTAMP, 'final');
INSERT INTO observations (patient_id, observation_type, value_numeric, value_text, unit, observation_date, status)
VALUES ('69a35f44-d242-403e-b048-765115e0490d', 'calcium', 8.3, NULL, 'mg/dL'::text, CURRENT_TIMESTAMP, 'final');
INSERT INTO observations (patient_id, observation_type, value_numeric, value_text, unit, observation_date, status)
VALUES ('69a35f44-d242-403e-b048-765115e0490d', 'phosphorus', 4.4, NULL, 'mg/dL'::text, CURRENT_TIMESTAMP, 'final');
INSERT INTO observations (patient_id, observation_type, value_numeric, value_text, unit, observation_date, status)
VALUES ('69a35f44-d242-403e-b048-765115e0490d', 'albumin', 2.5, NULL, 'g/dL'::text, CURRENT_TIMESTAMP, 'final');
INSERT INTO conditions (patient_id, condition_code, condition_name, clinical_status, onset_date, recorded_date, severity)
VALUES ('69a35f44-d242-403e-b048-765115e0490d', 'E11.9', 'Type 2 Diabetes Mellitus', 'active', '2022-05-11', CURRENT_TIMESTAMP, 'moderate');
INSERT INTO conditions (patient_id, condition_code, condition_name, clinical_status, onset_date, recorded_date, severity)
VALUES ('69a35f44-d242-403e-b048-765115e0490d', 'N18.3', 'Chronic Kidney Disease, Stage 3', 'active', '2022-05-11', CURRENT_TIMESTAMP, 'moderate');

-- Patient: Joseph Diaz
INSERT INTO patients (
    id, medical_record_number, first_name, last_name, date_of_birth, gender, email, phone,
    weight, height, smoking_status, cvd_history, family_history_esrd,
    on_ras_inhibitor, on_sglt2i, nephrotoxic_meds, nephrologist_referral,
    diagnosis_date, last_visit_date, next_visit_date
) VALUES (
    '8f23571c-741e-4de6-ad1e-47876e68940e', 'MRN077'::text, 'Joseph'::text, 'Diaz'::text,
    '1987-11-09', 'male'::text, 'joseph.diaz@email.com'::text, '+1-555-0001',
    72.0, 172, 'Never'::text,
    false, false,
    false, false,
    false, false,
    NULL, '2025-11-02'::text, '2026-04-25'::text
);
INSERT INTO observations (patient_id, observation_type, value_numeric, value_text, unit, observation_date, status)
VALUES ('8f23571c-741e-4de6-ad1e-47876e68940e', 'eGFR', 97.57, NULL, 'mL/min/1.73m²'::text, CURRENT_TIMESTAMP, 'final');
INSERT INTO observations (patient_id, observation_type, value_numeric, value_text, unit, observation_date, status)
VALUES ('8f23571c-741e-4de6-ad1e-47876e68940e', 'eGFR_trend', NULL, 'up'::text, NULL, CURRENT_TIMESTAMP, 'final');
INSERT INTO observations (patient_id, observation_type, value_numeric, value_text, unit, observation_date, status)
VALUES ('8f23571c-741e-4de6-ad1e-47876e68940e', 'eGFR_change_percent', -1.4, NULL, '%'::text, CURRENT_TIMESTAMP, 'final');
INSERT INTO observations (patient_id, observation_type, value_numeric, value_text, unit, observation_date, status)
VALUES ('8f23571c-741e-4de6-ad1e-47876e68940e', 'serum_creatinine', 0.98, NULL, 'mg/dL'::text, CURRENT_TIMESTAMP, 'final');
INSERT INTO observations (patient_id, observation_type, value_numeric, value_text, unit, observation_date, status)
VALUES ('8f23571c-741e-4de6-ad1e-47876e68940e', 'BUN', 40, NULL, 'mg/dL'::text, CURRENT_TIMESTAMP, 'final');
INSERT INTO observations (patient_id, observation_type, value_numeric, value_text, unit, observation_date, status)
VALUES ('8f23571c-741e-4de6-ad1e-47876e68940e', 'uACR', 37.98, NULL, 'mg/g'::text, CURRENT_TIMESTAMP, 'final');
INSERT INTO observations (patient_id, observation_type, value_numeric, value_text, unit, observation_date, status)
VALUES ('8f23571c-741e-4de6-ad1e-47876e68940e', 'proteinuria_category', NULL, 'A1'::text, NULL, CURRENT_TIMESTAMP, 'final');
INSERT INTO observations (patient_id, observation_type, value_numeric, value_text, unit, observation_date, status)
VALUES ('8f23571c-741e-4de6-ad1e-47876e68940e', 'blood_pressure_systolic', 133, NULL, 'mmHg'::text, CURRENT_TIMESTAMP, 'final');
INSERT INTO observations (patient_id, observation_type, value_numeric, value_text, unit, observation_date, status)
VALUES ('8f23571c-741e-4de6-ad1e-47876e68940e', 'blood_pressure_diastolic', 79, NULL, 'mmHg'::text, CURRENT_TIMESTAMP, 'final');
INSERT INTO observations (patient_id, observation_type, value_numeric, value_text, unit, observation_date, status)
VALUES ('8f23571c-741e-4de6-ad1e-47876e68940e', 'HbA1c', 5.1, NULL, '%'::text, CURRENT_TIMESTAMP, 'final');
INSERT INTO observations (patient_id, observation_type, value_numeric, value_text, unit, observation_date, status)
VALUES ('8f23571c-741e-4de6-ad1e-47876e68940e', 'LDL_cholesterol', 172, NULL, 'mg/dL'::text, CURRENT_TIMESTAMP, 'final');
INSERT INTO observations (patient_id, observation_type, value_numeric, value_text, unit, observation_date, status)
VALUES ('8f23571c-741e-4de6-ad1e-47876e68940e', 'HDL_cholesterol', 32, NULL, 'mg/dL'::text, CURRENT_TIMESTAMP, 'final');
INSERT INTO observations (patient_id, observation_type, value_numeric, value_text, unit, observation_date, status)
VALUES ('8f23571c-741e-4de6-ad1e-47876e68940e', 'BMI', 24.3, NULL, 'kg/m²'::text, CURRENT_TIMESTAMP, 'final');
INSERT INTO observations (patient_id, observation_type, value_numeric, value_text, unit, observation_date, status)
VALUES ('8f23571c-741e-4de6-ad1e-47876e68940e', 'hemoglobin', 13.0, NULL, 'g/dL'::text, CURRENT_TIMESTAMP, 'final');
INSERT INTO observations (patient_id, observation_type, value_numeric, value_text, unit, observation_date, status)
VALUES ('8f23571c-741e-4de6-ad1e-47876e68940e', 'potassium', 4.9, NULL, 'mEq/L'::text, CURRENT_TIMESTAMP, 'final');
INSERT INTO observations (patient_id, observation_type, value_numeric, value_text, unit, observation_date, status)
VALUES ('8f23571c-741e-4de6-ad1e-47876e68940e', 'calcium', 8.6, NULL, 'mg/dL'::text, CURRENT_TIMESTAMP, 'final');
INSERT INTO observations (patient_id, observation_type, value_numeric, value_text, unit, observation_date, status)
VALUES ('8f23571c-741e-4de6-ad1e-47876e68940e', 'phosphorus', 3.7, NULL, 'mg/dL'::text, CURRENT_TIMESTAMP, 'final');
INSERT INTO observations (patient_id, observation_type, value_numeric, value_text, unit, observation_date, status)
VALUES ('8f23571c-741e-4de6-ad1e-47876e68940e', 'albumin', 3.2, NULL, 'g/dL'::text, CURRENT_TIMESTAMP, 'final');

-- Patient: Harold Owens
INSERT INTO patients (
    id, medical_record_number, first_name, last_name, date_of_birth, gender, email, phone,
    weight, height, smoking_status, cvd_history, family_history_esrd,
    on_ras_inhibitor, on_sglt2i, nephrotoxic_meds, nephrologist_referral,
    diagnosis_date, last_visit_date, next_visit_date
) VALUES (
    'fdab83e4-a440-4590-8e6b-14a1c2ae2700', 'MRN078'::text, 'Harold'::text, 'Owens'::text,
    '1972-11-09', 'male'::text, 'harold.owens@email.com'::text, '+1-555-0001',
    61.3, 183, 'Current'::text,
    false, false,
    true, false,
    false, false,
    '2023-06-17', '2025-11-04'::text, '2026-04-24'::text
);
INSERT INTO observations (patient_id, observation_type, value_numeric, value_text, unit, observation_date, status)
VALUES ('fdab83e4-a440-4590-8e6b-14a1c2ae2700', 'eGFR', 113.33, NULL, 'mL/min/1.73m²'::text, CURRENT_TIMESTAMP, 'final');
INSERT INTO observations (patient_id, observation_type, value_numeric, value_text, unit, observation_date, status)
VALUES ('fdab83e4-a440-4590-8e6b-14a1c2ae2700', 'eGFR_trend', NULL, 'stable'::text, NULL, CURRENT_TIMESTAMP, 'final');
INSERT INTO observations (patient_id, observation_type, value_numeric, value_text, unit, observation_date, status)
VALUES ('fdab83e4-a440-4590-8e6b-14a1c2ae2700', 'eGFR_change_percent', 3.0, NULL, '%'::text, CURRENT_TIMESTAMP, 'final');
INSERT INTO observations (patient_id, observation_type, value_numeric, value_text, unit, observation_date, status)
VALUES ('fdab83e4-a440-4590-8e6b-14a1c2ae2700', 'serum_creatinine', 0.9, NULL, 'mg/dL'::text, CURRENT_TIMESTAMP, 'final');
INSERT INTO observations (patient_id, observation_type, value_numeric, value_text, unit, observation_date, status)
VALUES ('fdab83e4-a440-4590-8e6b-14a1c2ae2700', 'BUN', 26, NULL, 'mg/dL'::text, CURRENT_TIMESTAMP, 'final');
INSERT INTO observations (patient_id, observation_type, value_numeric, value_text, unit, observation_date, status)
VALUES ('fdab83e4-a440-4590-8e6b-14a1c2ae2700', 'uACR', 12.74, NULL, 'mg/g'::text, CURRENT_TIMESTAMP, 'final');
INSERT INTO observations (patient_id, observation_type, value_numeric, value_text, unit, observation_date, status)
VALUES ('fdab83e4-a440-4590-8e6b-14a1c2ae2700', 'proteinuria_category', NULL, 'A1'::text, NULL, CURRENT_TIMESTAMP, 'final');
INSERT INTO observations (patient_id, observation_type, value_numeric, value_text, unit, observation_date, status)
VALUES ('fdab83e4-a440-4590-8e6b-14a1c2ae2700', 'blood_pressure_systolic', 111, NULL, 'mmHg'::text, CURRENT_TIMESTAMP, 'final');
INSERT INTO observations (patient_id, observation_type, value_numeric, value_text, unit, observation_date, status)
VALUES ('fdab83e4-a440-4590-8e6b-14a1c2ae2700', 'blood_pressure_diastolic', 72, NULL, 'mmHg'::text, CURRENT_TIMESTAMP, 'final');
INSERT INTO observations (patient_id, observation_type, value_numeric, value_text, unit, observation_date, status)
VALUES ('fdab83e4-a440-4590-8e6b-14a1c2ae2700', 'HbA1c', 5.7, NULL, '%'::text, CURRENT_TIMESTAMP, 'final');
INSERT INTO observations (patient_id, observation_type, value_numeric, value_text, unit, observation_date, status)
VALUES ('fdab83e4-a440-4590-8e6b-14a1c2ae2700', 'LDL_cholesterol', 119, NULL, 'mg/dL'::text, CURRENT_TIMESTAMP, 'final');
INSERT INTO observations (patient_id, observation_type, value_numeric, value_text, unit, observation_date, status)
VALUES ('fdab83e4-a440-4590-8e6b-14a1c2ae2700', 'HDL_cholesterol', 59, NULL, 'mg/dL'::text, CURRENT_TIMESTAMP, 'final');
INSERT INTO observations (patient_id, observation_type, value_numeric, value_text, unit, observation_date, status)
VALUES ('fdab83e4-a440-4590-8e6b-14a1c2ae2700', 'BMI', 18.3, NULL, 'kg/m²'::text, CURRENT_TIMESTAMP, 'final');
INSERT INTO observations (patient_id, observation_type, value_numeric, value_text, unit, observation_date, status)
VALUES ('fdab83e4-a440-4590-8e6b-14a1c2ae2700', 'hemoglobin', 12.6, NULL, 'g/dL'::text, CURRENT_TIMESTAMP, 'final');
INSERT INTO observations (patient_id, observation_type, value_numeric, value_text, unit, observation_date, status)
VALUES ('fdab83e4-a440-4590-8e6b-14a1c2ae2700', 'potassium', 4.0, NULL, 'mEq/L'::text, CURRENT_TIMESTAMP, 'final');
INSERT INTO observations (patient_id, observation_type, value_numeric, value_text, unit, observation_date, status)
VALUES ('fdab83e4-a440-4590-8e6b-14a1c2ae2700', 'calcium', 8.3, NULL, 'mg/dL'::text, CURRENT_TIMESTAMP, 'final');
INSERT INTO observations (patient_id, observation_type, value_numeric, value_text, unit, observation_date, status)
VALUES ('fdab83e4-a440-4590-8e6b-14a1c2ae2700', 'phosphorus', 3.3, NULL, 'mg/dL'::text, CURRENT_TIMESTAMP, 'final');
INSERT INTO observations (patient_id, observation_type, value_numeric, value_text, unit, observation_date, status)
VALUES ('fdab83e4-a440-4590-8e6b-14a1c2ae2700', 'albumin', 3.5, NULL, 'g/dL'::text, CURRENT_TIMESTAMP, 'final');
INSERT INTO conditions (patient_id, condition_code, condition_name, clinical_status, onset_date, recorded_date, severity)
VALUES ('fdab83e4-a440-4590-8e6b-14a1c2ae2700', 'N18.1', 'Chronic Kidney Disease, Stage 1', 'active', '2023-06-17', CURRENT_TIMESTAMP, 'mild');

-- Patient: Jacob Shaw
INSERT INTO patients (
    id, medical_record_number, first_name, last_name, date_of_birth, gender, email, phone,
    weight, height, smoking_status, cvd_history, family_history_esrd,
    on_ras_inhibitor, on_sglt2i, nephrotoxic_meds, nephrologist_referral,
    diagnosis_date, last_visit_date, next_visit_date
) VALUES (
    'ea18559d-ac83-4f38-93ed-96d29372c32b', 'MRN079'::text, 'Jacob'::text, 'Shaw'::text,
    '1964-11-09', 'male'::text, 'jacob.shaw@email.com'::text, '+1-555-0001',
    95.5, 168, 'Never'::text,
    false, false,
    true, false,
    true, true,
    '2019-02-27', '2025-10-29'::text, '2025-12-02'::text
);
INSERT INTO observations (patient_id, observation_type, value_numeric, value_text, unit, observation_date, status)
VALUES ('ea18559d-ac83-4f38-93ed-96d29372c32b', 'eGFR', 25.93, NULL, 'mL/min/1.73m²'::text, CURRENT_TIMESTAMP, 'final');
INSERT INTO observations (patient_id, observation_type, value_numeric, value_text, unit, observation_date, status)
VALUES ('ea18559d-ac83-4f38-93ed-96d29372c32b', 'eGFR_trend', NULL, 'down'::text, NULL, CURRENT_TIMESTAMP, 'final');
INSERT INTO observations (patient_id, observation_type, value_numeric, value_text, unit, observation_date, status)
VALUES ('ea18559d-ac83-4f38-93ed-96d29372c32b', 'eGFR_change_percent', -13.9, NULL, '%'::text, CURRENT_TIMESTAMP, 'final');
INSERT INTO observations (patient_id, observation_type, value_numeric, value_text, unit, observation_date, status)
VALUES ('ea18559d-ac83-4f38-93ed-96d29372c32b', 'serum_creatinine', 3.38, NULL, 'mg/dL'::text, CURRENT_TIMESTAMP, 'final');
INSERT INTO observations (patient_id, observation_type, value_numeric, value_text, unit, observation_date, status)
VALUES ('ea18559d-ac83-4f38-93ed-96d29372c32b', 'BUN', 196, NULL, 'mg/dL'::text, CURRENT_TIMESTAMP, 'final');
INSERT INTO observations (patient_id, observation_type, value_numeric, value_text, unit, observation_date, status)
VALUES ('ea18559d-ac83-4f38-93ed-96d29372c32b', 'uACR', 610.04, NULL, 'mg/g'::text, CURRENT_TIMESTAMP, 'final');
INSERT INTO observations (patient_id, observation_type, value_numeric, value_text, unit, observation_date, status)
VALUES ('ea18559d-ac83-4f38-93ed-96d29372c32b', 'proteinuria_category', NULL, 'A3'::text, NULL, CURRENT_TIMESTAMP, 'final');
INSERT INTO observations (patient_id, observation_type, value_numeric, value_text, unit, observation_date, status)
VALUES ('ea18559d-ac83-4f38-93ed-96d29372c32b', 'blood_pressure_systolic', 145, NULL, 'mmHg'::text, CURRENT_TIMESTAMP, 'final');
INSERT INTO observations (patient_id, observation_type, value_numeric, value_text, unit, observation_date, status)
VALUES ('ea18559d-ac83-4f38-93ed-96d29372c32b', 'blood_pressure_diastolic', 93, NULL, 'mmHg'::text, CURRENT_TIMESTAMP, 'final');
INSERT INTO observations (patient_id, observation_type, value_numeric, value_text, unit, observation_date, status)
VALUES ('ea18559d-ac83-4f38-93ed-96d29372c32b', 'HbA1c', 5.2, NULL, '%'::text, CURRENT_TIMESTAMP, 'final');
INSERT INTO observations (patient_id, observation_type, value_numeric, value_text, unit, observation_date, status)
VALUES ('ea18559d-ac83-4f38-93ed-96d29372c32b', 'LDL_cholesterol', 126, NULL, 'mg/dL'::text, CURRENT_TIMESTAMP, 'final');
INSERT INTO observations (patient_id, observation_type, value_numeric, value_text, unit, observation_date, status)
VALUES ('ea18559d-ac83-4f38-93ed-96d29372c32b', 'HDL_cholesterol', 51, NULL, 'mg/dL'::text, CURRENT_TIMESTAMP, 'final');
INSERT INTO observations (patient_id, observation_type, value_numeric, value_text, unit, observation_date, status)
VALUES ('ea18559d-ac83-4f38-93ed-96d29372c32b', 'BMI', 33.8, NULL, 'kg/m²'::text, CURRENT_TIMESTAMP, 'final');
INSERT INTO observations (patient_id, observation_type, value_numeric, value_text, unit, observation_date, status)
VALUES ('ea18559d-ac83-4f38-93ed-96d29372c32b', 'hemoglobin', 9.3, NULL, 'g/dL'::text, CURRENT_TIMESTAMP, 'final');
INSERT INTO observations (patient_id, observation_type, value_numeric, value_text, unit, observation_date, status)
VALUES ('ea18559d-ac83-4f38-93ed-96d29372c32b', 'potassium', 5.9, NULL, 'mEq/L'::text, CURRENT_TIMESTAMP, 'final');
INSERT INTO observations (patient_id, observation_type, value_numeric, value_text, unit, observation_date, status)
VALUES ('ea18559d-ac83-4f38-93ed-96d29372c32b', 'calcium', 8.4, NULL, 'mg/dL'::text, CURRENT_TIMESTAMP, 'final');
INSERT INTO observations (patient_id, observation_type, value_numeric, value_text, unit, observation_date, status)
VALUES ('ea18559d-ac83-4f38-93ed-96d29372c32b', 'phosphorus', 6.0, NULL, 'mg/dL'::text, CURRENT_TIMESTAMP, 'final');
INSERT INTO observations (patient_id, observation_type, value_numeric, value_text, unit, observation_date, status)
VALUES ('ea18559d-ac83-4f38-93ed-96d29372c32b', 'albumin', 2.4, NULL, 'g/dL'::text, CURRENT_TIMESTAMP, 'final');
INSERT INTO conditions (patient_id, condition_code, condition_name, clinical_status, onset_date, recorded_date, severity)
VALUES ('ea18559d-ac83-4f38-93ed-96d29372c32b', 'I10', 'Essential Hypertension', 'active', '2019-02-27', CURRENT_TIMESTAMP, 'moderate');
INSERT INTO conditions (patient_id, condition_code, condition_name, clinical_status, onset_date, recorded_date, severity)
VALUES ('ea18559d-ac83-4f38-93ed-96d29372c32b', 'N18.4', 'Chronic Kidney Disease, Stage 4', 'active', '2019-02-27', CURRENT_TIMESTAMP, 'severe');

-- Patient: Frank Morris
INSERT INTO patients (
    id, medical_record_number, first_name, last_name, date_of_birth, gender, email, phone,
    weight, height, smoking_status, cvd_history, family_history_esrd,
    on_ras_inhibitor, on_sglt2i, nephrotoxic_meds, nephrologist_referral,
    diagnosis_date, last_visit_date, next_visit_date
) VALUES (
    '5354965f-f017-491c-8a7c-e016c2f411fb', 'MRN080'::text, 'Frank'::text, 'Morris'::text,
    '1962-11-09', 'male'::text, 'frank.morris@email.com'::text, '+1-555-0001',
    70.9, 186, 'Never'::text,
    false, false,
    true, false,
    true, false,
    '2024-04-04', '2025-10-16'::text, '2026-01-08'::text
);
INSERT INTO observations (patient_id, observation_type, value_numeric, value_text, unit, observation_date, status)
VALUES ('5354965f-f017-491c-8a7c-e016c2f411fb', 'eGFR', 54.11, NULL, 'mL/min/1.73m²'::text, CURRENT_TIMESTAMP, 'final');
INSERT INTO observations (patient_id, observation_type, value_numeric, value_text, unit, observation_date, status)
VALUES ('5354965f-f017-491c-8a7c-e016c2f411fb', 'eGFR_trend', NULL, 'stable'::text, NULL, CURRENT_TIMESTAMP, 'final');
INSERT INTO observations (patient_id, observation_type, value_numeric, value_text, unit, observation_date, status)
VALUES ('5354965f-f017-491c-8a7c-e016c2f411fb', 'eGFR_change_percent', -4.0, NULL, '%'::text, CURRENT_TIMESTAMP, 'final');
INSERT INTO observations (patient_id, observation_type, value_numeric, value_text, unit, observation_date, status)
VALUES ('5354965f-f017-491c-8a7c-e016c2f411fb', 'serum_creatinine', 1.8, NULL, 'mg/dL'::text, CURRENT_TIMESTAMP, 'final');
INSERT INTO observations (patient_id, observation_type, value_numeric, value_text, unit, observation_date, status)
VALUES ('5354965f-f017-491c-8a7c-e016c2f411fb', 'BUN', 152, NULL, 'mg/dL'::text, CURRENT_TIMESTAMP, 'final');
INSERT INTO observations (patient_id, observation_type, value_numeric, value_text, unit, observation_date, status)
VALUES ('5354965f-f017-491c-8a7c-e016c2f411fb', 'uACR', 256.28, NULL, 'mg/g'::text, CURRENT_TIMESTAMP, 'final');
INSERT INTO observations (patient_id, observation_type, value_numeric, value_text, unit, observation_date, status)
VALUES ('5354965f-f017-491c-8a7c-e016c2f411fb', 'proteinuria_category', NULL, 'A2'::text, NULL, CURRENT_TIMESTAMP, 'final');
INSERT INTO observations (patient_id, observation_type, value_numeric, value_text, unit, observation_date, status)
VALUES ('5354965f-f017-491c-8a7c-e016c2f411fb', 'blood_pressure_systolic', 130, NULL, 'mmHg'::text, CURRENT_TIMESTAMP, 'final');
INSERT INTO observations (patient_id, observation_type, value_numeric, value_text, unit, observation_date, status)
VALUES ('5354965f-f017-491c-8a7c-e016c2f411fb', 'blood_pressure_diastolic', 80, NULL, 'mmHg'::text, CURRENT_TIMESTAMP, 'final');
INSERT INTO observations (patient_id, observation_type, value_numeric, value_text, unit, observation_date, status)
VALUES ('5354965f-f017-491c-8a7c-e016c2f411fb', 'HbA1c', 5.5, NULL, '%'::text, CURRENT_TIMESTAMP, 'final');
INSERT INTO observations (patient_id, observation_type, value_numeric, value_text, unit, observation_date, status)
VALUES ('5354965f-f017-491c-8a7c-e016c2f411fb', 'LDL_cholesterol', 113, NULL, 'mg/dL'::text, CURRENT_TIMESTAMP, 'final');
INSERT INTO observations (patient_id, observation_type, value_numeric, value_text, unit, observation_date, status)
VALUES ('5354965f-f017-491c-8a7c-e016c2f411fb', 'HDL_cholesterol', 39, NULL, 'mg/dL'::text, CURRENT_TIMESTAMP, 'final');
INSERT INTO observations (patient_id, observation_type, value_numeric, value_text, unit, observation_date, status)
VALUES ('5354965f-f017-491c-8a7c-e016c2f411fb', 'BMI', 20.5, NULL, 'kg/m²'::text, CURRENT_TIMESTAMP, 'final');
INSERT INTO observations (patient_id, observation_type, value_numeric, value_text, unit, observation_date, status)
VALUES ('5354965f-f017-491c-8a7c-e016c2f411fb', 'hemoglobin', 11.7, NULL, 'g/dL'::text, CURRENT_TIMESTAMP, 'final');
INSERT INTO observations (patient_id, observation_type, value_numeric, value_text, unit, observation_date, status)
VALUES ('5354965f-f017-491c-8a7c-e016c2f411fb', 'potassium', 4.3, NULL, 'mEq/L'::text, CURRENT_TIMESTAMP, 'final');
INSERT INTO observations (patient_id, observation_type, value_numeric, value_text, unit, observation_date, status)
VALUES ('5354965f-f017-491c-8a7c-e016c2f411fb', 'calcium', 8.7, NULL, 'mg/dL'::text, CURRENT_TIMESTAMP, 'final');
INSERT INTO observations (patient_id, observation_type, value_numeric, value_text, unit, observation_date, status)
VALUES ('5354965f-f017-491c-8a7c-e016c2f411fb', 'phosphorus', 4.4, NULL, 'mg/dL'::text, CURRENT_TIMESTAMP, 'final');
INSERT INTO observations (patient_id, observation_type, value_numeric, value_text, unit, observation_date, status)
VALUES ('5354965f-f017-491c-8a7c-e016c2f411fb', 'albumin', 2.2, NULL, 'g/dL'::text, CURRENT_TIMESTAMP, 'final');
INSERT INTO conditions (patient_id, condition_code, condition_name, clinical_status, onset_date, recorded_date, severity)
VALUES ('5354965f-f017-491c-8a7c-e016c2f411fb', 'N18.3', 'Chronic Kidney Disease, Stage 3', 'active', '2024-04-04', CURRENT_TIMESTAMP, 'moderate');

-- Patient: Ralph Ruiz
INSERT INTO patients (
    id, medical_record_number, first_name, last_name, date_of_birth, gender, email, phone,
    weight, height, smoking_status, cvd_history, family_history_esrd,
    on_ras_inhibitor, on_sglt2i, nephrotoxic_meds, nephrologist_referral,
    diagnosis_date, last_visit_date, next_visit_date
) VALUES (
    'e1a1ff3f-fbe9-4af0-9b91-4995a935436c', 'MRN081'::text, 'Ralph'::text, 'Ruiz'::text,
    '1963-11-09', 'male'::text, 'ralph.ruiz@email.com'::text, '+1-555-0001',
    73.6, 173, 'Former'::text,
    false, true,
    true, false,
    true, true,
    '2021-07-23', '2025-10-16'::text, '2026-02-11'::text
);
INSERT INTO observations (patient_id, observation_type, value_numeric, value_text, unit, observation_date, status)
VALUES ('e1a1ff3f-fbe9-4af0-9b91-4995a935436c', 'eGFR', 30.87, NULL, 'mL/min/1.73m²'::text, CURRENT_TIMESTAMP, 'final');
INSERT INTO observations (patient_id, observation_type, value_numeric, value_text, unit, observation_date, status)
VALUES ('e1a1ff3f-fbe9-4af0-9b91-4995a935436c', 'eGFR_trend', NULL, 'down'::text, NULL, CURRENT_TIMESTAMP, 'final');
INSERT INTO observations (patient_id, observation_type, value_numeric, value_text, unit, observation_date, status)
VALUES ('e1a1ff3f-fbe9-4af0-9b91-4995a935436c', 'eGFR_change_percent', -2.6, NULL, '%'::text, CURRENT_TIMESTAMP, 'final');
INSERT INTO observations (patient_id, observation_type, value_numeric, value_text, unit, observation_date, status)
VALUES ('e1a1ff3f-fbe9-4af0-9b91-4995a935436c', 'serum_creatinine', 1.3, NULL, 'mg/dL'::text, CURRENT_TIMESTAMP, 'final');
INSERT INTO observations (patient_id, observation_type, value_numeric, value_text, unit, observation_date, status)
VALUES ('e1a1ff3f-fbe9-4af0-9b91-4995a935436c', 'BUN', 121, NULL, 'mg/dL'::text, CURRENT_TIMESTAMP, 'final');
INSERT INTO observations (patient_id, observation_type, value_numeric, value_text, unit, observation_date, status)
VALUES ('e1a1ff3f-fbe9-4af0-9b91-4995a935436c', 'uACR', 187.52, NULL, 'mg/g'::text, CURRENT_TIMESTAMP, 'final');
INSERT INTO observations (patient_id, observation_type, value_numeric, value_text, unit, observation_date, status)
VALUES ('e1a1ff3f-fbe9-4af0-9b91-4995a935436c', 'proteinuria_category', NULL, 'A3'::text, NULL, CURRENT_TIMESTAMP, 'final');
INSERT INTO observations (patient_id, observation_type, value_numeric, value_text, unit, observation_date, status)
VALUES ('e1a1ff3f-fbe9-4af0-9b91-4995a935436c', 'blood_pressure_systolic', 150, NULL, 'mmHg'::text, CURRENT_TIMESTAMP, 'final');
INSERT INTO observations (patient_id, observation_type, value_numeric, value_text, unit, observation_date, status)
VALUES ('e1a1ff3f-fbe9-4af0-9b91-4995a935436c', 'blood_pressure_diastolic', 90, NULL, 'mmHg'::text, CURRENT_TIMESTAMP, 'final');
INSERT INTO observations (patient_id, observation_type, value_numeric, value_text, unit, observation_date, status)
VALUES ('e1a1ff3f-fbe9-4af0-9b91-4995a935436c', 'HbA1c', 5.2, NULL, '%'::text, CURRENT_TIMESTAMP, 'final');
INSERT INTO observations (patient_id, observation_type, value_numeric, value_text, unit, observation_date, status)
VALUES ('e1a1ff3f-fbe9-4af0-9b91-4995a935436c', 'LDL_cholesterol', 116, NULL, 'mg/dL'::text, CURRENT_TIMESTAMP, 'final');
INSERT INTO observations (patient_id, observation_type, value_numeric, value_text, unit, observation_date, status)
VALUES ('e1a1ff3f-fbe9-4af0-9b91-4995a935436c', 'HDL_cholesterol', 63, NULL, 'mg/dL'::text, CURRENT_TIMESTAMP, 'final');
INSERT INTO observations (patient_id, observation_type, value_numeric, value_text, unit, observation_date, status)
VALUES ('e1a1ff3f-fbe9-4af0-9b91-4995a935436c', 'BMI', 24.6, NULL, 'kg/m²'::text, CURRENT_TIMESTAMP, 'final');
INSERT INTO observations (patient_id, observation_type, value_numeric, value_text, unit, observation_date, status)
VALUES ('e1a1ff3f-fbe9-4af0-9b91-4995a935436c', 'hemoglobin', 11.5, NULL, 'g/dL'::text, CURRENT_TIMESTAMP, 'final');
INSERT INTO observations (patient_id, observation_type, value_numeric, value_text, unit, observation_date, status)
VALUES ('e1a1ff3f-fbe9-4af0-9b91-4995a935436c', 'potassium', 3.9, NULL, 'mEq/L'::text, CURRENT_TIMESTAMP, 'final');
INSERT INTO observations (patient_id, observation_type, value_numeric, value_text, unit, observation_date, status)
VALUES ('e1a1ff3f-fbe9-4af0-9b91-4995a935436c', 'calcium', 8.2, NULL, 'mg/dL'::text, CURRENT_TIMESTAMP, 'final');
INSERT INTO observations (patient_id, observation_type, value_numeric, value_text, unit, observation_date, status)
VALUES ('e1a1ff3f-fbe9-4af0-9b91-4995a935436c', 'phosphorus', 4.0, NULL, 'mg/dL'::text, CURRENT_TIMESTAMP, 'final');
INSERT INTO observations (patient_id, observation_type, value_numeric, value_text, unit, observation_date, status)
VALUES ('e1a1ff3f-fbe9-4af0-9b91-4995a935436c', 'albumin', 2.2, NULL, 'g/dL'::text, CURRENT_TIMESTAMP, 'final');
INSERT INTO conditions (patient_id, condition_code, condition_name, clinical_status, onset_date, recorded_date, severity)
VALUES ('e1a1ff3f-fbe9-4af0-9b91-4995a935436c', 'N18.3', 'Chronic Kidney Disease, Stage 3', 'active', '2021-07-23', CURRENT_TIMESTAMP, 'moderate');

-- Patient: Laura Cole
INSERT INTO patients (
    id, medical_record_number, first_name, last_name, date_of_birth, gender, email, phone,
    weight, height, smoking_status, cvd_history, family_history_esrd,
    on_ras_inhibitor, on_sglt2i, nephrotoxic_meds, nephrologist_referral,
    diagnosis_date, last_visit_date, next_visit_date
) VALUES (
    'c0477291-ad6d-4fc5-bf70-e8e4a57bd579', 'MRN082'::text, 'Laura'::text, 'Cole'::text,
    '1958-11-09', 'female'::text, 'laura.cole@email.com'::text, '+1-555-0001',
    82.0, 161, 'Former'::text,
    false, false,
    true, false,
    false, true,
    '2019-10-04', '2025-10-10'::text, '2025-12-01'::text
);
INSERT INTO observations (patient_id, observation_type, value_numeric, value_text, unit, observation_date, status)
VALUES ('c0477291-ad6d-4fc5-bf70-e8e4a57bd579', 'eGFR', 27.75, NULL, 'mL/min/1.73m²'::text, CURRENT_TIMESTAMP, 'final');
INSERT INTO observations (patient_id, observation_type, value_numeric, value_text, unit, observation_date, status)
VALUES ('c0477291-ad6d-4fc5-bf70-e8e4a57bd579', 'eGFR_trend', NULL, 'down'::text, NULL, CURRENT_TIMESTAMP, 'final');
INSERT INTO observations (patient_id, observation_type, value_numeric, value_text, unit, observation_date, status)
VALUES ('c0477291-ad6d-4fc5-bf70-e8e4a57bd579', 'eGFR_change_percent', -6.4, NULL, '%'::text, CURRENT_TIMESTAMP, 'final');
INSERT INTO observations (patient_id, observation_type, value_numeric, value_text, unit, observation_date, status)
VALUES ('c0477291-ad6d-4fc5-bf70-e8e4a57bd579', 'serum_creatinine', 2.04, NULL, 'mg/dL'::text, CURRENT_TIMESTAMP, 'final');
INSERT INTO observations (patient_id, observation_type, value_numeric, value_text, unit, observation_date, status)
VALUES ('c0477291-ad6d-4fc5-bf70-e8e4a57bd579', 'BUN', 210, NULL, 'mg/dL'::text, CURRENT_TIMESTAMP, 'final');
INSERT INTO observations (patient_id, observation_type, value_numeric, value_text, unit, observation_date, status)
VALUES ('c0477291-ad6d-4fc5-bf70-e8e4a57bd579', 'uACR', 513.41, NULL, 'mg/g'::text, CURRENT_TIMESTAMP, 'final');
INSERT INTO observations (patient_id, observation_type, value_numeric, value_text, unit, observation_date, status)
VALUES ('c0477291-ad6d-4fc5-bf70-e8e4a57bd579', 'proteinuria_category', NULL, 'A3'::text, NULL, CURRENT_TIMESTAMP, 'final');
INSERT INTO observations (patient_id, observation_type, value_numeric, value_text, unit, observation_date, status)
VALUES ('c0477291-ad6d-4fc5-bf70-e8e4a57bd579', 'blood_pressure_systolic', 147, NULL, 'mmHg'::text, CURRENT_TIMESTAMP, 'final');
INSERT INTO observations (patient_id, observation_type, value_numeric, value_text, unit, observation_date, status)
VALUES ('c0477291-ad6d-4fc5-bf70-e8e4a57bd579', 'blood_pressure_diastolic', 96, NULL, 'mmHg'::text, CURRENT_TIMESTAMP, 'final');
INSERT INTO observations (patient_id, observation_type, value_numeric, value_text, unit, observation_date, status)
VALUES ('c0477291-ad6d-4fc5-bf70-e8e4a57bd579', 'HbA1c', 5.1, NULL, '%'::text, CURRENT_TIMESTAMP, 'final');
INSERT INTO observations (patient_id, observation_type, value_numeric, value_text, unit, observation_date, status)
VALUES ('c0477291-ad6d-4fc5-bf70-e8e4a57bd579', 'LDL_cholesterol', 109, NULL, 'mg/dL'::text, CURRENT_TIMESTAMP, 'final');
INSERT INTO observations (patient_id, observation_type, value_numeric, value_text, unit, observation_date, status)
VALUES ('c0477291-ad6d-4fc5-bf70-e8e4a57bd579', 'HDL_cholesterol', 67, NULL, 'mg/dL'::text, CURRENT_TIMESTAMP, 'final');
INSERT INTO observations (patient_id, observation_type, value_numeric, value_text, unit, observation_date, status)
VALUES ('c0477291-ad6d-4fc5-bf70-e8e4a57bd579', 'BMI', 31.6, NULL, 'kg/m²'::text, CURRENT_TIMESTAMP, 'final');
INSERT INTO observations (patient_id, observation_type, value_numeric, value_text, unit, observation_date, status)
VALUES ('c0477291-ad6d-4fc5-bf70-e8e4a57bd579', 'hemoglobin', 8.5, NULL, 'g/dL'::text, CURRENT_TIMESTAMP, 'final');
INSERT INTO observations (patient_id, observation_type, value_numeric, value_text, unit, observation_date, status)
VALUES ('c0477291-ad6d-4fc5-bf70-e8e4a57bd579', 'potassium', 6.2, NULL, 'mEq/L'::text, CURRENT_TIMESTAMP, 'final');
INSERT INTO observations (patient_id, observation_type, value_numeric, value_text, unit, observation_date, status)
VALUES ('c0477291-ad6d-4fc5-bf70-e8e4a57bd579', 'calcium', 8.8, NULL, 'mg/dL'::text, CURRENT_TIMESTAMP, 'final');
INSERT INTO observations (patient_id, observation_type, value_numeric, value_text, unit, observation_date, status)
VALUES ('c0477291-ad6d-4fc5-bf70-e8e4a57bd579', 'phosphorus', 7.3, NULL, 'mg/dL'::text, CURRENT_TIMESTAMP, 'final');
INSERT INTO observations (patient_id, observation_type, value_numeric, value_text, unit, observation_date, status)
VALUES ('c0477291-ad6d-4fc5-bf70-e8e4a57bd579', 'albumin', 2.4, NULL, 'g/dL'::text, CURRENT_TIMESTAMP, 'final');
INSERT INTO conditions (patient_id, condition_code, condition_name, clinical_status, onset_date, recorded_date, severity)
VALUES ('c0477291-ad6d-4fc5-bf70-e8e4a57bd579', 'I10', 'Essential Hypertension', 'active', '2019-10-04', CURRENT_TIMESTAMP, 'moderate');
INSERT INTO conditions (patient_id, condition_code, condition_name, clinical_status, onset_date, recorded_date, severity)
VALUES ('c0477291-ad6d-4fc5-bf70-e8e4a57bd579', 'N18.4', 'Chronic Kidney Disease, Stage 4', 'active', '2019-10-04', CURRENT_TIMESTAMP, 'severe');

-- Patient: Sean Nichols
INSERT INTO patients (
    id, medical_record_number, first_name, last_name, date_of_birth, gender, email, phone,
    weight, height, smoking_status, cvd_history, family_history_esrd,
    on_ras_inhibitor, on_sglt2i, nephrotoxic_meds, nephrologist_referral,
    diagnosis_date, last_visit_date, next_visit_date
) VALUES (
    '55365f69-5919-4f47-8cde-9a53c5ac68c0', 'MRN083'::text, 'Sean'::text, 'Nichols'::text,
    '1980-11-09', 'male'::text, 'sean.nichols@email.com'::text, '+1-555-0001',
    118.9, 186, 'Never'::text,
    false, false,
    true, false,
    false, false,
    '2024-05-11', '2025-10-18'::text, '2026-04-06'::text
);
INSERT INTO observations (patient_id, observation_type, value_numeric, value_text, unit, observation_date, status)
VALUES ('55365f69-5919-4f47-8cde-9a53c5ac68c0', 'eGFR', 113.93, NULL, 'mL/min/1.73m²'::text, CURRENT_TIMESTAMP, 'final');
INSERT INTO observations (patient_id, observation_type, value_numeric, value_text, unit, observation_date, status)
VALUES ('55365f69-5919-4f47-8cde-9a53c5ac68c0', 'eGFR_trend', NULL, 'stable'::text, NULL, CURRENT_TIMESTAMP, 'final');
INSERT INTO observations (patient_id, observation_type, value_numeric, value_text, unit, observation_date, status)
VALUES ('55365f69-5919-4f47-8cde-9a53c5ac68c0', 'eGFR_change_percent', 3.1, NULL, '%'::text, CURRENT_TIMESTAMP, 'final');
INSERT INTO observations (patient_id, observation_type, value_numeric, value_text, unit, observation_date, status)
VALUES ('55365f69-5919-4f47-8cde-9a53c5ac68c0', 'serum_creatinine', 0.92, NULL, 'mg/dL'::text, CURRENT_TIMESTAMP, 'final');
INSERT INTO observations (patient_id, observation_type, value_numeric, value_text, unit, observation_date, status)
VALUES ('55365f69-5919-4f47-8cde-9a53c5ac68c0', 'BUN', 93, NULL, 'mg/dL'::text, CURRENT_TIMESTAMP, 'final');
INSERT INTO observations (patient_id, observation_type, value_numeric, value_text, unit, observation_date, status)
VALUES ('55365f69-5919-4f47-8cde-9a53c5ac68c0', 'uACR', 10.65, NULL, 'mg/g'::text, CURRENT_TIMESTAMP, 'final');
INSERT INTO observations (patient_id, observation_type, value_numeric, value_text, unit, observation_date, status)
VALUES ('55365f69-5919-4f47-8cde-9a53c5ac68c0', 'proteinuria_category', NULL, 'A1'::text, NULL, CURRENT_TIMESTAMP, 'final');
INSERT INTO observations (patient_id, observation_type, value_numeric, value_text, unit, observation_date, status)
VALUES ('55365f69-5919-4f47-8cde-9a53c5ac68c0', 'blood_pressure_systolic', 119, NULL, 'mmHg'::text, CURRENT_TIMESTAMP, 'final');
INSERT INTO observations (patient_id, observation_type, value_numeric, value_text, unit, observation_date, status)
VALUES ('55365f69-5919-4f47-8cde-9a53c5ac68c0', 'blood_pressure_diastolic', 76, NULL, 'mmHg'::text, CURRENT_TIMESTAMP, 'final');
INSERT INTO observations (patient_id, observation_type, value_numeric, value_text, unit, observation_date, status)
VALUES ('55365f69-5919-4f47-8cde-9a53c5ac68c0', 'HbA1c', 5.0, NULL, '%'::text, CURRENT_TIMESTAMP, 'final');
INSERT INTO observations (patient_id, observation_type, value_numeric, value_text, unit, observation_date, status)
VALUES ('55365f69-5919-4f47-8cde-9a53c5ac68c0', 'LDL_cholesterol', 128, NULL, 'mg/dL'::text, CURRENT_TIMESTAMP, 'final');
INSERT INTO observations (patient_id, observation_type, value_numeric, value_text, unit, observation_date, status)
VALUES ('55365f69-5919-4f47-8cde-9a53c5ac68c0', 'HDL_cholesterol', 63, NULL, 'mg/dL'::text, CURRENT_TIMESTAMP, 'final');
INSERT INTO observations (patient_id, observation_type, value_numeric, value_text, unit, observation_date, status)
VALUES ('55365f69-5919-4f47-8cde-9a53c5ac68c0', 'BMI', 34.4, NULL, 'kg/m²'::text, CURRENT_TIMESTAMP, 'final');
INSERT INTO observations (patient_id, observation_type, value_numeric, value_text, unit, observation_date, status)
VALUES ('55365f69-5919-4f47-8cde-9a53c5ac68c0', 'hemoglobin', 12.8, NULL, 'g/dL'::text, CURRENT_TIMESTAMP, 'final');
INSERT INTO observations (patient_id, observation_type, value_numeric, value_text, unit, observation_date, status)
VALUES ('55365f69-5919-4f47-8cde-9a53c5ac68c0', 'potassium', 4.1, NULL, 'mEq/L'::text, CURRENT_TIMESTAMP, 'final');
INSERT INTO observations (patient_id, observation_type, value_numeric, value_text, unit, observation_date, status)
VALUES ('55365f69-5919-4f47-8cde-9a53c5ac68c0', 'calcium', 9.2, NULL, 'mg/dL'::text, CURRENT_TIMESTAMP, 'final');
INSERT INTO observations (patient_id, observation_type, value_numeric, value_text, unit, observation_date, status)
VALUES ('55365f69-5919-4f47-8cde-9a53c5ac68c0', 'phosphorus', 3.3, NULL, 'mg/dL'::text, CURRENT_TIMESTAMP, 'final');
INSERT INTO observations (patient_id, observation_type, value_numeric, value_text, unit, observation_date, status)
VALUES ('55365f69-5919-4f47-8cde-9a53c5ac68c0', 'albumin', 4.2, NULL, 'g/dL'::text, CURRENT_TIMESTAMP, 'final');
INSERT INTO conditions (patient_id, condition_code, condition_name, clinical_status, onset_date, recorded_date, severity)
VALUES ('55365f69-5919-4f47-8cde-9a53c5ac68c0', 'N18.1', 'Chronic Kidney Disease, Stage 1', 'active', '2024-05-11', CURRENT_TIMESTAMP, 'mild');

-- Patient: Jeremy Freeman
INSERT INTO patients (
    id, medical_record_number, first_name, last_name, date_of_birth, gender, email, phone,
    weight, height, smoking_status, cvd_history, family_history_esrd,
    on_ras_inhibitor, on_sglt2i, nephrotoxic_meds, nephrologist_referral,
    diagnosis_date, last_visit_date, next_visit_date
) VALUES (
    '01b4e400-be5d-40bc-ab12-4cacea642578', 'MRN084'::text, 'Jeremy'::text, 'Freeman'::text,
    '1978-11-09', 'male'::text, 'jeremy.freeman@email.com'::text, '+1-555-0001',
    119.8, 178, 'Never'::text,
    false, false,
    false, false,
    false, false,
    NULL, '2025-10-21'::text, '2026-04-16'::text
);
INSERT INTO observations (patient_id, observation_type, value_numeric, value_text, unit, observation_date, status)
VALUES ('01b4e400-be5d-40bc-ab12-4cacea642578', 'eGFR', 97.57, NULL, 'mL/min/1.73m²'::text, CURRENT_TIMESTAMP, 'final');
INSERT INTO observations (patient_id, observation_type, value_numeric, value_text, unit, observation_date, status)
VALUES ('01b4e400-be5d-40bc-ab12-4cacea642578', 'eGFR_trend', NULL, 'down'::text, NULL, CURRENT_TIMESTAMP, 'final');
INSERT INTO observations (patient_id, observation_type, value_numeric, value_text, unit, observation_date, status)
VALUES ('01b4e400-be5d-40bc-ab12-4cacea642578', 'eGFR_change_percent', 2.3, NULL, '%'::text, CURRENT_TIMESTAMP, 'final');
INSERT INTO observations (patient_id, observation_type, value_numeric, value_text, unit, observation_date, status)
VALUES ('01b4e400-be5d-40bc-ab12-4cacea642578', 'serum_creatinine', 0.89, NULL, 'mg/dL'::text, CURRENT_TIMESTAMP, 'final');
INSERT INTO observations (patient_id, observation_type, value_numeric, value_text, unit, observation_date, status)
VALUES ('01b4e400-be5d-40bc-ab12-4cacea642578', 'BUN', 51, NULL, 'mg/dL'::text, CURRENT_TIMESTAMP, 'final');
INSERT INTO observations (patient_id, observation_type, value_numeric, value_text, unit, observation_date, status)
VALUES ('01b4e400-be5d-40bc-ab12-4cacea642578', 'uACR', 16.92, NULL, 'mg/g'::text, CURRENT_TIMESTAMP, 'final');
INSERT INTO observations (patient_id, observation_type, value_numeric, value_text, unit, observation_date, status)
VALUES ('01b4e400-be5d-40bc-ab12-4cacea642578', 'proteinuria_category', NULL, 'A1'::text, NULL, CURRENT_TIMESTAMP, 'final');
INSERT INTO observations (patient_id, observation_type, value_numeric, value_text, unit, observation_date, status)
VALUES ('01b4e400-be5d-40bc-ab12-4cacea642578', 'blood_pressure_systolic', 111, NULL, 'mmHg'::text, CURRENT_TIMESTAMP, 'final');
INSERT INTO observations (patient_id, observation_type, value_numeric, value_text, unit, observation_date, status)
VALUES ('01b4e400-be5d-40bc-ab12-4cacea642578', 'blood_pressure_diastolic', 76, NULL, 'mmHg'::text, CURRENT_TIMESTAMP, 'final');
INSERT INTO observations (patient_id, observation_type, value_numeric, value_text, unit, observation_date, status)
VALUES ('01b4e400-be5d-40bc-ab12-4cacea642578', 'HbA1c', 5.2, NULL, '%'::text, CURRENT_TIMESTAMP, 'final');
INSERT INTO observations (patient_id, observation_type, value_numeric, value_text, unit, observation_date, status)
VALUES ('01b4e400-be5d-40bc-ab12-4cacea642578', 'LDL_cholesterol', 146, NULL, 'mg/dL'::text, CURRENT_TIMESTAMP, 'final');
INSERT INTO observations (patient_id, observation_type, value_numeric, value_text, unit, observation_date, status)
VALUES ('01b4e400-be5d-40bc-ab12-4cacea642578', 'HDL_cholesterol', 56, NULL, 'mg/dL'::text, CURRENT_TIMESTAMP, 'final');
INSERT INTO observations (patient_id, observation_type, value_numeric, value_text, unit, observation_date, status)
VALUES ('01b4e400-be5d-40bc-ab12-4cacea642578', 'BMI', 37.8, NULL, 'kg/m²'::text, CURRENT_TIMESTAMP, 'final');
INSERT INTO observations (patient_id, observation_type, value_numeric, value_text, unit, observation_date, status)
VALUES ('01b4e400-be5d-40bc-ab12-4cacea642578', 'hemoglobin', 14.7, NULL, 'g/dL'::text, CURRENT_TIMESTAMP, 'final');
INSERT INTO observations (patient_id, observation_type, value_numeric, value_text, unit, observation_date, status)
VALUES ('01b4e400-be5d-40bc-ab12-4cacea642578', 'potassium', 3.9, NULL, 'mEq/L'::text, CURRENT_TIMESTAMP, 'final');
INSERT INTO observations (patient_id, observation_type, value_numeric, value_text, unit, observation_date, status)
VALUES ('01b4e400-be5d-40bc-ab12-4cacea642578', 'calcium', 8.9, NULL, 'mg/dL'::text, CURRENT_TIMESTAMP, 'final');
INSERT INTO observations (patient_id, observation_type, value_numeric, value_text, unit, observation_date, status)
VALUES ('01b4e400-be5d-40bc-ab12-4cacea642578', 'phosphorus', 3.9, NULL, 'mg/dL'::text, CURRENT_TIMESTAMP, 'final');
INSERT INTO observations (patient_id, observation_type, value_numeric, value_text, unit, observation_date, status)
VALUES ('01b4e400-be5d-40bc-ab12-4cacea642578', 'albumin', 3.1, NULL, 'g/dL'::text, CURRENT_TIMESTAMP, 'final');

-- Patient: Brandon Simpson
INSERT INTO patients (
    id, medical_record_number, first_name, last_name, date_of_birth, gender, email, phone,
    weight, height, smoking_status, cvd_history, family_history_esrd,
    on_ras_inhibitor, on_sglt2i, nephrotoxic_meds, nephrologist_referral,
    diagnosis_date, last_visit_date, next_visit_date
) VALUES (
    'f178f91c-c6e1-481c-bc69-80b5d4fa82c7', 'MRN085'::text, 'Brandon'::text, 'Simpson'::text,
    '1971-11-09', 'male'::text, 'brandon.simpson@email.com'::text, '+1-555-0001',
    95.5, 182, 'Never'::text,
    false, true,
    true, false,
    false, false,
    '2023-01-22', '2025-10-13'::text, '2026-02-06'::text
);
INSERT INTO observations (patient_id, observation_type, value_numeric, value_text, unit, observation_date, status)
VALUES ('f178f91c-c6e1-481c-bc69-80b5d4fa82c7', 'eGFR', 52.58, NULL, 'mL/min/1.73m²'::text, CURRENT_TIMESTAMP, 'final');
INSERT INTO observations (patient_id, observation_type, value_numeric, value_text, unit, observation_date, status)
VALUES ('f178f91c-c6e1-481c-bc69-80b5d4fa82c7', 'eGFR_trend', NULL, 'stable'::text, NULL, CURRENT_TIMESTAMP, 'final');
INSERT INTO observations (patient_id, observation_type, value_numeric, value_text, unit, observation_date, status)
VALUES ('f178f91c-c6e1-481c-bc69-80b5d4fa82c7', 'eGFR_change_percent', -3.3, NULL, '%'::text, CURRENT_TIMESTAMP, 'final');
INSERT INTO observations (patient_id, observation_type, value_numeric, value_text, unit, observation_date, status)
VALUES ('f178f91c-c6e1-481c-bc69-80b5d4fa82c7', 'serum_creatinine', 1.33, NULL, 'mg/dL'::text, CURRENT_TIMESTAMP, 'final');
INSERT INTO observations (patient_id, observation_type, value_numeric, value_text, unit, observation_date, status)
VALUES ('f178f91c-c6e1-481c-bc69-80b5d4fa82c7', 'BUN', 174, NULL, 'mg/dL'::text, CURRENT_TIMESTAMP, 'final');
INSERT INTO observations (patient_id, observation_type, value_numeric, value_text, unit, observation_date, status)
VALUES ('f178f91c-c6e1-481c-bc69-80b5d4fa82c7', 'uACR', 101.45, NULL, 'mg/g'::text, CURRENT_TIMESTAMP, 'final');
INSERT INTO observations (patient_id, observation_type, value_numeric, value_text, unit, observation_date, status)
VALUES ('f178f91c-c6e1-481c-bc69-80b5d4fa82c7', 'proteinuria_category', NULL, 'A3'::text, NULL, CURRENT_TIMESTAMP, 'final');
INSERT INTO observations (patient_id, observation_type, value_numeric, value_text, unit, observation_date, status)
VALUES ('f178f91c-c6e1-481c-bc69-80b5d4fa82c7', 'blood_pressure_systolic', 139, NULL, 'mmHg'::text, CURRENT_TIMESTAMP, 'final');
INSERT INTO observations (patient_id, observation_type, value_numeric, value_text, unit, observation_date, status)
VALUES ('f178f91c-c6e1-481c-bc69-80b5d4fa82c7', 'blood_pressure_diastolic', 80, NULL, 'mmHg'::text, CURRENT_TIMESTAMP, 'final');
INSERT INTO observations (patient_id, observation_type, value_numeric, value_text, unit, observation_date, status)
VALUES ('f178f91c-c6e1-481c-bc69-80b5d4fa82c7', 'HbA1c', 6.0, NULL, '%'::text, CURRENT_TIMESTAMP, 'final');
INSERT INTO observations (patient_id, observation_type, value_numeric, value_text, unit, observation_date, status)
VALUES ('f178f91c-c6e1-481c-bc69-80b5d4fa82c7', 'LDL_cholesterol', 113, NULL, 'mg/dL'::text, CURRENT_TIMESTAMP, 'final');
INSERT INTO observations (patient_id, observation_type, value_numeric, value_text, unit, observation_date, status)
VALUES ('f178f91c-c6e1-481c-bc69-80b5d4fa82c7', 'HDL_cholesterol', 62, NULL, 'mg/dL'::text, CURRENT_TIMESTAMP, 'final');
INSERT INTO observations (patient_id, observation_type, value_numeric, value_text, unit, observation_date, status)
VALUES ('f178f91c-c6e1-481c-bc69-80b5d4fa82c7', 'BMI', 28.8, NULL, 'kg/m²'::text, CURRENT_TIMESTAMP, 'final');
INSERT INTO observations (patient_id, observation_type, value_numeric, value_text, unit, observation_date, status)
VALUES ('f178f91c-c6e1-481c-bc69-80b5d4fa82c7', 'hemoglobin', 11.9, NULL, 'g/dL'::text, CURRENT_TIMESTAMP, 'final');
INSERT INTO observations (patient_id, observation_type, value_numeric, value_text, unit, observation_date, status)
VALUES ('f178f91c-c6e1-481c-bc69-80b5d4fa82c7', 'potassium', 3.9, NULL, 'mEq/L'::text, CURRENT_TIMESTAMP, 'final');
INSERT INTO observations (patient_id, observation_type, value_numeric, value_text, unit, observation_date, status)
VALUES ('f178f91c-c6e1-481c-bc69-80b5d4fa82c7', 'calcium', 8.4, NULL, 'mg/dL'::text, CURRENT_TIMESTAMP, 'final');
INSERT INTO observations (patient_id, observation_type, value_numeric, value_text, unit, observation_date, status)
VALUES ('f178f91c-c6e1-481c-bc69-80b5d4fa82c7', 'phosphorus', 5.0, NULL, 'mg/dL'::text, CURRENT_TIMESTAMP, 'final');
INSERT INTO observations (patient_id, observation_type, value_numeric, value_text, unit, observation_date, status)
VALUES ('f178f91c-c6e1-481c-bc69-80b5d4fa82c7', 'albumin', 2.8, NULL, 'g/dL'::text, CURRENT_TIMESTAMP, 'final');
INSERT INTO conditions (patient_id, condition_code, condition_name, clinical_status, onset_date, recorded_date, severity)
VALUES ('f178f91c-c6e1-481c-bc69-80b5d4fa82c7', 'N18.3', 'Chronic Kidney Disease, Stage 3', 'active', '2023-01-22', CURRENT_TIMESTAMP, 'moderate');

-- Patient: Wayne Cook
INSERT INTO patients (
    id, medical_record_number, first_name, last_name, date_of_birth, gender, email, phone,
    weight, height, smoking_status, cvd_history, family_history_esrd,
    on_ras_inhibitor, on_sglt2i, nephrotoxic_meds, nephrologist_referral,
    diagnosis_date, last_visit_date, next_visit_date
) VALUES (
    '5305e009-5b13-4274-af9c-003012478245', 'MRN086'::text, 'Wayne'::text, 'Cook'::text,
    '1962-11-09', 'male'::text, 'wayne.cook@email.com'::text, '+1-555-0001',
    82.7, 189, 'Never'::text,
    true, false,
    true, false,
    false, true,
    '2019-06-17', '2025-10-26'::text, '2025-11-30'::text
);
INSERT INTO observations (patient_id, observation_type, value_numeric, value_text, unit, observation_date, status)
VALUES ('5305e009-5b13-4274-af9c-003012478245', 'eGFR', 24.6, NULL, 'mL/min/1.73m²'::text, CURRENT_TIMESTAMP, 'final');
INSERT INTO observations (patient_id, observation_type, value_numeric, value_text, unit, observation_date, status)
VALUES ('5305e009-5b13-4274-af9c-003012478245', 'eGFR_trend', NULL, 'down'::text, NULL, CURRENT_TIMESTAMP, 'final');
INSERT INTO observations (patient_id, observation_type, value_numeric, value_text, unit, observation_date, status)
VALUES ('5305e009-5b13-4274-af9c-003012478245', 'eGFR_change_percent', -11.9, NULL, '%'::text, CURRENT_TIMESTAMP, 'final');
INSERT INTO observations (patient_id, observation_type, value_numeric, value_text, unit, observation_date, status)
VALUES ('5305e009-5b13-4274-af9c-003012478245', 'serum_creatinine', 2.84, NULL, 'mg/dL'::text, CURRENT_TIMESTAMP, 'final');
INSERT INTO observations (patient_id, observation_type, value_numeric, value_text, unit, observation_date, status)
VALUES ('5305e009-5b13-4274-af9c-003012478245', 'BUN', 93, NULL, 'mg/dL'::text, CURRENT_TIMESTAMP, 'final');
INSERT INTO observations (patient_id, observation_type, value_numeric, value_text, unit, observation_date, status)
VALUES ('5305e009-5b13-4274-af9c-003012478245', 'uACR', 661.22, NULL, 'mg/g'::text, CURRENT_TIMESTAMP, 'final');
INSERT INTO observations (patient_id, observation_type, value_numeric, value_text, unit, observation_date, status)
VALUES ('5305e009-5b13-4274-af9c-003012478245', 'proteinuria_category', NULL, 'A3'::text, NULL, CURRENT_TIMESTAMP, 'final');
INSERT INTO observations (patient_id, observation_type, value_numeric, value_text, unit, observation_date, status)
VALUES ('5305e009-5b13-4274-af9c-003012478245', 'blood_pressure_systolic', 151, NULL, 'mmHg'::text, CURRENT_TIMESTAMP, 'final');
INSERT INTO observations (patient_id, observation_type, value_numeric, value_text, unit, observation_date, status)
VALUES ('5305e009-5b13-4274-af9c-003012478245', 'blood_pressure_diastolic', 109, NULL, 'mmHg'::text, CURRENT_TIMESTAMP, 'final');
INSERT INTO observations (patient_id, observation_type, value_numeric, value_text, unit, observation_date, status)
VALUES ('5305e009-5b13-4274-af9c-003012478245', 'HbA1c', 6.0, NULL, '%'::text, CURRENT_TIMESTAMP, 'final');
INSERT INTO observations (patient_id, observation_type, value_numeric, value_text, unit, observation_date, status)
VALUES ('5305e009-5b13-4274-af9c-003012478245', 'LDL_cholesterol', 121, NULL, 'mg/dL'::text, CURRENT_TIMESTAMP, 'final');
INSERT INTO observations (patient_id, observation_type, value_numeric, value_text, unit, observation_date, status)
VALUES ('5305e009-5b13-4274-af9c-003012478245', 'HDL_cholesterol', 66, NULL, 'mg/dL'::text, CURRENT_TIMESTAMP, 'final');
INSERT INTO observations (patient_id, observation_type, value_numeric, value_text, unit, observation_date, status)
VALUES ('5305e009-5b13-4274-af9c-003012478245', 'BMI', 23.2, NULL, 'kg/m²'::text, CURRENT_TIMESTAMP, 'final');
INSERT INTO observations (patient_id, observation_type, value_numeric, value_text, unit, observation_date, status)
VALUES ('5305e009-5b13-4274-af9c-003012478245', 'hemoglobin', 8.9, NULL, 'g/dL'::text, CURRENT_TIMESTAMP, 'final');
INSERT INTO observations (patient_id, observation_type, value_numeric, value_text, unit, observation_date, status)
VALUES ('5305e009-5b13-4274-af9c-003012478245', 'potassium', 4.5, NULL, 'mEq/L'::text, CURRENT_TIMESTAMP, 'final');
INSERT INTO observations (patient_id, observation_type, value_numeric, value_text, unit, observation_date, status)
VALUES ('5305e009-5b13-4274-af9c-003012478245', 'calcium', 8.9, NULL, 'mg/dL'::text, CURRENT_TIMESTAMP, 'final');
INSERT INTO observations (patient_id, observation_type, value_numeric, value_text, unit, observation_date, status)
VALUES ('5305e009-5b13-4274-af9c-003012478245', 'phosphorus', 7.1, NULL, 'mg/dL'::text, CURRENT_TIMESTAMP, 'final');
INSERT INTO observations (patient_id, observation_type, value_numeric, value_text, unit, observation_date, status)
VALUES ('5305e009-5b13-4274-af9c-003012478245', 'albumin', 3.6, NULL, 'g/dL'::text, CURRENT_TIMESTAMP, 'final');
INSERT INTO conditions (patient_id, condition_code, condition_name, clinical_status, onset_date, recorded_date, severity)
VALUES ('5305e009-5b13-4274-af9c-003012478245', 'N18.4', 'Chronic Kidney Disease, Stage 4', 'active', '2019-06-17', CURRENT_TIMESTAMP, 'severe');
INSERT INTO conditions (patient_id, condition_code, condition_name, clinical_status, onset_date, recorded_date, severity)
VALUES ('5305e009-5b13-4274-af9c-003012478245', 'I25.10', 'Coronary Artery Disease', 'active', '2019-06-17', CURRENT_TIMESTAMP, 'moderate');

-- Patient: Clara Hicks
INSERT INTO patients (
    id, medical_record_number, first_name, last_name, date_of_birth, gender, email, phone,
    weight, height, smoking_status, cvd_history, family_history_esrd,
    on_ras_inhibitor, on_sglt2i, nephrotoxic_meds, nephrologist_referral,
    diagnosis_date, last_visit_date, next_visit_date
) VALUES (
    '6843df89-f6d8-42d7-9858-d04c2686aadb', 'MRN087'::text, 'Clara'::text, 'Hicks'::text,
    '1960-11-09', 'female'::text, 'clara.hicks@email.com'::text, '+1-555-0001',
    60.9, 180, 'Current'::text,
    false, true,
    true, true,
    true, true,
    '2019-08-29', '2025-10-18'::text, '2025-11-29'::text
);
INSERT INTO observations (patient_id, observation_type, value_numeric, value_text, unit, observation_date, status)
VALUES ('6843df89-f6d8-42d7-9858-d04c2686aadb', 'eGFR', 6.2, NULL, 'mL/min/1.73m²'::text, CURRENT_TIMESTAMP, 'final');
INSERT INTO observations (patient_id, observation_type, value_numeric, value_text, unit, observation_date, status)
VALUES ('6843df89-f6d8-42d7-9858-d04c2686aadb', 'eGFR_trend', NULL, 'down'::text, NULL, CURRENT_TIMESTAMP, 'final');
INSERT INTO observations (patient_id, observation_type, value_numeric, value_text, unit, observation_date, status)
VALUES ('6843df89-f6d8-42d7-9858-d04c2686aadb', 'eGFR_change_percent', -18.5, NULL, '%'::text, CURRENT_TIMESTAMP, 'final');
INSERT INTO observations (patient_id, observation_type, value_numeric, value_text, unit, observation_date, status)
VALUES ('6843df89-f6d8-42d7-9858-d04c2686aadb', 'serum_creatinine', 6.26, NULL, 'mg/dL'::text, CURRENT_TIMESTAMP, 'final');
INSERT INTO observations (patient_id, observation_type, value_numeric, value_text, unit, observation_date, status)
VALUES ('6843df89-f6d8-42d7-9858-d04c2686aadb', 'BUN', 34, NULL, 'mg/dL'::text, CURRENT_TIMESTAMP, 'final');
INSERT INTO observations (patient_id, observation_type, value_numeric, value_text, unit, observation_date, status)
VALUES ('6843df89-f6d8-42d7-9858-d04c2686aadb', 'uACR', 927.76, NULL, 'mg/g'::text, CURRENT_TIMESTAMP, 'final');
INSERT INTO observations (patient_id, observation_type, value_numeric, value_text, unit, observation_date, status)
VALUES ('6843df89-f6d8-42d7-9858-d04c2686aadb', 'proteinuria_category', NULL, 'A3'::text, NULL, CURRENT_TIMESTAMP, 'final');
INSERT INTO observations (patient_id, observation_type, value_numeric, value_text, unit, observation_date, status)
VALUES ('6843df89-f6d8-42d7-9858-d04c2686aadb', 'blood_pressure_systolic', 157, NULL, 'mmHg'::text, CURRENT_TIMESTAMP, 'final');
INSERT INTO observations (patient_id, observation_type, value_numeric, value_text, unit, observation_date, status)
VALUES ('6843df89-f6d8-42d7-9858-d04c2686aadb', 'blood_pressure_diastolic', 105, NULL, 'mmHg'::text, CURRENT_TIMESTAMP, 'final');
INSERT INTO observations (patient_id, observation_type, value_numeric, value_text, unit, observation_date, status)
VALUES ('6843df89-f6d8-42d7-9858-d04c2686aadb', 'HbA1c', 8.2, NULL, '%'::text, CURRENT_TIMESTAMP, 'final');
INSERT INTO observations (patient_id, observation_type, value_numeric, value_text, unit, observation_date, status)
VALUES ('6843df89-f6d8-42d7-9858-d04c2686aadb', 'LDL_cholesterol', 91, NULL, 'mg/dL'::text, CURRENT_TIMESTAMP, 'final');
INSERT INTO observations (patient_id, observation_type, value_numeric, value_text, unit, observation_date, status)
VALUES ('6843df89-f6d8-42d7-9858-d04c2686aadb', 'HDL_cholesterol', 30, NULL, 'mg/dL'::text, CURRENT_TIMESTAMP, 'final');
INSERT INTO observations (patient_id, observation_type, value_numeric, value_text, unit, observation_date, status)
VALUES ('6843df89-f6d8-42d7-9858-d04c2686aadb', 'BMI', 18.8, NULL, 'kg/m²'::text, CURRENT_TIMESTAMP, 'final');
INSERT INTO observations (patient_id, observation_type, value_numeric, value_text, unit, observation_date, status)
VALUES ('6843df89-f6d8-42d7-9858-d04c2686aadb', 'hemoglobin', 10.8, NULL, 'g/dL'::text, CURRENT_TIMESTAMP, 'final');
INSERT INTO observations (patient_id, observation_type, value_numeric, value_text, unit, observation_date, status)
VALUES ('6843df89-f6d8-42d7-9858-d04c2686aadb', 'potassium', 6.1, NULL, 'mEq/L'::text, CURRENT_TIMESTAMP, 'final');
INSERT INTO observations (patient_id, observation_type, value_numeric, value_text, unit, observation_date, status)
VALUES ('6843df89-f6d8-42d7-9858-d04c2686aadb', 'calcium', 8.8, NULL, 'mg/dL'::text, CURRENT_TIMESTAMP, 'final');
INSERT INTO observations (patient_id, observation_type, value_numeric, value_text, unit, observation_date, status)
VALUES ('6843df89-f6d8-42d7-9858-d04c2686aadb', 'phosphorus', 7.2, NULL, 'mg/dL'::text, CURRENT_TIMESTAMP, 'final');
INSERT INTO observations (patient_id, observation_type, value_numeric, value_text, unit, observation_date, status)
VALUES ('6843df89-f6d8-42d7-9858-d04c2686aadb', 'albumin', 1.7, NULL, 'g/dL'::text, CURRENT_TIMESTAMP, 'final');
INSERT INTO conditions (patient_id, condition_code, condition_name, clinical_status, onset_date, recorded_date, severity)
VALUES ('6843df89-f6d8-42d7-9858-d04c2686aadb', 'E11.9', 'Type 2 Diabetes Mellitus', 'active', '2019-08-29', CURRENT_TIMESTAMP, 'moderate');
INSERT INTO conditions (patient_id, condition_code, condition_name, clinical_status, onset_date, recorded_date, severity)
VALUES ('6843df89-f6d8-42d7-9858-d04c2686aadb', 'I10', 'Essential Hypertension', 'active', '2019-08-29', CURRENT_TIMESTAMP, 'moderate');
INSERT INTO conditions (patient_id, condition_code, condition_name, clinical_status, onset_date, recorded_date, severity)
VALUES ('6843df89-f6d8-42d7-9858-d04c2686aadb', 'N18.5', 'Chronic Kidney Disease, Stage 5', 'active', '2019-08-29', CURRENT_TIMESTAMP, 'severe');

-- Patient: Allison Hudson
INSERT INTO patients (
    id, medical_record_number, first_name, last_name, date_of_birth, gender, email, phone,
    weight, height, smoking_status, cvd_history, family_history_esrd,
    on_ras_inhibitor, on_sglt2i, nephrotoxic_meds, nephrologist_referral,
    diagnosis_date, last_visit_date, next_visit_date
) VALUES (
    '11cba4d3-3d85-4e7f-aa50-00986a026daa', 'MRN088'::text, 'Allison'::text, 'Hudson'::text,
    '1957-11-09', 'female'::text, 'allison.hudson@email.com'::text, '+1-555-0001',
    96.8, 177, 'Former'::text,
    false, false,
    false, false,
    false, true,
    '2022-01-22', '2025-10-21'::text, '2025-12-08'::text
);
INSERT INTO observations (patient_id, observation_type, value_numeric, value_text, unit, observation_date, status)
VALUES ('11cba4d3-3d85-4e7f-aa50-00986a026daa', 'eGFR', 18.04, NULL, 'mL/min/1.73m²'::text, CURRENT_TIMESTAMP, 'final');
INSERT INTO observations (patient_id, observation_type, value_numeric, value_text, unit, observation_date, status)
VALUES ('11cba4d3-3d85-4e7f-aa50-00986a026daa', 'eGFR_trend', NULL, 'down'::text, NULL, CURRENT_TIMESTAMP, 'final');
INSERT INTO observations (patient_id, observation_type, value_numeric, value_text, unit, observation_date, status)
VALUES ('11cba4d3-3d85-4e7f-aa50-00986a026daa', 'eGFR_change_percent', -17.3, NULL, '%'::text, CURRENT_TIMESTAMP, 'final');
INSERT INTO observations (patient_id, observation_type, value_numeric, value_text, unit, observation_date, status)
VALUES ('11cba4d3-3d85-4e7f-aa50-00986a026daa', 'serum_creatinine', 2.85, NULL, 'mg/dL'::text, CURRENT_TIMESTAMP, 'final');
INSERT INTO observations (patient_id, observation_type, value_numeric, value_text, unit, observation_date, status)
VALUES ('11cba4d3-3d85-4e7f-aa50-00986a026daa', 'BUN', 207, NULL, 'mg/dL'::text, CURRENT_TIMESTAMP, 'final');
INSERT INTO observations (patient_id, observation_type, value_numeric, value_text, unit, observation_date, status)
VALUES ('11cba4d3-3d85-4e7f-aa50-00986a026daa', 'uACR', 709.72, NULL, 'mg/g'::text, CURRENT_TIMESTAMP, 'final');
INSERT INTO observations (patient_id, observation_type, value_numeric, value_text, unit, observation_date, status)
VALUES ('11cba4d3-3d85-4e7f-aa50-00986a026daa', 'proteinuria_category', NULL, 'A3'::text, NULL, CURRENT_TIMESTAMP, 'final');
INSERT INTO observations (patient_id, observation_type, value_numeric, value_text, unit, observation_date, status)
VALUES ('11cba4d3-3d85-4e7f-aa50-00986a026daa', 'blood_pressure_systolic', 145, NULL, 'mmHg'::text, CURRENT_TIMESTAMP, 'final');
INSERT INTO observations (patient_id, observation_type, value_numeric, value_text, unit, observation_date, status)
VALUES ('11cba4d3-3d85-4e7f-aa50-00986a026daa', 'blood_pressure_diastolic', 101, NULL, 'mmHg'::text, CURRENT_TIMESTAMP, 'final');
INSERT INTO observations (patient_id, observation_type, value_numeric, value_text, unit, observation_date, status)
VALUES ('11cba4d3-3d85-4e7f-aa50-00986a026daa', 'HbA1c', 5.1, NULL, '%'::text, CURRENT_TIMESTAMP, 'final');
INSERT INTO observations (patient_id, observation_type, value_numeric, value_text, unit, observation_date, status)
VALUES ('11cba4d3-3d85-4e7f-aa50-00986a026daa', 'LDL_cholesterol', 164, NULL, 'mg/dL'::text, CURRENT_TIMESTAMP, 'final');
INSERT INTO observations (patient_id, observation_type, value_numeric, value_text, unit, observation_date, status)
VALUES ('11cba4d3-3d85-4e7f-aa50-00986a026daa', 'HDL_cholesterol', 56, NULL, 'mg/dL'::text, CURRENT_TIMESTAMP, 'final');
INSERT INTO observations (patient_id, observation_type, value_numeric, value_text, unit, observation_date, status)
VALUES ('11cba4d3-3d85-4e7f-aa50-00986a026daa', 'BMI', 30.9, NULL, 'kg/m²'::text, CURRENT_TIMESTAMP, 'final');
INSERT INTO observations (patient_id, observation_type, value_numeric, value_text, unit, observation_date, status)
VALUES ('11cba4d3-3d85-4e7f-aa50-00986a026daa', 'hemoglobin', 11.0, NULL, 'g/dL'::text, CURRENT_TIMESTAMP, 'final');
INSERT INTO observations (patient_id, observation_type, value_numeric, value_text, unit, observation_date, status)
VALUES ('11cba4d3-3d85-4e7f-aa50-00986a026daa', 'potassium', 5.8, NULL, 'mEq/L'::text, CURRENT_TIMESTAMP, 'final');
INSERT INTO observations (patient_id, observation_type, value_numeric, value_text, unit, observation_date, status)
VALUES ('11cba4d3-3d85-4e7f-aa50-00986a026daa', 'calcium', 9.7, NULL, 'mg/dL'::text, CURRENT_TIMESTAMP, 'final');
INSERT INTO observations (patient_id, observation_type, value_numeric, value_text, unit, observation_date, status)
VALUES ('11cba4d3-3d85-4e7f-aa50-00986a026daa', 'phosphorus', 7.1, NULL, 'mg/dL'::text, CURRENT_TIMESTAMP, 'final');
INSERT INTO observations (patient_id, observation_type, value_numeric, value_text, unit, observation_date, status)
VALUES ('11cba4d3-3d85-4e7f-aa50-00986a026daa', 'albumin', 2.8, NULL, 'g/dL'::text, CURRENT_TIMESTAMP, 'final');
INSERT INTO conditions (patient_id, condition_code, condition_name, clinical_status, onset_date, recorded_date, severity)
VALUES ('11cba4d3-3d85-4e7f-aa50-00986a026daa', 'N18.4', 'Chronic Kidney Disease, Stage 4', 'active', '2022-01-22', CURRENT_TIMESTAMP, 'severe');

-- Patient: Jeremy Rice
INSERT INTO patients (
    id, medical_record_number, first_name, last_name, date_of_birth, gender, email, phone,
    weight, height, smoking_status, cvd_history, family_history_esrd,
    on_ras_inhibitor, on_sglt2i, nephrotoxic_meds, nephrologist_referral,
    diagnosis_date, last_visit_date, next_visit_date
) VALUES (
    '1667acfe-f294-4623-bc61-8599bf9351d1', 'MRN089'::text, 'Jeremy'::text, 'Rice'::text,
    '1965-11-09', 'male'::text, 'jeremy.rice@email.com'::text, '+1-555-0001',
    95.3, 165, 'Never'::text,
    false, false,
    true, false,
    false, false,
    '2021-07-23', '2025-10-12'::text, '2026-03-03'::text
);
INSERT INTO observations (patient_id, observation_type, value_numeric, value_text, unit, observation_date, status)
VALUES ('1667acfe-f294-4623-bc61-8599bf9351d1', 'eGFR', 47.59, NULL, 'mL/min/1.73m²'::text, CURRENT_TIMESTAMP, 'final');
INSERT INTO observations (patient_id, observation_type, value_numeric, value_text, unit, observation_date, status)
VALUES ('1667acfe-f294-4623-bc61-8599bf9351d1', 'eGFR_trend', NULL, 'down'::text, NULL, CURRENT_TIMESTAMP, 'final');
INSERT INTO observations (patient_id, observation_type, value_numeric, value_text, unit, observation_date, status)
VALUES ('1667acfe-f294-4623-bc61-8599bf9351d1', 'eGFR_change_percent', -3.7, NULL, '%'::text, CURRENT_TIMESTAMP, 'final');
INSERT INTO observations (patient_id, observation_type, value_numeric, value_text, unit, observation_date, status)
VALUES ('1667acfe-f294-4623-bc61-8599bf9351d1', 'serum_creatinine', 1.37, NULL, 'mg/dL'::text, CURRENT_TIMESTAMP, 'final');
INSERT INTO observations (patient_id, observation_type, value_numeric, value_text, unit, observation_date, status)
VALUES ('1667acfe-f294-4623-bc61-8599bf9351d1', 'BUN', 109, NULL, 'mg/dL'::text, CURRENT_TIMESTAMP, 'final');
INSERT INTO observations (patient_id, observation_type, value_numeric, value_text, unit, observation_date, status)
VALUES ('1667acfe-f294-4623-bc61-8599bf9351d1', 'uACR', 153.4, NULL, 'mg/g'::text, CURRENT_TIMESTAMP, 'final');
INSERT INTO observations (patient_id, observation_type, value_numeric, value_text, unit, observation_date, status)
VALUES ('1667acfe-f294-4623-bc61-8599bf9351d1', 'proteinuria_category', NULL, 'A2'::text, NULL, CURRENT_TIMESTAMP, 'final');
INSERT INTO observations (patient_id, observation_type, value_numeric, value_text, unit, observation_date, status)
VALUES ('1667acfe-f294-4623-bc61-8599bf9351d1', 'blood_pressure_systolic', 140, NULL, 'mmHg'::text, CURRENT_TIMESTAMP, 'final');
INSERT INTO observations (patient_id, observation_type, value_numeric, value_text, unit, observation_date, status)
VALUES ('1667acfe-f294-4623-bc61-8599bf9351d1', 'blood_pressure_diastolic', 95, NULL, 'mmHg'::text, CURRENT_TIMESTAMP, 'final');
INSERT INTO observations (patient_id, observation_type, value_numeric, value_text, unit, observation_date, status)
VALUES ('1667acfe-f294-4623-bc61-8599bf9351d1', 'HbA1c', 5.7, NULL, '%'::text, CURRENT_TIMESTAMP, 'final');
INSERT INTO observations (patient_id, observation_type, value_numeric, value_text, unit, observation_date, status)
VALUES ('1667acfe-f294-4623-bc61-8599bf9351d1', 'LDL_cholesterol', 99, NULL, 'mg/dL'::text, CURRENT_TIMESTAMP, 'final');
INSERT INTO observations (patient_id, observation_type, value_numeric, value_text, unit, observation_date, status)
VALUES ('1667acfe-f294-4623-bc61-8599bf9351d1', 'HDL_cholesterol', 32, NULL, 'mg/dL'::text, CURRENT_TIMESTAMP, 'final');
INSERT INTO observations (patient_id, observation_type, value_numeric, value_text, unit, observation_date, status)
VALUES ('1667acfe-f294-4623-bc61-8599bf9351d1', 'BMI', 35.0, NULL, 'kg/m²'::text, CURRENT_TIMESTAMP, 'final');
INSERT INTO observations (patient_id, observation_type, value_numeric, value_text, unit, observation_date, status)
VALUES ('1667acfe-f294-4623-bc61-8599bf9351d1', 'hemoglobin', 12.6, NULL, 'g/dL'::text, CURRENT_TIMESTAMP, 'final');
INSERT INTO observations (patient_id, observation_type, value_numeric, value_text, unit, observation_date, status)
VALUES ('1667acfe-f294-4623-bc61-8599bf9351d1', 'potassium', 4.2, NULL, 'mEq/L'::text, CURRENT_TIMESTAMP, 'final');
INSERT INTO observations (patient_id, observation_type, value_numeric, value_text, unit, observation_date, status)
VALUES ('1667acfe-f294-4623-bc61-8599bf9351d1', 'calcium', 8.0, NULL, 'mg/dL'::text, CURRENT_TIMESTAMP, 'final');
INSERT INTO observations (patient_id, observation_type, value_numeric, value_text, unit, observation_date, status)
VALUES ('1667acfe-f294-4623-bc61-8599bf9351d1', 'phosphorus', 4.5, NULL, 'mg/dL'::text, CURRENT_TIMESTAMP, 'final');
INSERT INTO observations (patient_id, observation_type, value_numeric, value_text, unit, observation_date, status)
VALUES ('1667acfe-f294-4623-bc61-8599bf9351d1', 'albumin', 3.7, NULL, 'g/dL'::text, CURRENT_TIMESTAMP, 'final');
INSERT INTO conditions (patient_id, condition_code, condition_name, clinical_status, onset_date, recorded_date, severity)
VALUES ('1667acfe-f294-4623-bc61-8599bf9351d1', 'N18.3', 'Chronic Kidney Disease, Stage 3', 'active', '2021-07-23', CURRENT_TIMESTAMP, 'moderate');

-- Patient: Victoria Hamilton
INSERT INTO patients (
    id, medical_record_number, first_name, last_name, date_of_birth, gender, email, phone,
    weight, height, smoking_status, cvd_history, family_history_esrd,
    on_ras_inhibitor, on_sglt2i, nephrotoxic_meds, nephrologist_referral,
    diagnosis_date, last_visit_date, next_visit_date
) VALUES (
    'f6a88a24-e91c-4e1c-b9db-5d7a69d33db4', 'MRN090'::text, 'Victoria'::text, 'Hamilton'::text,
    '1982-11-09', 'female'::text, 'victoria.hamilton@email.com'::text, '+1-555-0001',
    79.2, 166, 'Never'::text,
    false, false,
    false, false,
    false, false,
    '2023-11-10', '2025-10-19'::text, '2026-05-05'::text
);
INSERT INTO observations (patient_id, observation_type, value_numeric, value_text, unit, observation_date, status)
VALUES ('f6a88a24-e91c-4e1c-b9db-5d7a69d33db4', 'eGFR', 87.72, NULL, 'mL/min/1.73m²'::text, CURRENT_TIMESTAMP, 'final');
INSERT INTO observations (patient_id, observation_type, value_numeric, value_text, unit, observation_date, status)
VALUES ('f6a88a24-e91c-4e1c-b9db-5d7a69d33db4', 'eGFR_trend', NULL, 'stable'::text, NULL, CURRENT_TIMESTAMP, 'final');
INSERT INTO observations (patient_id, observation_type, value_numeric, value_text, unit, observation_date, status)
VALUES ('f6a88a24-e91c-4e1c-b9db-5d7a69d33db4', 'eGFR_change_percent', 4.9, NULL, '%'::text, CURRENT_TIMESTAMP, 'final');
INSERT INTO observations (patient_id, observation_type, value_numeric, value_text, unit, observation_date, status)
VALUES ('f6a88a24-e91c-4e1c-b9db-5d7a69d33db4', 'serum_creatinine', 1.21, NULL, 'mg/dL'::text, CURRENT_TIMESTAMP, 'final');
INSERT INTO observations (patient_id, observation_type, value_numeric, value_text, unit, observation_date, status)
VALUES ('f6a88a24-e91c-4e1c-b9db-5d7a69d33db4', 'BUN', 107, NULL, 'mg/dL'::text, CURRENT_TIMESTAMP, 'final');
INSERT INTO observations (patient_id, observation_type, value_numeric, value_text, unit, observation_date, status)
VALUES ('f6a88a24-e91c-4e1c-b9db-5d7a69d33db4', 'uACR', 69.43, NULL, 'mg/g'::text, CURRENT_TIMESTAMP, 'final');
INSERT INTO observations (patient_id, observation_type, value_numeric, value_text, unit, observation_date, status)
VALUES ('f6a88a24-e91c-4e1c-b9db-5d7a69d33db4', 'proteinuria_category', NULL, 'A2'::text, NULL, CURRENT_TIMESTAMP, 'final');
INSERT INTO observations (patient_id, observation_type, value_numeric, value_text, unit, observation_date, status)
VALUES ('f6a88a24-e91c-4e1c-b9db-5d7a69d33db4', 'blood_pressure_systolic', 120, NULL, 'mmHg'::text, CURRENT_TIMESTAMP, 'final');
INSERT INTO observations (patient_id, observation_type, value_numeric, value_text, unit, observation_date, status)
VALUES ('f6a88a24-e91c-4e1c-b9db-5d7a69d33db4', 'blood_pressure_diastolic', 78, NULL, 'mmHg'::text, CURRENT_TIMESTAMP, 'final');
INSERT INTO observations (patient_id, observation_type, value_numeric, value_text, unit, observation_date, status)
VALUES ('f6a88a24-e91c-4e1c-b9db-5d7a69d33db4', 'HbA1c', 8.1, NULL, '%'::text, CURRENT_TIMESTAMP, 'final');
INSERT INTO observations (patient_id, observation_type, value_numeric, value_text, unit, observation_date, status)
VALUES ('f6a88a24-e91c-4e1c-b9db-5d7a69d33db4', 'LDL_cholesterol', 95, NULL, 'mg/dL'::text, CURRENT_TIMESTAMP, 'final');
INSERT INTO observations (patient_id, observation_type, value_numeric, value_text, unit, observation_date, status)
VALUES ('f6a88a24-e91c-4e1c-b9db-5d7a69d33db4', 'HDL_cholesterol', 59, NULL, 'mg/dL'::text, CURRENT_TIMESTAMP, 'final');
INSERT INTO observations (patient_id, observation_type, value_numeric, value_text, unit, observation_date, status)
VALUES ('f6a88a24-e91c-4e1c-b9db-5d7a69d33db4', 'BMI', 28.7, NULL, 'kg/m²'::text, CURRENT_TIMESTAMP, 'final');
INSERT INTO observations (patient_id, observation_type, value_numeric, value_text, unit, observation_date, status)
VALUES ('f6a88a24-e91c-4e1c-b9db-5d7a69d33db4', 'hemoglobin', 12.7, NULL, 'g/dL'::text, CURRENT_TIMESTAMP, 'final');
INSERT INTO observations (patient_id, observation_type, value_numeric, value_text, unit, observation_date, status)
VALUES ('f6a88a24-e91c-4e1c-b9db-5d7a69d33db4', 'potassium', 4.3, NULL, 'mEq/L'::text, CURRENT_TIMESTAMP, 'final');
INSERT INTO observations (patient_id, observation_type, value_numeric, value_text, unit, observation_date, status)
VALUES ('f6a88a24-e91c-4e1c-b9db-5d7a69d33db4', 'calcium', 8.8, NULL, 'mg/dL'::text, CURRENT_TIMESTAMP, 'final');
INSERT INTO observations (patient_id, observation_type, value_numeric, value_text, unit, observation_date, status)
VALUES ('f6a88a24-e91c-4e1c-b9db-5d7a69d33db4', 'phosphorus', 3.3, NULL, 'mg/dL'::text, CURRENT_TIMESTAMP, 'final');
INSERT INTO observations (patient_id, observation_type, value_numeric, value_text, unit, observation_date, status)
VALUES ('f6a88a24-e91c-4e1c-b9db-5d7a69d33db4', 'albumin', 2.5, NULL, 'g/dL'::text, CURRENT_TIMESTAMP, 'final');
INSERT INTO conditions (patient_id, condition_code, condition_name, clinical_status, onset_date, recorded_date, severity)
VALUES ('f6a88a24-e91c-4e1c-b9db-5d7a69d33db4', 'E11.9', 'Type 2 Diabetes Mellitus', 'active', '2023-11-10', CURRENT_TIMESTAMP, 'moderate');
INSERT INTO conditions (patient_id, condition_code, condition_name, clinical_status, onset_date, recorded_date, severity)
VALUES ('f6a88a24-e91c-4e1c-b9db-5d7a69d33db4', 'I10', 'Essential Hypertension', 'active', '2023-11-10', CURRENT_TIMESTAMP, 'moderate');
INSERT INTO conditions (patient_id, condition_code, condition_name, clinical_status, onset_date, recorded_date, severity)
VALUES ('f6a88a24-e91c-4e1c-b9db-5d7a69d33db4', 'N18.2', 'Chronic Kidney Disease, Stage 2', 'active', '2023-11-10', CURRENT_TIMESTAMP, 'mild');

-- Patient: Victor Gray
INSERT INTO patients (
    id, medical_record_number, first_name, last_name, date_of_birth, gender, email, phone,
    weight, height, smoking_status, cvd_history, family_history_esrd,
    on_ras_inhibitor, on_sglt2i, nephrotoxic_meds, nephrologist_referral,
    diagnosis_date, last_visit_date, next_visit_date
) VALUES (
    '6bf9d329-45fa-4260-bf39-23c3bf4e4e58', 'MRN091'::text, 'Victor'::text, 'Gray'::text,
    '1955-11-09', 'male'::text, 'victor.gray@email.com'::text, '+1-555-0001',
    69.7, 169, 'Never'::text,
    false, false,
    false, true,
    false, false,
    '2023-06-17', '2025-10-30'::text, '2026-01-14'::text
);
INSERT INTO observations (patient_id, observation_type, value_numeric, value_text, unit, observation_date, status)
VALUES ('6bf9d329-45fa-4260-bf39-23c3bf4e4e58', 'eGFR', 32.69, NULL, 'mL/min/1.73m²'::text, CURRENT_TIMESTAMP, 'final');
INSERT INTO observations (patient_id, observation_type, value_numeric, value_text, unit, observation_date, status)
VALUES ('6bf9d329-45fa-4260-bf39-23c3bf4e4e58', 'eGFR_trend', NULL, 'down'::text, NULL, CURRENT_TIMESTAMP, 'final');
INSERT INTO observations (patient_id, observation_type, value_numeric, value_text, unit, observation_date, status)
VALUES ('6bf9d329-45fa-4260-bf39-23c3bf4e4e58', 'eGFR_change_percent', -2.9, NULL, '%'::text, CURRENT_TIMESTAMP, 'final');
INSERT INTO observations (patient_id, observation_type, value_numeric, value_text, unit, observation_date, status)
VALUES ('6bf9d329-45fa-4260-bf39-23c3bf4e4e58', 'serum_creatinine', 1.71, NULL, 'mg/dL'::text, CURRENT_TIMESTAMP, 'final');
INSERT INTO observations (patient_id, observation_type, value_numeric, value_text, unit, observation_date, status)
VALUES ('6bf9d329-45fa-4260-bf39-23c3bf4e4e58', 'BUN', 104, NULL, 'mg/dL'::text, CURRENT_TIMESTAMP, 'final');
INSERT INTO observations (patient_id, observation_type, value_numeric, value_text, unit, observation_date, status)
VALUES ('6bf9d329-45fa-4260-bf39-23c3bf4e4e58', 'uACR', 128.32, NULL, 'mg/g'::text, CURRENT_TIMESTAMP, 'final');
INSERT INTO observations (patient_id, observation_type, value_numeric, value_text, unit, observation_date, status)
VALUES ('6bf9d329-45fa-4260-bf39-23c3bf4e4e58', 'proteinuria_category', NULL, 'A2'::text, NULL, CURRENT_TIMESTAMP, 'final');
INSERT INTO observations (patient_id, observation_type, value_numeric, value_text, unit, observation_date, status)
VALUES ('6bf9d329-45fa-4260-bf39-23c3bf4e4e58', 'blood_pressure_systolic', 151, NULL, 'mmHg'::text, CURRENT_TIMESTAMP, 'final');
INSERT INTO observations (patient_id, observation_type, value_numeric, value_text, unit, observation_date, status)
VALUES ('6bf9d329-45fa-4260-bf39-23c3bf4e4e58', 'blood_pressure_diastolic', 80, NULL, 'mmHg'::text, CURRENT_TIMESTAMP, 'final');
INSERT INTO observations (patient_id, observation_type, value_numeric, value_text, unit, observation_date, status)
VALUES ('6bf9d329-45fa-4260-bf39-23c3bf4e4e58', 'HbA1c', 8.7, NULL, '%'::text, CURRENT_TIMESTAMP, 'final');
INSERT INTO observations (patient_id, observation_type, value_numeric, value_text, unit, observation_date, status)
VALUES ('6bf9d329-45fa-4260-bf39-23c3bf4e4e58', 'LDL_cholesterol', 146, NULL, 'mg/dL'::text, CURRENT_TIMESTAMP, 'final');
INSERT INTO observations (patient_id, observation_type, value_numeric, value_text, unit, observation_date, status)
VALUES ('6bf9d329-45fa-4260-bf39-23c3bf4e4e58', 'HDL_cholesterol', 69, NULL, 'mg/dL'::text, CURRENT_TIMESTAMP, 'final');
INSERT INTO observations (patient_id, observation_type, value_numeric, value_text, unit, observation_date, status)
VALUES ('6bf9d329-45fa-4260-bf39-23c3bf4e4e58', 'BMI', 24.4, NULL, 'kg/m²'::text, CURRENT_TIMESTAMP, 'final');
INSERT INTO observations (patient_id, observation_type, value_numeric, value_text, unit, observation_date, status)
VALUES ('6bf9d329-45fa-4260-bf39-23c3bf4e4e58', 'hemoglobin', 12.0, NULL, 'g/dL'::text, CURRENT_TIMESTAMP, 'final');
INSERT INTO observations (patient_id, observation_type, value_numeric, value_text, unit, observation_date, status)
VALUES ('6bf9d329-45fa-4260-bf39-23c3bf4e4e58', 'potassium', 4.9, NULL, 'mEq/L'::text, CURRENT_TIMESTAMP, 'final');
INSERT INTO observations (patient_id, observation_type, value_numeric, value_text, unit, observation_date, status)
VALUES ('6bf9d329-45fa-4260-bf39-23c3bf4e4e58', 'calcium', 8.2, NULL, 'mg/dL'::text, CURRENT_TIMESTAMP, 'final');
INSERT INTO observations (patient_id, observation_type, value_numeric, value_text, unit, observation_date, status)
VALUES ('6bf9d329-45fa-4260-bf39-23c3bf4e4e58', 'phosphorus', 4.9, NULL, 'mg/dL'::text, CURRENT_TIMESTAMP, 'final');
INSERT INTO observations (patient_id, observation_type, value_numeric, value_text, unit, observation_date, status)
VALUES ('6bf9d329-45fa-4260-bf39-23c3bf4e4e58', 'albumin', 2.7, NULL, 'g/dL'::text, CURRENT_TIMESTAMP, 'final');
INSERT INTO conditions (patient_id, condition_code, condition_name, clinical_status, onset_date, recorded_date, severity)
VALUES ('6bf9d329-45fa-4260-bf39-23c3bf4e4e58', 'E11.9', 'Type 2 Diabetes Mellitus', 'active', '2023-06-17', CURRENT_TIMESTAMP, 'moderate');
INSERT INTO conditions (patient_id, condition_code, condition_name, clinical_status, onset_date, recorded_date, severity)
VALUES ('6bf9d329-45fa-4260-bf39-23c3bf4e4e58', 'N18.3', 'Chronic Kidney Disease, Stage 3', 'active', '2023-06-17', CURRENT_TIMESTAMP, 'moderate');

-- Patient: Emma Cook
INSERT INTO patients (
    id, medical_record_number, first_name, last_name, date_of_birth, gender, email, phone,
    weight, height, smoking_status, cvd_history, family_history_esrd,
    on_ras_inhibitor, on_sglt2i, nephrotoxic_meds, nephrologist_referral,
    diagnosis_date, last_visit_date, next_visit_date
) VALUES (
    '19a63182-83c1-47a5-9aad-a40cf962e70a', 'MRN092'::text, 'Emma'::text, 'Cook'::text,
    '1963-11-09', 'female'::text, 'emma.cook@email.com'::text, '+1-555-0001',
    75.0, 169, 'Current'::text,
    false, false,
    true, false,
    false, true,
    '2022-04-05', '2025-10-22'::text, '2026-02-13'::text
);
INSERT INTO observations (patient_id, observation_type, value_numeric, value_text, unit, observation_date, status)
VALUES ('19a63182-83c1-47a5-9aad-a40cf962e70a', 'eGFR', 45.22, NULL, 'mL/min/1.73m²'::text, CURRENT_TIMESTAMP, 'final');
INSERT INTO observations (patient_id, observation_type, value_numeric, value_text, unit, observation_date, status)
VALUES ('19a63182-83c1-47a5-9aad-a40cf962e70a', 'eGFR_trend', NULL, 'stable'::text, NULL, CURRENT_TIMESTAMP, 'final');
INSERT INTO observations (patient_id, observation_type, value_numeric, value_text, unit, observation_date, status)
VALUES ('19a63182-83c1-47a5-9aad-a40cf962e70a', 'eGFR_change_percent', -3.0, NULL, '%'::text, CURRENT_TIMESTAMP, 'final');
INSERT INTO observations (patient_id, observation_type, value_numeric, value_text, unit, observation_date, status)
VALUES ('19a63182-83c1-47a5-9aad-a40cf962e70a', 'serum_creatinine', 1.97, NULL, 'mg/dL'::text, CURRENT_TIMESTAMP, 'final');
INSERT INTO observations (patient_id, observation_type, value_numeric, value_text, unit, observation_date, status)
VALUES ('19a63182-83c1-47a5-9aad-a40cf962e70a', 'BUN', 36, NULL, 'mg/dL'::text, CURRENT_TIMESTAMP, 'final');
INSERT INTO observations (patient_id, observation_type, value_numeric, value_text, unit, observation_date, status)
VALUES ('19a63182-83c1-47a5-9aad-a40cf962e70a', 'uACR', 113.24, NULL, 'mg/g'::text, CURRENT_TIMESTAMP, 'final');
INSERT INTO observations (patient_id, observation_type, value_numeric, value_text, unit, observation_date, status)
VALUES ('19a63182-83c1-47a5-9aad-a40cf962e70a', 'proteinuria_category', NULL, 'A2'::text, NULL, CURRENT_TIMESTAMP, 'final');
INSERT INTO observations (patient_id, observation_type, value_numeric, value_text, unit, observation_date, status)
VALUES ('19a63182-83c1-47a5-9aad-a40cf962e70a', 'blood_pressure_systolic', 145, NULL, 'mmHg'::text, CURRENT_TIMESTAMP, 'final');
INSERT INTO observations (patient_id, observation_type, value_numeric, value_text, unit, observation_date, status)
VALUES ('19a63182-83c1-47a5-9aad-a40cf962e70a', 'blood_pressure_diastolic', 93, NULL, 'mmHg'::text, CURRENT_TIMESTAMP, 'final');
INSERT INTO observations (patient_id, observation_type, value_numeric, value_text, unit, observation_date, status)
VALUES ('19a63182-83c1-47a5-9aad-a40cf962e70a', 'HbA1c', 5.2, NULL, '%'::text, CURRENT_TIMESTAMP, 'final');
INSERT INTO observations (patient_id, observation_type, value_numeric, value_text, unit, observation_date, status)
VALUES ('19a63182-83c1-47a5-9aad-a40cf962e70a', 'LDL_cholesterol', 172, NULL, 'mg/dL'::text, CURRENT_TIMESTAMP, 'final');
INSERT INTO observations (patient_id, observation_type, value_numeric, value_text, unit, observation_date, status)
VALUES ('19a63182-83c1-47a5-9aad-a40cf962e70a', 'HDL_cholesterol', 41, NULL, 'mg/dL'::text, CURRENT_TIMESTAMP, 'final');
INSERT INTO observations (patient_id, observation_type, value_numeric, value_text, unit, observation_date, status)
VALUES ('19a63182-83c1-47a5-9aad-a40cf962e70a', 'BMI', 26.3, NULL, 'kg/m²'::text, CURRENT_TIMESTAMP, 'final');
INSERT INTO observations (patient_id, observation_type, value_numeric, value_text, unit, observation_date, status)
VALUES ('19a63182-83c1-47a5-9aad-a40cf962e70a', 'hemoglobin', 10.9, NULL, 'g/dL'::text, CURRENT_TIMESTAMP, 'final');
INSERT INTO observations (patient_id, observation_type, value_numeric, value_text, unit, observation_date, status)
VALUES ('19a63182-83c1-47a5-9aad-a40cf962e70a', 'potassium', 4.7, NULL, 'mEq/L'::text, CURRENT_TIMESTAMP, 'final');
INSERT INTO observations (patient_id, observation_type, value_numeric, value_text, unit, observation_date, status)
VALUES ('19a63182-83c1-47a5-9aad-a40cf962e70a', 'calcium', 8.1, NULL, 'mg/dL'::text, CURRENT_TIMESTAMP, 'final');
INSERT INTO observations (patient_id, observation_type, value_numeric, value_text, unit, observation_date, status)
VALUES ('19a63182-83c1-47a5-9aad-a40cf962e70a', 'phosphorus', 4.4, NULL, 'mg/dL'::text, CURRENT_TIMESTAMP, 'final');
INSERT INTO observations (patient_id, observation_type, value_numeric, value_text, unit, observation_date, status)
VALUES ('19a63182-83c1-47a5-9aad-a40cf962e70a', 'albumin', 2.6, NULL, 'g/dL'::text, CURRENT_TIMESTAMP, 'final');
INSERT INTO conditions (patient_id, condition_code, condition_name, clinical_status, onset_date, recorded_date, severity)
VALUES ('19a63182-83c1-47a5-9aad-a40cf962e70a', 'N18.3', 'Chronic Kidney Disease, Stage 3', 'active', '2022-04-05', CURRENT_TIMESTAMP, 'moderate');

-- Patient: Heather Flores
INSERT INTO patients (
    id, medical_record_number, first_name, last_name, date_of_birth, gender, email, phone,
    weight, height, smoking_status, cvd_history, family_history_esrd,
    on_ras_inhibitor, on_sglt2i, nephrotoxic_meds, nephrologist_referral,
    diagnosis_date, last_visit_date, next_visit_date
) VALUES (
    '047e5e9c-2840-4169-b7f1-46dab2a91c8d', 'MRN093'::text, 'Heather'::text, 'Flores'::text,
    '1962-11-09', 'female'::text, 'heather.flores@email.com'::text, '+1-555-0001',
    100.1, 178, 'Former'::text,
    false, false,
    true, false,
    false, false,
    '2023-10-04', '2025-10-27'::text, '2026-03-17'::text
);
INSERT INTO observations (patient_id, observation_type, value_numeric, value_text, unit, observation_date, status)
VALUES ('047e5e9c-2840-4169-b7f1-46dab2a91c8d', 'eGFR', 114.16, NULL, 'mL/min/1.73m²'::text, CURRENT_TIMESTAMP, 'final');
INSERT INTO observations (patient_id, observation_type, value_numeric, value_text, unit, observation_date, status)
VALUES ('047e5e9c-2840-4169-b7f1-46dab2a91c8d', 'eGFR_trend', NULL, 'down'::text, NULL, CURRENT_TIMESTAMP, 'final');
INSERT INTO observations (patient_id, observation_type, value_numeric, value_text, unit, observation_date, status)
VALUES ('047e5e9c-2840-4169-b7f1-46dab2a91c8d', 'eGFR_change_percent', 2.4, NULL, '%'::text, CURRENT_TIMESTAMP, 'final');
INSERT INTO observations (patient_id, observation_type, value_numeric, value_text, unit, observation_date, status)
VALUES ('047e5e9c-2840-4169-b7f1-46dab2a91c8d', 'serum_creatinine', 0.91, NULL, 'mg/dL'::text, CURRENT_TIMESTAMP, 'final');
INSERT INTO observations (patient_id, observation_type, value_numeric, value_text, unit, observation_date, status)
VALUES ('047e5e9c-2840-4169-b7f1-46dab2a91c8d', 'BUN', 52, NULL, 'mg/dL'::text, CURRENT_TIMESTAMP, 'final');
INSERT INTO observations (patient_id, observation_type, value_numeric, value_text, unit, observation_date, status)
VALUES ('047e5e9c-2840-4169-b7f1-46dab2a91c8d', 'uACR', 11.95, NULL, 'mg/g'::text, CURRENT_TIMESTAMP, 'final');
INSERT INTO observations (patient_id, observation_type, value_numeric, value_text, unit, observation_date, status)
VALUES ('047e5e9c-2840-4169-b7f1-46dab2a91c8d', 'proteinuria_category', NULL, 'A1'::text, NULL, CURRENT_TIMESTAMP, 'final');
INSERT INTO observations (patient_id, observation_type, value_numeric, value_text, unit, observation_date, status)
VALUES ('047e5e9c-2840-4169-b7f1-46dab2a91c8d', 'blood_pressure_systolic', 110, NULL, 'mmHg'::text, CURRENT_TIMESTAMP, 'final');
INSERT INTO observations (patient_id, observation_type, value_numeric, value_text, unit, observation_date, status)
VALUES ('047e5e9c-2840-4169-b7f1-46dab2a91c8d', 'blood_pressure_diastolic', 71, NULL, 'mmHg'::text, CURRENT_TIMESTAMP, 'final');
INSERT INTO observations (patient_id, observation_type, value_numeric, value_text, unit, observation_date, status)
VALUES ('047e5e9c-2840-4169-b7f1-46dab2a91c8d', 'HbA1c', 5.7, NULL, '%'::text, CURRENT_TIMESTAMP, 'final');
INSERT INTO observations (patient_id, observation_type, value_numeric, value_text, unit, observation_date, status)
VALUES ('047e5e9c-2840-4169-b7f1-46dab2a91c8d', 'LDL_cholesterol', 172, NULL, 'mg/dL'::text, CURRENT_TIMESTAMP, 'final');
INSERT INTO observations (patient_id, observation_type, value_numeric, value_text, unit, observation_date, status)
VALUES ('047e5e9c-2840-4169-b7f1-46dab2a91c8d', 'HDL_cholesterol', 53, NULL, 'mg/dL'::text, CURRENT_TIMESTAMP, 'final');
INSERT INTO observations (patient_id, observation_type, value_numeric, value_text, unit, observation_date, status)
VALUES ('047e5e9c-2840-4169-b7f1-46dab2a91c8d', 'BMI', 31.6, NULL, 'kg/m²'::text, CURRENT_TIMESTAMP, 'final');
INSERT INTO observations (patient_id, observation_type, value_numeric, value_text, unit, observation_date, status)
VALUES ('047e5e9c-2840-4169-b7f1-46dab2a91c8d', 'hemoglobin', 15.0, NULL, 'g/dL'::text, CURRENT_TIMESTAMP, 'final');
INSERT INTO observations (patient_id, observation_type, value_numeric, value_text, unit, observation_date, status)
VALUES ('047e5e9c-2840-4169-b7f1-46dab2a91c8d', 'potassium', 4.0, NULL, 'mEq/L'::text, CURRENT_TIMESTAMP, 'final');
INSERT INTO observations (patient_id, observation_type, value_numeric, value_text, unit, observation_date, status)
VALUES ('047e5e9c-2840-4169-b7f1-46dab2a91c8d', 'calcium', 8.5, NULL, 'mg/dL'::text, CURRENT_TIMESTAMP, 'final');
INSERT INTO observations (patient_id, observation_type, value_numeric, value_text, unit, observation_date, status)
VALUES ('047e5e9c-2840-4169-b7f1-46dab2a91c8d', 'phosphorus', 3.9, NULL, 'mg/dL'::text, CURRENT_TIMESTAMP, 'final');
INSERT INTO observations (patient_id, observation_type, value_numeric, value_text, unit, observation_date, status)
VALUES ('047e5e9c-2840-4169-b7f1-46dab2a91c8d', 'albumin', 2.8, NULL, 'g/dL'::text, CURRENT_TIMESTAMP, 'final');
INSERT INTO conditions (patient_id, condition_code, condition_name, clinical_status, onset_date, recorded_date, severity)
VALUES ('047e5e9c-2840-4169-b7f1-46dab2a91c8d', 'N18.1', 'Chronic Kidney Disease, Stage 1', 'active', '2023-10-04', CURRENT_TIMESTAMP, 'mild');

-- Patient: Louis Ferguson
INSERT INTO patients (
    id, medical_record_number, first_name, last_name, date_of_birth, gender, email, phone,
    weight, height, smoking_status, cvd_history, family_history_esrd,
    on_ras_inhibitor, on_sglt2i, nephrotoxic_meds, nephrologist_referral,
    diagnosis_date, last_visit_date, next_visit_date
) VALUES (
    'c94da11e-4ab2-4089-83bb-7b563c77688e', 'MRN094'::text, 'Louis'::text, 'Ferguson'::text,
    '1981-11-09', 'male'::text, 'louis.ferguson@email.com'::text, '+1-555-0001',
    92.1, 184, 'Never'::text,
    false, false,
    false, false,
    false, false,
    NULL, '2025-11-01'::text, '2026-03-19'::text
);
INSERT INTO observations (patient_id, observation_type, value_numeric, value_text, unit, observation_date, status)
VALUES ('c94da11e-4ab2-4089-83bb-7b563c77688e', 'eGFR', 97.73, NULL, 'mL/min/1.73m²'::text, CURRENT_TIMESTAMP, 'final');
INSERT INTO observations (patient_id, observation_type, value_numeric, value_text, unit, observation_date, status)
VALUES ('c94da11e-4ab2-4089-83bb-7b563c77688e', 'eGFR_trend', NULL, 'down'::text, NULL, CURRENT_TIMESTAMP, 'final');
INSERT INTO observations (patient_id, observation_type, value_numeric, value_text, unit, observation_date, status)
VALUES ('c94da11e-4ab2-4089-83bb-7b563c77688e', 'eGFR_change_percent', 2.0, NULL, '%'::text, CURRENT_TIMESTAMP, 'final');
INSERT INTO observations (patient_id, observation_type, value_numeric, value_text, unit, observation_date, status)
VALUES ('c94da11e-4ab2-4089-83bb-7b563c77688e', 'serum_creatinine', 0.8, NULL, 'mg/dL'::text, CURRENT_TIMESTAMP, 'final');
INSERT INTO observations (patient_id, observation_type, value_numeric, value_text, unit, observation_date, status)
VALUES ('c94da11e-4ab2-4089-83bb-7b563c77688e', 'BUN', 35, NULL, 'mg/dL'::text, CURRENT_TIMESTAMP, 'final');
INSERT INTO observations (patient_id, observation_type, value_numeric, value_text, unit, observation_date, status)
VALUES ('c94da11e-4ab2-4089-83bb-7b563c77688e', 'uACR', 27.46, NULL, 'mg/g'::text, CURRENT_TIMESTAMP, 'final');
INSERT INTO observations (patient_id, observation_type, value_numeric, value_text, unit, observation_date, status)
VALUES ('c94da11e-4ab2-4089-83bb-7b563c77688e', 'proteinuria_category', NULL, 'A1'::text, NULL, CURRENT_TIMESTAMP, 'final');
INSERT INTO observations (patient_id, observation_type, value_numeric, value_text, unit, observation_date, status)
VALUES ('c94da11e-4ab2-4089-83bb-7b563c77688e', 'blood_pressure_systolic', 125, NULL, 'mmHg'::text, CURRENT_TIMESTAMP, 'final');
INSERT INTO observations (patient_id, observation_type, value_numeric, value_text, unit, observation_date, status)
VALUES ('c94da11e-4ab2-4089-83bb-7b563c77688e', 'blood_pressure_diastolic', 82, NULL, 'mmHg'::text, CURRENT_TIMESTAMP, 'final');
INSERT INTO observations (patient_id, observation_type, value_numeric, value_text, unit, observation_date, status)
VALUES ('c94da11e-4ab2-4089-83bb-7b563c77688e', 'HbA1c', 5.9, NULL, '%'::text, CURRENT_TIMESTAMP, 'final');
INSERT INTO observations (patient_id, observation_type, value_numeric, value_text, unit, observation_date, status)
VALUES ('c94da11e-4ab2-4089-83bb-7b563c77688e', 'LDL_cholesterol', 147, NULL, 'mg/dL'::text, CURRENT_TIMESTAMP, 'final');
INSERT INTO observations (patient_id, observation_type, value_numeric, value_text, unit, observation_date, status)
VALUES ('c94da11e-4ab2-4089-83bb-7b563c77688e', 'HDL_cholesterol', 57, NULL, 'mg/dL'::text, CURRENT_TIMESTAMP, 'final');
INSERT INTO observations (patient_id, observation_type, value_numeric, value_text, unit, observation_date, status)
VALUES ('c94da11e-4ab2-4089-83bb-7b563c77688e', 'BMI', 27.2, NULL, 'kg/m²'::text, CURRENT_TIMESTAMP, 'final');
INSERT INTO observations (patient_id, observation_type, value_numeric, value_text, unit, observation_date, status)
VALUES ('c94da11e-4ab2-4089-83bb-7b563c77688e', 'hemoglobin', 12.9, NULL, 'g/dL'::text, CURRENT_TIMESTAMP, 'final');
INSERT INTO observations (patient_id, observation_type, value_numeric, value_text, unit, observation_date, status)
VALUES ('c94da11e-4ab2-4089-83bb-7b563c77688e', 'potassium', 4.2, NULL, 'mEq/L'::text, CURRENT_TIMESTAMP, 'final');
INSERT INTO observations (patient_id, observation_type, value_numeric, value_text, unit, observation_date, status)
VALUES ('c94da11e-4ab2-4089-83bb-7b563c77688e', 'calcium', 8.5, NULL, 'mg/dL'::text, CURRENT_TIMESTAMP, 'final');
INSERT INTO observations (patient_id, observation_type, value_numeric, value_text, unit, observation_date, status)
VALUES ('c94da11e-4ab2-4089-83bb-7b563c77688e', 'phosphorus', 3.5, NULL, 'mg/dL'::text, CURRENT_TIMESTAMP, 'final');
INSERT INTO observations (patient_id, observation_type, value_numeric, value_text, unit, observation_date, status)
VALUES ('c94da11e-4ab2-4089-83bb-7b563c77688e', 'albumin', 2.7, NULL, 'g/dL'::text, CURRENT_TIMESTAMP, 'final');

-- Patient: Julia Gonzales
INSERT INTO patients (
    id, medical_record_number, first_name, last_name, date_of_birth, gender, email, phone,
    weight, height, smoking_status, cvd_history, family_history_esrd,
    on_ras_inhibitor, on_sglt2i, nephrotoxic_meds, nephrologist_referral,
    diagnosis_date, last_visit_date, next_visit_date
) VALUES (
    '7453d62c-320a-4e92-bc2e-7b5059be43b9', 'MRN095'::text, 'Julia'::text, 'Gonzales'::text,
    '1975-11-09', 'female'::text, 'julia.gonzales@email.com'::text, '+1-555-0001',
    82.4, 157, 'Former'::text,
    false, false,
    true, false,
    false, false,
    '2024-11-09', '2025-10-22'::text, '2026-04-30'::text
);
INSERT INTO observations (patient_id, observation_type, value_numeric, value_text, unit, observation_date, status)
VALUES ('7453d62c-320a-4e92-bc2e-7b5059be43b9', 'eGFR', 72.61, NULL, 'mL/min/1.73m²'::text, CURRENT_TIMESTAMP, 'final');
INSERT INTO observations (patient_id, observation_type, value_numeric, value_text, unit, observation_date, status)
VALUES ('7453d62c-320a-4e92-bc2e-7b5059be43b9', 'eGFR_trend', NULL, 'stable'::text, NULL, CURRENT_TIMESTAMP, 'final');
INSERT INTO observations (patient_id, observation_type, value_numeric, value_text, unit, observation_date, status)
VALUES ('7453d62c-320a-4e92-bc2e-7b5059be43b9', 'eGFR_change_percent', -0.7, NULL, '%'::text, CURRENT_TIMESTAMP, 'final');
INSERT INTO observations (patient_id, observation_type, value_numeric, value_text, unit, observation_date, status)
VALUES ('7453d62c-320a-4e92-bc2e-7b5059be43b9', 'serum_creatinine', 1.12, NULL, 'mg/dL'::text, CURRENT_TIMESTAMP, 'final');
INSERT INTO observations (patient_id, observation_type, value_numeric, value_text, unit, observation_date, status)
VALUES ('7453d62c-320a-4e92-bc2e-7b5059be43b9', 'BUN', 154, NULL, 'mg/dL'::text, CURRENT_TIMESTAMP, 'final');
INSERT INTO observations (patient_id, observation_type, value_numeric, value_text, unit, observation_date, status)
VALUES ('7453d62c-320a-4e92-bc2e-7b5059be43b9', 'uACR', 127.91, NULL, 'mg/g'::text, CURRENT_TIMESTAMP, 'final');
INSERT INTO observations (patient_id, observation_type, value_numeric, value_text, unit, observation_date, status)
VALUES ('7453d62c-320a-4e92-bc2e-7b5059be43b9', 'proteinuria_category', NULL, 'A2'::text, NULL, CURRENT_TIMESTAMP, 'final');
INSERT INTO observations (patient_id, observation_type, value_numeric, value_text, unit, observation_date, status)
VALUES ('7453d62c-320a-4e92-bc2e-7b5059be43b9', 'blood_pressure_systolic', 138, NULL, 'mmHg'::text, CURRENT_TIMESTAMP, 'final');
INSERT INTO observations (patient_id, observation_type, value_numeric, value_text, unit, observation_date, status)
VALUES ('7453d62c-320a-4e92-bc2e-7b5059be43b9', 'blood_pressure_diastolic', 84, NULL, 'mmHg'::text, CURRENT_TIMESTAMP, 'final');
INSERT INTO observations (patient_id, observation_type, value_numeric, value_text, unit, observation_date, status)
VALUES ('7453d62c-320a-4e92-bc2e-7b5059be43b9', 'HbA1c', 5.1, NULL, '%'::text, CURRENT_TIMESTAMP, 'final');
INSERT INTO observations (patient_id, observation_type, value_numeric, value_text, unit, observation_date, status)
VALUES ('7453d62c-320a-4e92-bc2e-7b5059be43b9', 'LDL_cholesterol', 172, NULL, 'mg/dL'::text, CURRENT_TIMESTAMP, 'final');
INSERT INTO observations (patient_id, observation_type, value_numeric, value_text, unit, observation_date, status)
VALUES ('7453d62c-320a-4e92-bc2e-7b5059be43b9', 'HDL_cholesterol', 31, NULL, 'mg/dL'::text, CURRENT_TIMESTAMP, 'final');
INSERT INTO observations (patient_id, observation_type, value_numeric, value_text, unit, observation_date, status)
VALUES ('7453d62c-320a-4e92-bc2e-7b5059be43b9', 'BMI', 33.4, NULL, 'kg/m²'::text, CURRENT_TIMESTAMP, 'final');
INSERT INTO observations (patient_id, observation_type, value_numeric, value_text, unit, observation_date, status)
VALUES ('7453d62c-320a-4e92-bc2e-7b5059be43b9', 'hemoglobin', 14.6, NULL, 'g/dL'::text, CURRENT_TIMESTAMP, 'final');
INSERT INTO observations (patient_id, observation_type, value_numeric, value_text, unit, observation_date, status)
VALUES ('7453d62c-320a-4e92-bc2e-7b5059be43b9', 'potassium', 4.0, NULL, 'mEq/L'::text, CURRENT_TIMESTAMP, 'final');
INSERT INTO observations (patient_id, observation_type, value_numeric, value_text, unit, observation_date, status)
VALUES ('7453d62c-320a-4e92-bc2e-7b5059be43b9', 'calcium', 9.0, NULL, 'mg/dL'::text, CURRENT_TIMESTAMP, 'final');
INSERT INTO observations (patient_id, observation_type, value_numeric, value_text, unit, observation_date, status)
VALUES ('7453d62c-320a-4e92-bc2e-7b5059be43b9', 'phosphorus', 3.4, NULL, 'mg/dL'::text, CURRENT_TIMESTAMP, 'final');
INSERT INTO observations (patient_id, observation_type, value_numeric, value_text, unit, observation_date, status)
VALUES ('7453d62c-320a-4e92-bc2e-7b5059be43b9', 'albumin', 2.2, NULL, 'g/dL'::text, CURRENT_TIMESTAMP, 'final');
INSERT INTO conditions (patient_id, condition_code, condition_name, clinical_status, onset_date, recorded_date, severity)
VALUES ('7453d62c-320a-4e92-bc2e-7b5059be43b9', 'I10', 'Essential Hypertension', 'active', '2024-11-09', CURRENT_TIMESTAMP, 'moderate');
INSERT INTO conditions (patient_id, condition_code, condition_name, clinical_status, onset_date, recorded_date, severity)
VALUES ('7453d62c-320a-4e92-bc2e-7b5059be43b9', 'N18.2', 'Chronic Kidney Disease, Stage 2', 'active', '2024-11-09', CURRENT_TIMESTAMP, 'mild');

-- Patient: Gerald Elliott
INSERT INTO patients (
    id, medical_record_number, first_name, last_name, date_of_birth, gender, email, phone,
    weight, height, smoking_status, cvd_history, family_history_esrd,
    on_ras_inhibitor, on_sglt2i, nephrotoxic_meds, nephrologist_referral,
    diagnosis_date, last_visit_date, next_visit_date
) VALUES (
    '2ff49f39-9e6d-40ad-926f-559121fc95c3', 'MRN096'::text, 'Gerald'::text, 'Elliott'::text,
    '1953-11-09', 'male'::text, 'gerald.elliott@email.com'::text, '+1-555-0001',
    113.1, 169, 'Never'::text,
    true, false,
    true, false,
    false, true,
    '2021-01-21', '2025-10-29'::text, '2025-12-05'::text
);
INSERT INTO observations (patient_id, observation_type, value_numeric, value_text, unit, observation_date, status)
VALUES ('2ff49f39-9e6d-40ad-926f-559121fc95c3', 'eGFR', 26.3, NULL, 'mL/min/1.73m²'::text, CURRENT_TIMESTAMP, 'final');
INSERT INTO observations (patient_id, observation_type, value_numeric, value_text, unit, observation_date, status)
VALUES ('2ff49f39-9e6d-40ad-926f-559121fc95c3', 'eGFR_trend', NULL, 'down'::text, NULL, CURRENT_TIMESTAMP, 'final');
INSERT INTO observations (patient_id, observation_type, value_numeric, value_text, unit, observation_date, status)
VALUES ('2ff49f39-9e6d-40ad-926f-559121fc95c3', 'eGFR_change_percent', -7.7, NULL, '%'::text, CURRENT_TIMESTAMP, 'final');
INSERT INTO observations (patient_id, observation_type, value_numeric, value_text, unit, observation_date, status)
VALUES ('2ff49f39-9e6d-40ad-926f-559121fc95c3', 'serum_creatinine', 3.1, NULL, 'mg/dL'::text, CURRENT_TIMESTAMP, 'final');
INSERT INTO observations (patient_id, observation_type, value_numeric, value_text, unit, observation_date, status)
VALUES ('2ff49f39-9e6d-40ad-926f-559121fc95c3', 'BUN', 149, NULL, 'mg/dL'::text, CURRENT_TIMESTAMP, 'final');
INSERT INTO observations (patient_id, observation_type, value_numeric, value_text, unit, observation_date, status)
VALUES ('2ff49f39-9e6d-40ad-926f-559121fc95c3', 'uACR', 383.52, NULL, 'mg/g'::text, CURRENT_TIMESTAMP, 'final');
INSERT INTO observations (patient_id, observation_type, value_numeric, value_text, unit, observation_date, status)
VALUES ('2ff49f39-9e6d-40ad-926f-559121fc95c3', 'proteinuria_category', NULL, 'A3'::text, NULL, CURRENT_TIMESTAMP, 'final');
INSERT INTO observations (patient_id, observation_type, value_numeric, value_text, unit, observation_date, status)
VALUES ('2ff49f39-9e6d-40ad-926f-559121fc95c3', 'blood_pressure_systolic', 145, NULL, 'mmHg'::text, CURRENT_TIMESTAMP, 'final');
INSERT INTO observations (patient_id, observation_type, value_numeric, value_text, unit, observation_date, status)
VALUES ('2ff49f39-9e6d-40ad-926f-559121fc95c3', 'blood_pressure_diastolic', 99, NULL, 'mmHg'::text, CURRENT_TIMESTAMP, 'final');
INSERT INTO observations (patient_id, observation_type, value_numeric, value_text, unit, observation_date, status)
VALUES ('2ff49f39-9e6d-40ad-926f-559121fc95c3', 'HbA1c', 6.0, NULL, '%'::text, CURRENT_TIMESTAMP, 'final');
INSERT INTO observations (patient_id, observation_type, value_numeric, value_text, unit, observation_date, status)
VALUES ('2ff49f39-9e6d-40ad-926f-559121fc95c3', 'LDL_cholesterol', 162, NULL, 'mg/dL'::text, CURRENT_TIMESTAMP, 'final');
INSERT INTO observations (patient_id, observation_type, value_numeric, value_text, unit, observation_date, status)
VALUES ('2ff49f39-9e6d-40ad-926f-559121fc95c3', 'HDL_cholesterol', 30, NULL, 'mg/dL'::text, CURRENT_TIMESTAMP, 'final');
INSERT INTO observations (patient_id, observation_type, value_numeric, value_text, unit, observation_date, status)
VALUES ('2ff49f39-9e6d-40ad-926f-559121fc95c3', 'BMI', 39.6, NULL, 'kg/m²'::text, CURRENT_TIMESTAMP, 'final');
INSERT INTO observations (patient_id, observation_type, value_numeric, value_text, unit, observation_date, status)
VALUES ('2ff49f39-9e6d-40ad-926f-559121fc95c3', 'hemoglobin', 9.2, NULL, 'g/dL'::text, CURRENT_TIMESTAMP, 'final');
INSERT INTO observations (patient_id, observation_type, value_numeric, value_text, unit, observation_date, status)
VALUES ('2ff49f39-9e6d-40ad-926f-559121fc95c3', 'potassium', 6.0, NULL, 'mEq/L'::text, CURRENT_TIMESTAMP, 'final');
INSERT INTO observations (patient_id, observation_type, value_numeric, value_text, unit, observation_date, status)
VALUES ('2ff49f39-9e6d-40ad-926f-559121fc95c3', 'calcium', 9.7, NULL, 'mg/dL'::text, CURRENT_TIMESTAMP, 'final');
INSERT INTO observations (patient_id, observation_type, value_numeric, value_text, unit, observation_date, status)
VALUES ('2ff49f39-9e6d-40ad-926f-559121fc95c3', 'phosphorus', 6.1, NULL, 'mg/dL'::text, CURRENT_TIMESTAMP, 'final');
INSERT INTO observations (patient_id, observation_type, value_numeric, value_text, unit, observation_date, status)
VALUES ('2ff49f39-9e6d-40ad-926f-559121fc95c3', 'albumin', 3.4, NULL, 'g/dL'::text, CURRENT_TIMESTAMP, 'final');
INSERT INTO conditions (patient_id, condition_code, condition_name, clinical_status, onset_date, recorded_date, severity)
VALUES ('2ff49f39-9e6d-40ad-926f-559121fc95c3', 'I10', 'Essential Hypertension', 'active', '2021-01-21', CURRENT_TIMESTAMP, 'moderate');
INSERT INTO conditions (patient_id, condition_code, condition_name, clinical_status, onset_date, recorded_date, severity)
VALUES ('2ff49f39-9e6d-40ad-926f-559121fc95c3', 'N18.4', 'Chronic Kidney Disease, Stage 4', 'active', '2021-01-21', CURRENT_TIMESTAMP, 'severe');
INSERT INTO conditions (patient_id, condition_code, condition_name, clinical_status, onset_date, recorded_date, severity)
VALUES ('2ff49f39-9e6d-40ad-926f-559121fc95c3', 'I25.10', 'Coronary Artery Disease', 'active', '2021-01-21', CURRENT_TIMESTAMP, 'moderate');

-- Patient: Sophie Elliott
INSERT INTO patients (
    id, medical_record_number, first_name, last_name, date_of_birth, gender, email, phone,
    weight, height, smoking_status, cvd_history, family_history_esrd,
    on_ras_inhibitor, on_sglt2i, nephrotoxic_meds, nephrologist_referral,
    diagnosis_date, last_visit_date, next_visit_date
) VALUES (
    '1679bcbe-4b3c-44b4-848f-0132e0acff2e', 'MRN097'::text, 'Sophie'::text, 'Elliott'::text,
    '1948-11-09', 'female'::text, 'sophie.elliott@email.com'::text, '+1-555-0001',
    71.0, 179, 'Never'::text,
    false, false,
    true, true,
    false, true,
    '2020-11-09', '2025-10-18'::text, '2025-11-26'::text
);
INSERT INTO observations (patient_id, observation_type, value_numeric, value_text, unit, observation_date, status)
VALUES ('1679bcbe-4b3c-44b4-848f-0132e0acff2e', 'eGFR', 11.54, NULL, 'mL/min/1.73m²'::text, CURRENT_TIMESTAMP, 'final');
INSERT INTO observations (patient_id, observation_type, value_numeric, value_text, unit, observation_date, status)
VALUES ('1679bcbe-4b3c-44b4-848f-0132e0acff2e', 'eGFR_trend', NULL, 'down'::text, NULL, CURRENT_TIMESTAMP, 'final');
INSERT INTO observations (patient_id, observation_type, value_numeric, value_text, unit, observation_date, status)
VALUES ('1679bcbe-4b3c-44b4-848f-0132e0acff2e', 'eGFR_change_percent', -14.7, NULL, '%'::text, CURRENT_TIMESTAMP, 'final');
INSERT INTO observations (patient_id, observation_type, value_numeric, value_text, unit, observation_date, status)
VALUES ('1679bcbe-4b3c-44b4-848f-0132e0acff2e', 'serum_creatinine', 5.95, NULL, 'mg/dL'::text, CURRENT_TIMESTAMP, 'final');
INSERT INTO observations (patient_id, observation_type, value_numeric, value_text, unit, observation_date, status)
VALUES ('1679bcbe-4b3c-44b4-848f-0132e0acff2e', 'BUN', 209, NULL, 'mg/dL'::text, CURRENT_TIMESTAMP, 'final');
INSERT INTO observations (patient_id, observation_type, value_numeric, value_text, unit, observation_date, status)
VALUES ('1679bcbe-4b3c-44b4-848f-0132e0acff2e', 'uACR', 725.04, NULL, 'mg/g'::text, CURRENT_TIMESTAMP, 'final');
INSERT INTO observations (patient_id, observation_type, value_numeric, value_text, unit, observation_date, status)
VALUES ('1679bcbe-4b3c-44b4-848f-0132e0acff2e', 'proteinuria_category', NULL, 'A3'::text, NULL, CURRENT_TIMESTAMP, 'final');
INSERT INTO observations (patient_id, observation_type, value_numeric, value_text, unit, observation_date, status)
VALUES ('1679bcbe-4b3c-44b4-848f-0132e0acff2e', 'blood_pressure_systolic', 168, NULL, 'mmHg'::text, CURRENT_TIMESTAMP, 'final');
INSERT INTO observations (patient_id, observation_type, value_numeric, value_text, unit, observation_date, status)
VALUES ('1679bcbe-4b3c-44b4-848f-0132e0acff2e', 'blood_pressure_diastolic', 103, NULL, 'mmHg'::text, CURRENT_TIMESTAMP, 'final');
INSERT INTO observations (patient_id, observation_type, value_numeric, value_text, unit, observation_date, status)
VALUES ('1679bcbe-4b3c-44b4-848f-0132e0acff2e', 'HbA1c', 6.9, NULL, '%'::text, CURRENT_TIMESTAMP, 'final');
INSERT INTO observations (patient_id, observation_type, value_numeric, value_text, unit, observation_date, status)
VALUES ('1679bcbe-4b3c-44b4-848f-0132e0acff2e', 'LDL_cholesterol', 160, NULL, 'mg/dL'::text, CURRENT_TIMESTAMP, 'final');
INSERT INTO observations (patient_id, observation_type, value_numeric, value_text, unit, observation_date, status)
VALUES ('1679bcbe-4b3c-44b4-848f-0132e0acff2e', 'HDL_cholesterol', 33, NULL, 'mg/dL'::text, CURRENT_TIMESTAMP, 'final');
INSERT INTO observations (patient_id, observation_type, value_numeric, value_text, unit, observation_date, status)
VALUES ('1679bcbe-4b3c-44b4-848f-0132e0acff2e', 'BMI', 22.2, NULL, 'kg/m²'::text, CURRENT_TIMESTAMP, 'final');
INSERT INTO observations (patient_id, observation_type, value_numeric, value_text, unit, observation_date, status)
VALUES ('1679bcbe-4b3c-44b4-848f-0132e0acff2e', 'hemoglobin', 11.0, NULL, 'g/dL'::text, CURRENT_TIMESTAMP, 'final');
INSERT INTO observations (patient_id, observation_type, value_numeric, value_text, unit, observation_date, status)
VALUES ('1679bcbe-4b3c-44b4-848f-0132e0acff2e', 'potassium', 4.7, NULL, 'mEq/L'::text, CURRENT_TIMESTAMP, 'final');
INSERT INTO observations (patient_id, observation_type, value_numeric, value_text, unit, observation_date, status)
VALUES ('1679bcbe-4b3c-44b4-848f-0132e0acff2e', 'calcium', 8.2, NULL, 'mg/dL'::text, CURRENT_TIMESTAMP, 'final');
INSERT INTO observations (patient_id, observation_type, value_numeric, value_text, unit, observation_date, status)
VALUES ('1679bcbe-4b3c-44b4-848f-0132e0acff2e', 'phosphorus', 6.2, NULL, 'mg/dL'::text, CURRENT_TIMESTAMP, 'final');
INSERT INTO observations (patient_id, observation_type, value_numeric, value_text, unit, observation_date, status)
VALUES ('1679bcbe-4b3c-44b4-848f-0132e0acff2e', 'albumin', 2.8, NULL, 'g/dL'::text, CURRENT_TIMESTAMP, 'final');
INSERT INTO conditions (patient_id, condition_code, condition_name, clinical_status, onset_date, recorded_date, severity)
VALUES ('1679bcbe-4b3c-44b4-848f-0132e0acff2e', 'E11.9', 'Type 2 Diabetes Mellitus', 'active', '2020-11-09', CURRENT_TIMESTAMP, 'moderate');
INSERT INTO conditions (patient_id, condition_code, condition_name, clinical_status, onset_date, recorded_date, severity)
VALUES ('1679bcbe-4b3c-44b4-848f-0132e0acff2e', 'I10', 'Essential Hypertension', 'active', '2020-11-09', CURRENT_TIMESTAMP, 'moderate');
INSERT INTO conditions (patient_id, condition_code, condition_name, clinical_status, onset_date, recorded_date, severity)
VALUES ('1679bcbe-4b3c-44b4-848f-0132e0acff2e', 'N18.5', 'Chronic Kidney Disease, Stage 5', 'active', '2020-11-09', CURRENT_TIMESTAMP, 'severe');

-- Patient: Nathan Olson
INSERT INTO patients (
    id, medical_record_number, first_name, last_name, date_of_birth, gender, email, phone,
    weight, height, smoking_status, cvd_history, family_history_esrd,
    on_ras_inhibitor, on_sglt2i, nephrotoxic_meds, nephrologist_referral,
    diagnosis_date, last_visit_date, next_visit_date
) VALUES (
    'c40f1c56-07e6-4d2b-8190-c5562118a0d3', 'MRN098'::text, 'Nathan'::text, 'Olson'::text,
    '1976-11-09', 'male'::text, 'nathan.olson@email.com'::text, '+1-555-0001',
    80.8, 168, 'Current'::text,
    false, false,
    true, false,
    false, false,
    '2025-04-04', '2025-10-14'::text, '2026-03-16'::text
);
INSERT INTO observations (patient_id, observation_type, value_numeric, value_text, unit, observation_date, status)
VALUES ('c40f1c56-07e6-4d2b-8190-c5562118a0d3', 'eGFR', 80.79, NULL, 'mL/min/1.73m²'::text, CURRENT_TIMESTAMP, 'final');
INSERT INTO observations (patient_id, observation_type, value_numeric, value_text, unit, observation_date, status)
VALUES ('c40f1c56-07e6-4d2b-8190-c5562118a0d3', 'eGFR_trend', NULL, 'stable'::text, NULL, CURRENT_TIMESTAMP, 'final');
INSERT INTO observations (patient_id, observation_type, value_numeric, value_text, unit, observation_date, status)
VALUES ('c40f1c56-07e6-4d2b-8190-c5562118a0d3', 'eGFR_change_percent', -2.3, NULL, '%'::text, CURRENT_TIMESTAMP, 'final');
INSERT INTO observations (patient_id, observation_type, value_numeric, value_text, unit, observation_date, status)
VALUES ('c40f1c56-07e6-4d2b-8190-c5562118a0d3', 'serum_creatinine', 1.29, NULL, 'mg/dL'::text, CURRENT_TIMESTAMP, 'final');
INSERT INTO observations (patient_id, observation_type, value_numeric, value_text, unit, observation_date, status)
VALUES ('c40f1c56-07e6-4d2b-8190-c5562118a0d3', 'BUN', 155, NULL, 'mg/dL'::text, CURRENT_TIMESTAMP, 'final');
INSERT INTO observations (patient_id, observation_type, value_numeric, value_text, unit, observation_date, status)
VALUES ('c40f1c56-07e6-4d2b-8190-c5562118a0d3', 'uACR', 73.64, NULL, 'mg/g'::text, CURRENT_TIMESTAMP, 'final');
INSERT INTO observations (patient_id, observation_type, value_numeric, value_text, unit, observation_date, status)
VALUES ('c40f1c56-07e6-4d2b-8190-c5562118a0d3', 'proteinuria_category', NULL, 'A2'::text, NULL, CURRENT_TIMESTAMP, 'final');
INSERT INTO observations (patient_id, observation_type, value_numeric, value_text, unit, observation_date, status)
VALUES ('c40f1c56-07e6-4d2b-8190-c5562118a0d3', 'blood_pressure_systolic', 132, NULL, 'mmHg'::text, CURRENT_TIMESTAMP, 'final');
INSERT INTO observations (patient_id, observation_type, value_numeric, value_text, unit, observation_date, status)
VALUES ('c40f1c56-07e6-4d2b-8190-c5562118a0d3', 'blood_pressure_diastolic', 86, NULL, 'mmHg'::text, CURRENT_TIMESTAMP, 'final');
INSERT INTO observations (patient_id, observation_type, value_numeric, value_text, unit, observation_date, status)
VALUES ('c40f1c56-07e6-4d2b-8190-c5562118a0d3', 'HbA1c', 5.8, NULL, '%'::text, CURRENT_TIMESTAMP, 'final');
INSERT INTO observations (patient_id, observation_type, value_numeric, value_text, unit, observation_date, status)
VALUES ('c40f1c56-07e6-4d2b-8190-c5562118a0d3', 'LDL_cholesterol', 96, NULL, 'mg/dL'::text, CURRENT_TIMESTAMP, 'final');
INSERT INTO observations (patient_id, observation_type, value_numeric, value_text, unit, observation_date, status)
VALUES ('c40f1c56-07e6-4d2b-8190-c5562118a0d3', 'HDL_cholesterol', 38, NULL, 'mg/dL'::text, CURRENT_TIMESTAMP, 'final');
INSERT INTO observations (patient_id, observation_type, value_numeric, value_text, unit, observation_date, status)
VALUES ('c40f1c56-07e6-4d2b-8190-c5562118a0d3', 'BMI', 28.6, NULL, 'kg/m²'::text, CURRENT_TIMESTAMP, 'final');
INSERT INTO observations (patient_id, observation_type, value_numeric, value_text, unit, observation_date, status)
VALUES ('c40f1c56-07e6-4d2b-8190-c5562118a0d3', 'hemoglobin', 13.2, NULL, 'g/dL'::text, CURRENT_TIMESTAMP, 'final');
INSERT INTO observations (patient_id, observation_type, value_numeric, value_text, unit, observation_date, status)
VALUES ('c40f1c56-07e6-4d2b-8190-c5562118a0d3', 'potassium', 3.8, NULL, 'mEq/L'::text, CURRENT_TIMESTAMP, 'final');
INSERT INTO observations (patient_id, observation_type, value_numeric, value_text, unit, observation_date, status)
VALUES ('c40f1c56-07e6-4d2b-8190-c5562118a0d3', 'calcium', 9.6, NULL, 'mg/dL'::text, CURRENT_TIMESTAMP, 'final');
INSERT INTO observations (patient_id, observation_type, value_numeric, value_text, unit, observation_date, status)
VALUES ('c40f1c56-07e6-4d2b-8190-c5562118a0d3', 'phosphorus', 3.4, NULL, 'mg/dL'::text, CURRENT_TIMESTAMP, 'final');
INSERT INTO observations (patient_id, observation_type, value_numeric, value_text, unit, observation_date, status)
VALUES ('c40f1c56-07e6-4d2b-8190-c5562118a0d3', 'albumin', 2.4, NULL, 'g/dL'::text, CURRENT_TIMESTAMP, 'final');
INSERT INTO conditions (patient_id, condition_code, condition_name, clinical_status, onset_date, recorded_date, severity)
VALUES ('c40f1c56-07e6-4d2b-8190-c5562118a0d3', 'I10', 'Essential Hypertension', 'active', '2025-04-04', CURRENT_TIMESTAMP, 'moderate');
INSERT INTO conditions (patient_id, condition_code, condition_name, clinical_status, onset_date, recorded_date, severity)
VALUES ('c40f1c56-07e6-4d2b-8190-c5562118a0d3', 'N18.2', 'Chronic Kidney Disease, Stage 2', 'active', '2025-04-04', CURRENT_TIMESTAMP, 'mild');

-- Patient: Caroline Hayes
INSERT INTO patients (
    id, medical_record_number, first_name, last_name, date_of_birth, gender, email, phone,
    weight, height, smoking_status, cvd_history, family_history_esrd,
    on_ras_inhibitor, on_sglt2i, nephrotoxic_meds, nephrologist_referral,
    diagnosis_date, last_visit_date, next_visit_date
) VALUES (
    '06c2d743-5684-4b13-9f1d-8c74988a98ca', 'MRN099'::text, 'Caroline'::text, 'Hayes'::text,
    '1963-11-09', 'female'::text, 'caroline.hayes@email.com'::text, '+1-555-0001',
    72.6, 155, 'Former'::text,
    false, false,
    true, true,
    false, false,
    '2021-12-16', '2025-10-15'::text, '2026-02-10'::text
);
INSERT INTO observations (patient_id, observation_type, value_numeric, value_text, unit, observation_date, status)
VALUES ('06c2d743-5684-4b13-9f1d-8c74988a98ca', 'eGFR', 47.59, NULL, 'mL/min/1.73m²'::text, CURRENT_TIMESTAMP, 'final');
INSERT INTO observations (patient_id, observation_type, value_numeric, value_text, unit, observation_date, status)
VALUES ('06c2d743-5684-4b13-9f1d-8c74988a98ca', 'eGFR_trend', NULL, 'down'::text, NULL, CURRENT_TIMESTAMP, 'final');
INSERT INTO observations (patient_id, observation_type, value_numeric, value_text, unit, observation_date, status)
VALUES ('06c2d743-5684-4b13-9f1d-8c74988a98ca', 'eGFR_change_percent', -0.3, NULL, '%'::text, CURRENT_TIMESTAMP, 'final');
INSERT INTO observations (patient_id, observation_type, value_numeric, value_text, unit, observation_date, status)
VALUES ('06c2d743-5684-4b13-9f1d-8c74988a98ca', 'serum_creatinine', 1.62, NULL, 'mg/dL'::text, CURRENT_TIMESTAMP, 'final');
INSERT INTO observations (patient_id, observation_type, value_numeric, value_text, unit, observation_date, status)
VALUES ('06c2d743-5684-4b13-9f1d-8c74988a98ca', 'BUN', 63, NULL, 'mg/dL'::text, CURRENT_TIMESTAMP, 'final');
INSERT INTO observations (patient_id, observation_type, value_numeric, value_text, unit, observation_date, status)
VALUES ('06c2d743-5684-4b13-9f1d-8c74988a98ca', 'uACR', 173.0, NULL, 'mg/g'::text, CURRENT_TIMESTAMP, 'final');
INSERT INTO observations (patient_id, observation_type, value_numeric, value_text, unit, observation_date, status)
VALUES ('06c2d743-5684-4b13-9f1d-8c74988a98ca', 'proteinuria_category', NULL, 'A2'::text, NULL, CURRENT_TIMESTAMP, 'final');
INSERT INTO observations (patient_id, observation_type, value_numeric, value_text, unit, observation_date, status)
VALUES ('06c2d743-5684-4b13-9f1d-8c74988a98ca', 'blood_pressure_systolic', 154, NULL, 'mmHg'::text, CURRENT_TIMESTAMP, 'final');
INSERT INTO observations (patient_id, observation_type, value_numeric, value_text, unit, observation_date, status)
VALUES ('06c2d743-5684-4b13-9f1d-8c74988a98ca', 'blood_pressure_diastolic', 87, NULL, 'mmHg'::text, CURRENT_TIMESTAMP, 'final');
INSERT INTO observations (patient_id, observation_type, value_numeric, value_text, unit, observation_date, status)
VALUES ('06c2d743-5684-4b13-9f1d-8c74988a98ca', 'HbA1c', 6.8, NULL, '%'::text, CURRENT_TIMESTAMP, 'final');
INSERT INTO observations (patient_id, observation_type, value_numeric, value_text, unit, observation_date, status)
VALUES ('06c2d743-5684-4b13-9f1d-8c74988a98ca', 'LDL_cholesterol', 171, NULL, 'mg/dL'::text, CURRENT_TIMESTAMP, 'final');
INSERT INTO observations (patient_id, observation_type, value_numeric, value_text, unit, observation_date, status)
VALUES ('06c2d743-5684-4b13-9f1d-8c74988a98ca', 'HDL_cholesterol', 33, NULL, 'mg/dL'::text, CURRENT_TIMESTAMP, 'final');
INSERT INTO observations (patient_id, observation_type, value_numeric, value_text, unit, observation_date, status)
VALUES ('06c2d743-5684-4b13-9f1d-8c74988a98ca', 'BMI', 30.2, NULL, 'kg/m²'::text, CURRENT_TIMESTAMP, 'final');
INSERT INTO observations (patient_id, observation_type, value_numeric, value_text, unit, observation_date, status)
VALUES ('06c2d743-5684-4b13-9f1d-8c74988a98ca', 'hemoglobin', 11.5, NULL, 'g/dL'::text, CURRENT_TIMESTAMP, 'final');
INSERT INTO observations (patient_id, observation_type, value_numeric, value_text, unit, observation_date, status)
VALUES ('06c2d743-5684-4b13-9f1d-8c74988a98ca', 'potassium', 4.2, NULL, 'mEq/L'::text, CURRENT_TIMESTAMP, 'final');
INSERT INTO observations (patient_id, observation_type, value_numeric, value_text, unit, observation_date, status)
VALUES ('06c2d743-5684-4b13-9f1d-8c74988a98ca', 'calcium', 9.7, NULL, 'mg/dL'::text, CURRENT_TIMESTAMP, 'final');
INSERT INTO observations (patient_id, observation_type, value_numeric, value_text, unit, observation_date, status)
VALUES ('06c2d743-5684-4b13-9f1d-8c74988a98ca', 'phosphorus', 4.5, NULL, 'mg/dL'::text, CURRENT_TIMESTAMP, 'final');
INSERT INTO observations (patient_id, observation_type, value_numeric, value_text, unit, observation_date, status)
VALUES ('06c2d743-5684-4b13-9f1d-8c74988a98ca', 'albumin', 3.6, NULL, 'g/dL'::text, CURRENT_TIMESTAMP, 'final');
INSERT INTO conditions (patient_id, condition_code, condition_name, clinical_status, onset_date, recorded_date, severity)
VALUES ('06c2d743-5684-4b13-9f1d-8c74988a98ca', 'E11.9', 'Type 2 Diabetes Mellitus', 'active', '2021-12-16', CURRENT_TIMESTAMP, 'moderate');
INSERT INTO conditions (patient_id, condition_code, condition_name, clinical_status, onset_date, recorded_date, severity)
VALUES ('06c2d743-5684-4b13-9f1d-8c74988a98ca', 'N18.3', 'Chronic Kidney Disease, Stage 3', 'active', '2021-12-16', CURRENT_TIMESTAMP, 'moderate');

-- Patient: Gerald Sanchez
INSERT INTO patients (
    id, medical_record_number, first_name, last_name, date_of_birth, gender, email, phone,
    weight, height, smoking_status, cvd_history, family_history_esrd,
    on_ras_inhibitor, on_sglt2i, nephrotoxic_meds, nephrologist_referral,
    diagnosis_date, last_visit_date, next_visit_date
) VALUES (
    'e05790fb-8024-4de8-8ef2-4f85818e7379', 'MRN100'::text, 'Gerald'::text, 'Sanchez'::text,
    '1973-11-09', 'male'::text, 'gerald.sanchez@email.com'::text, '+1-555-0001',
    69.9, 186, 'Never'::text,
    false, true,
    false, false,
    false, false,
    '2024-10-04', '2025-10-10'::text, '2026-03-11'::text
);
INSERT INTO observations (patient_id, observation_type, value_numeric, value_text, unit, observation_date, status)
VALUES ('e05790fb-8024-4de8-8ef2-4f85818e7379', 'eGFR', 109.54, NULL, 'mL/min/1.73m²'::text, CURRENT_TIMESTAMP, 'final');
INSERT INTO observations (patient_id, observation_type, value_numeric, value_text, unit, observation_date, status)
VALUES ('e05790fb-8024-4de8-8ef2-4f85818e7379', 'eGFR_trend', NULL, 'up'::text, NULL, CURRENT_TIMESTAMP, 'final');
INSERT INTO observations (patient_id, observation_type, value_numeric, value_text, unit, observation_date, status)
VALUES ('e05790fb-8024-4de8-8ef2-4f85818e7379', 'eGFR_change_percent', -2.3, NULL, '%'::text, CURRENT_TIMESTAMP, 'final');
INSERT INTO observations (patient_id, observation_type, value_numeric, value_text, unit, observation_date, status)
VALUES ('e05790fb-8024-4de8-8ef2-4f85818e7379', 'serum_creatinine', 0.93, NULL, 'mg/dL'::text, CURRENT_TIMESTAMP, 'final');
INSERT INTO observations (patient_id, observation_type, value_numeric, value_text, unit, observation_date, status)
VALUES ('e05790fb-8024-4de8-8ef2-4f85818e7379', 'BUN', 40, NULL, 'mg/dL'::text, CURRENT_TIMESTAMP, 'final');
INSERT INTO observations (patient_id, observation_type, value_numeric, value_text, unit, observation_date, status)
VALUES ('e05790fb-8024-4de8-8ef2-4f85818e7379', 'uACR', 26.36, NULL, 'mg/g'::text, CURRENT_TIMESTAMP, 'final');
INSERT INTO observations (patient_id, observation_type, value_numeric, value_text, unit, observation_date, status)
VALUES ('e05790fb-8024-4de8-8ef2-4f85818e7379', 'proteinuria_category', NULL, 'A1'::text, NULL, CURRENT_TIMESTAMP, 'final');
INSERT INTO observations (patient_id, observation_type, value_numeric, value_text, unit, observation_date, status)
VALUES ('e05790fb-8024-4de8-8ef2-4f85818e7379', 'blood_pressure_systolic', 110, NULL, 'mmHg'::text, CURRENT_TIMESTAMP, 'final');
INSERT INTO observations (patient_id, observation_type, value_numeric, value_text, unit, observation_date, status)
VALUES ('e05790fb-8024-4de8-8ef2-4f85818e7379', 'blood_pressure_diastolic', 74, NULL, 'mmHg'::text, CURRENT_TIMESTAMP, 'final');
INSERT INTO observations (patient_id, observation_type, value_numeric, value_text, unit, observation_date, status)
VALUES ('e05790fb-8024-4de8-8ef2-4f85818e7379', 'HbA1c', 5.6, NULL, '%'::text, CURRENT_TIMESTAMP, 'final');
INSERT INTO observations (patient_id, observation_type, value_numeric, value_text, unit, observation_date, status)
VALUES ('e05790fb-8024-4de8-8ef2-4f85818e7379', 'LDL_cholesterol', 135, NULL, 'mg/dL'::text, CURRENT_TIMESTAMP, 'final');
INSERT INTO observations (patient_id, observation_type, value_numeric, value_text, unit, observation_date, status)
VALUES ('e05790fb-8024-4de8-8ef2-4f85818e7379', 'HDL_cholesterol', 67, NULL, 'mg/dL'::text, CURRENT_TIMESTAMP, 'final');
INSERT INTO observations (patient_id, observation_type, value_numeric, value_text, unit, observation_date, status)
VALUES ('e05790fb-8024-4de8-8ef2-4f85818e7379', 'BMI', 20.2, NULL, 'kg/m²'::text, CURRENT_TIMESTAMP, 'final');
INSERT INTO observations (patient_id, observation_type, value_numeric, value_text, unit, observation_date, status)
VALUES ('e05790fb-8024-4de8-8ef2-4f85818e7379', 'hemoglobin', 14.6, NULL, 'g/dL'::text, CURRENT_TIMESTAMP, 'final');
INSERT INTO observations (patient_id, observation_type, value_numeric, value_text, unit, observation_date, status)
VALUES ('e05790fb-8024-4de8-8ef2-4f85818e7379', 'potassium', 4.9, NULL, 'mEq/L'::text, CURRENT_TIMESTAMP, 'final');
INSERT INTO observations (patient_id, observation_type, value_numeric, value_text, unit, observation_date, status)
VALUES ('e05790fb-8024-4de8-8ef2-4f85818e7379', 'calcium', 9.8, NULL, 'mg/dL'::text, CURRENT_TIMESTAMP, 'final');
INSERT INTO observations (patient_id, observation_type, value_numeric, value_text, unit, observation_date, status)
VALUES ('e05790fb-8024-4de8-8ef2-4f85818e7379', 'phosphorus', 3.5, NULL, 'mg/dL'::text, CURRENT_TIMESTAMP, 'final');
INSERT INTO observations (patient_id, observation_type, value_numeric, value_text, unit, observation_date, status)
VALUES ('e05790fb-8024-4de8-8ef2-4f85818e7379', 'albumin', 3.0, NULL, 'g/dL'::text, CURRENT_TIMESTAMP, 'final');
INSERT INTO conditions (patient_id, condition_code, condition_name, clinical_status, onset_date, recorded_date, severity)
VALUES ('e05790fb-8024-4de8-8ef2-4f85818e7379', 'N18.1', 'Chronic Kidney Disease, Stage 1', 'active', '2024-10-04', CURRENT_TIMESTAMP, 'mild');

-- Patient: Jesse Howard
INSERT INTO patients (
    id, medical_record_number, first_name, last_name, date_of_birth, gender, email, phone,
    weight, height, smoking_status, cvd_history, family_history_esrd,
    on_ras_inhibitor, on_sglt2i, nephrotoxic_meds, nephrologist_referral,
    diagnosis_date, last_visit_date, next_visit_date
) VALUES (
    'e9170b34-dc7d-474e-b53f-71763da08044', 'MRN101'::text, 'Jesse'::text, 'Howard'::text,
    '1961-11-09', 'male'::text, 'jesse.howard@email.com'::text, '+1-555-0001',
    91.8, 177, 'Never'::text,
    false, false,
    true, true,
    false, true,
    '2022-10-04', '2025-10-18'::text, '2026-02-12'::text
);
INSERT INTO observations (patient_id, observation_type, value_numeric, value_text, unit, observation_date, status)
VALUES ('e9170b34-dc7d-474e-b53f-71763da08044', 'eGFR', 32.37, NULL, 'mL/min/1.73m²'::text, CURRENT_TIMESTAMP, 'final');
INSERT INTO observations (patient_id, observation_type, value_numeric, value_text, unit, observation_date, status)
VALUES ('e9170b34-dc7d-474e-b53f-71763da08044', 'eGFR_trend', NULL, 'down'::text, NULL, CURRENT_TIMESTAMP, 'final');
INSERT INTO observations (patient_id, observation_type, value_numeric, value_text, unit, observation_date, status)
VALUES ('e9170b34-dc7d-474e-b53f-71763da08044', 'eGFR_change_percent', -0.5, NULL, '%'::text, CURRENT_TIMESTAMP, 'final');
INSERT INTO observations (patient_id, observation_type, value_numeric, value_text, unit, observation_date, status)
VALUES ('e9170b34-dc7d-474e-b53f-71763da08044', 'serum_creatinine', 1.4, NULL, 'mg/dL'::text, CURRENT_TIMESTAMP, 'final');
INSERT INTO observations (patient_id, observation_type, value_numeric, value_text, unit, observation_date, status)
VALUES ('e9170b34-dc7d-474e-b53f-71763da08044', 'BUN', 172, NULL, 'mg/dL'::text, CURRENT_TIMESTAMP, 'final');
INSERT INTO observations (patient_id, observation_type, value_numeric, value_text, unit, observation_date, status)
VALUES ('e9170b34-dc7d-474e-b53f-71763da08044', 'uACR', 81.55, NULL, 'mg/g'::text, CURRENT_TIMESTAMP, 'final');
INSERT INTO observations (patient_id, observation_type, value_numeric, value_text, unit, observation_date, status)
VALUES ('e9170b34-dc7d-474e-b53f-71763da08044', 'proteinuria_category', NULL, 'A2'::text, NULL, CURRENT_TIMESTAMP, 'final');
INSERT INTO observations (patient_id, observation_type, value_numeric, value_text, unit, observation_date, status)
VALUES ('e9170b34-dc7d-474e-b53f-71763da08044', 'blood_pressure_systolic', 154, NULL, 'mmHg'::text, CURRENT_TIMESTAMP, 'final');
INSERT INTO observations (patient_id, observation_type, value_numeric, value_text, unit, observation_date, status)
VALUES ('e9170b34-dc7d-474e-b53f-71763da08044', 'blood_pressure_diastolic', 94, NULL, 'mmHg'::text, CURRENT_TIMESTAMP, 'final');
INSERT INTO observations (patient_id, observation_type, value_numeric, value_text, unit, observation_date, status)
VALUES ('e9170b34-dc7d-474e-b53f-71763da08044', 'HbA1c', 7.7, NULL, '%'::text, CURRENT_TIMESTAMP, 'final');
INSERT INTO observations (patient_id, observation_type, value_numeric, value_text, unit, observation_date, status)
VALUES ('e9170b34-dc7d-474e-b53f-71763da08044', 'LDL_cholesterol', 172, NULL, 'mg/dL'::text, CURRENT_TIMESTAMP, 'final');
INSERT INTO observations (patient_id, observation_type, value_numeric, value_text, unit, observation_date, status)
VALUES ('e9170b34-dc7d-474e-b53f-71763da08044', 'HDL_cholesterol', 68, NULL, 'mg/dL'::text, CURRENT_TIMESTAMP, 'final');
INSERT INTO observations (patient_id, observation_type, value_numeric, value_text, unit, observation_date, status)
VALUES ('e9170b34-dc7d-474e-b53f-71763da08044', 'BMI', 29.3, NULL, 'kg/m²'::text, CURRENT_TIMESTAMP, 'final');
INSERT INTO observations (patient_id, observation_type, value_numeric, value_text, unit, observation_date, status)
VALUES ('e9170b34-dc7d-474e-b53f-71763da08044', 'hemoglobin', 11.3, NULL, 'g/dL'::text, CURRENT_TIMESTAMP, 'final');
INSERT INTO observations (patient_id, observation_type, value_numeric, value_text, unit, observation_date, status)
VALUES ('e9170b34-dc7d-474e-b53f-71763da08044', 'potassium', 4.9, NULL, 'mEq/L'::text, CURRENT_TIMESTAMP, 'final');
INSERT INTO observations (patient_id, observation_type, value_numeric, value_text, unit, observation_date, status)
VALUES ('e9170b34-dc7d-474e-b53f-71763da08044', 'calcium', 9.0, NULL, 'mg/dL'::text, CURRENT_TIMESTAMP, 'final');
INSERT INTO observations (patient_id, observation_type, value_numeric, value_text, unit, observation_date, status)
VALUES ('e9170b34-dc7d-474e-b53f-71763da08044', 'phosphorus', 4.5, NULL, 'mg/dL'::text, CURRENT_TIMESTAMP, 'final');
INSERT INTO observations (patient_id, observation_type, value_numeric, value_text, unit, observation_date, status)
VALUES ('e9170b34-dc7d-474e-b53f-71763da08044', 'albumin', 3.1, NULL, 'g/dL'::text, CURRENT_TIMESTAMP, 'final');
INSERT INTO conditions (patient_id, condition_code, condition_name, clinical_status, onset_date, recorded_date, severity)
VALUES ('e9170b34-dc7d-474e-b53f-71763da08044', 'E11.9', 'Type 2 Diabetes Mellitus', 'active', '2022-10-04', CURRENT_TIMESTAMP, 'moderate');
INSERT INTO conditions (patient_id, condition_code, condition_name, clinical_status, onset_date, recorded_date, severity)
VALUES ('e9170b34-dc7d-474e-b53f-71763da08044', 'N18.3', 'Chronic Kidney Disease, Stage 3', 'active', '2022-10-04', CURRENT_TIMESTAMP, 'moderate');

-- Patient: Jacob Mitchell
INSERT INTO patients (
    id, medical_record_number, first_name, last_name, date_of_birth, gender, email, phone,
    weight, height, smoking_status, cvd_history, family_history_esrd,
    on_ras_inhibitor, on_sglt2i, nephrotoxic_meds, nephrologist_referral,
    diagnosis_date, last_visit_date, next_visit_date
) VALUES (
    'a014045f-6df7-4b20-a8b1-3faf01863901', 'MRN102'::text, 'Jacob'::text, 'Mitchell'::text,
    '1981-11-09', 'male'::text, 'jacob.mitchell@email.com'::text, '+1-555-0001',
    74.0, 185, 'Never'::text,
    false, false,
    false, false,
    false, false,
    '2023-11-10', '2025-10-31'::text, '2026-04-27'::text
);
INSERT INTO observations (patient_id, observation_type, value_numeric, value_text, unit, observation_date, status)
VALUES ('a014045f-6df7-4b20-a8b1-3faf01863901', 'eGFR', 108.6, NULL, 'mL/min/1.73m²'::text, CURRENT_TIMESTAMP, 'final');
INSERT INTO observations (patient_id, observation_type, value_numeric, value_text, unit, observation_date, status)
VALUES ('a014045f-6df7-4b20-a8b1-3faf01863901', 'eGFR_trend', NULL, 'stable'::text, NULL, CURRENT_TIMESTAMP, 'final');
INSERT INTO observations (patient_id, observation_type, value_numeric, value_text, unit, observation_date, status)
VALUES ('a014045f-6df7-4b20-a8b1-3faf01863901', 'eGFR_change_percent', 3.1, NULL, '%'::text, CURRENT_TIMESTAMP, 'final');
INSERT INTO observations (patient_id, observation_type, value_numeric, value_text, unit, observation_date, status)
VALUES ('a014045f-6df7-4b20-a8b1-3faf01863901', 'serum_creatinine', 0.75, NULL, 'mg/dL'::text, CURRENT_TIMESTAMP, 'final');
INSERT INTO observations (patient_id, observation_type, value_numeric, value_text, unit, observation_date, status)
VALUES ('a014045f-6df7-4b20-a8b1-3faf01863901', 'BUN', 41, NULL, 'mg/dL'::text, CURRENT_TIMESTAMP, 'final');
INSERT INTO observations (patient_id, observation_type, value_numeric, value_text, unit, observation_date, status)
VALUES ('a014045f-6df7-4b20-a8b1-3faf01863901', 'uACR', 11.75, NULL, 'mg/g'::text, CURRENT_TIMESTAMP, 'final');
INSERT INTO observations (patient_id, observation_type, value_numeric, value_text, unit, observation_date, status)
VALUES ('a014045f-6df7-4b20-a8b1-3faf01863901', 'proteinuria_category', NULL, 'A1'::text, NULL, CURRENT_TIMESTAMP, 'final');
INSERT INTO observations (patient_id, observation_type, value_numeric, value_text, unit, observation_date, status)
VALUES ('a014045f-6df7-4b20-a8b1-3faf01863901', 'blood_pressure_systolic', 135, NULL, 'mmHg'::text, CURRENT_TIMESTAMP, 'final');
INSERT INTO observations (patient_id, observation_type, value_numeric, value_text, unit, observation_date, status)
VALUES ('a014045f-6df7-4b20-a8b1-3faf01863901', 'blood_pressure_diastolic', 74, NULL, 'mmHg'::text, CURRENT_TIMESTAMP, 'final');
INSERT INTO observations (patient_id, observation_type, value_numeric, value_text, unit, observation_date, status)
VALUES ('a014045f-6df7-4b20-a8b1-3faf01863901', 'HbA1c', 5.6, NULL, '%'::text, CURRENT_TIMESTAMP, 'final');
INSERT INTO observations (patient_id, observation_type, value_numeric, value_text, unit, observation_date, status)
VALUES ('a014045f-6df7-4b20-a8b1-3faf01863901', 'LDL_cholesterol', 173, NULL, 'mg/dL'::text, CURRENT_TIMESTAMP, 'final');
INSERT INTO observations (patient_id, observation_type, value_numeric, value_text, unit, observation_date, status)
VALUES ('a014045f-6df7-4b20-a8b1-3faf01863901', 'HDL_cholesterol', 34, NULL, 'mg/dL'::text, CURRENT_TIMESTAMP, 'final');
INSERT INTO observations (patient_id, observation_type, value_numeric, value_text, unit, observation_date, status)
VALUES ('a014045f-6df7-4b20-a8b1-3faf01863901', 'BMI', 21.6, NULL, 'kg/m²'::text, CURRENT_TIMESTAMP, 'final');
INSERT INTO observations (patient_id, observation_type, value_numeric, value_text, unit, observation_date, status)
VALUES ('a014045f-6df7-4b20-a8b1-3faf01863901', 'hemoglobin', 14.7, NULL, 'g/dL'::text, CURRENT_TIMESTAMP, 'final');
INSERT INTO observations (patient_id, observation_type, value_numeric, value_text, unit, observation_date, status)
VALUES ('a014045f-6df7-4b20-a8b1-3faf01863901', 'potassium', 3.8, NULL, 'mEq/L'::text, CURRENT_TIMESTAMP, 'final');
INSERT INTO observations (patient_id, observation_type, value_numeric, value_text, unit, observation_date, status)
VALUES ('a014045f-6df7-4b20-a8b1-3faf01863901', 'calcium', 9.7, NULL, 'mg/dL'::text, CURRENT_TIMESTAMP, 'final');
INSERT INTO observations (patient_id, observation_type, value_numeric, value_text, unit, observation_date, status)
VALUES ('a014045f-6df7-4b20-a8b1-3faf01863901', 'phosphorus', 3.3, NULL, 'mg/dL'::text, CURRENT_TIMESTAMP, 'final');
INSERT INTO observations (patient_id, observation_type, value_numeric, value_text, unit, observation_date, status)
VALUES ('a014045f-6df7-4b20-a8b1-3faf01863901', 'albumin', 2.5, NULL, 'g/dL'::text, CURRENT_TIMESTAMP, 'final');
INSERT INTO conditions (patient_id, condition_code, condition_name, clinical_status, onset_date, recorded_date, severity)
VALUES ('a014045f-6df7-4b20-a8b1-3faf01863901', 'N18.1', 'Chronic Kidney Disease, Stage 1', 'active', '2023-11-10', CURRENT_TIMESTAMP, 'mild');

-- Patient: Adam Sullivan
INSERT INTO patients (
    id, medical_record_number, first_name, last_name, date_of_birth, gender, email, phone,
    weight, height, smoking_status, cvd_history, family_history_esrd,
    on_ras_inhibitor, on_sglt2i, nephrotoxic_meds, nephrologist_referral,
    diagnosis_date, last_visit_date, next_visit_date
) VALUES (
    'f724a40b-d3d5-4a50-a18f-aa86e7a076c2', 'MRN103'::text, 'Adam'::text, 'Sullivan'::text,
    '1972-11-09', 'male'::text, 'adam.sullivan@email.com'::text, '+1-555-0001',
    98.1, 190, 'Former'::text,
    false, false,
    true, true,
    false, false,
    '2022-08-29', '2025-11-02'::text, '2026-02-07'::text
);
INSERT INTO observations (patient_id, observation_type, value_numeric, value_text, unit, observation_date, status)
VALUES ('f724a40b-d3d5-4a50-a18f-aa86e7a076c2', 'eGFR', 35.51, NULL, 'mL/min/1.73m²'::text, CURRENT_TIMESTAMP, 'final');
INSERT INTO observations (patient_id, observation_type, value_numeric, value_text, unit, observation_date, status)
VALUES ('f724a40b-d3d5-4a50-a18f-aa86e7a076c2', 'eGFR_trend', NULL, 'stable'::text, NULL, CURRENT_TIMESTAMP, 'final');
INSERT INTO observations (patient_id, observation_type, value_numeric, value_text, unit, observation_date, status)
VALUES ('f724a40b-d3d5-4a50-a18f-aa86e7a076c2', 'eGFR_change_percent', -3.2, NULL, '%'::text, CURRENT_TIMESTAMP, 'final');
INSERT INTO observations (patient_id, observation_type, value_numeric, value_text, unit, observation_date, status)
VALUES ('f724a40b-d3d5-4a50-a18f-aa86e7a076c2', 'serum_creatinine', 1.83, NULL, 'mg/dL'::text, CURRENT_TIMESTAMP, 'final');
INSERT INTO observations (patient_id, observation_type, value_numeric, value_text, unit, observation_date, status)
VALUES ('f724a40b-d3d5-4a50-a18f-aa86e7a076c2', 'BUN', 90, NULL, 'mg/dL'::text, CURRENT_TIMESTAMP, 'final');
INSERT INTO observations (patient_id, observation_type, value_numeric, value_text, unit, observation_date, status)
VALUES ('f724a40b-d3d5-4a50-a18f-aa86e7a076c2', 'uACR', 194.41, NULL, 'mg/g'::text, CURRENT_TIMESTAMP, 'final');
INSERT INTO observations (patient_id, observation_type, value_numeric, value_text, unit, observation_date, status)
VALUES ('f724a40b-d3d5-4a50-a18f-aa86e7a076c2', 'proteinuria_category', NULL, 'A3'::text, NULL, CURRENT_TIMESTAMP, 'final');
INSERT INTO observations (patient_id, observation_type, value_numeric, value_text, unit, observation_date, status)
VALUES ('f724a40b-d3d5-4a50-a18f-aa86e7a076c2', 'blood_pressure_systolic', 147, NULL, 'mmHg'::text, CURRENT_TIMESTAMP, 'final');
INSERT INTO observations (patient_id, observation_type, value_numeric, value_text, unit, observation_date, status)
VALUES ('f724a40b-d3d5-4a50-a18f-aa86e7a076c2', 'blood_pressure_diastolic', 81, NULL, 'mmHg'::text, CURRENT_TIMESTAMP, 'final');
INSERT INTO observations (patient_id, observation_type, value_numeric, value_text, unit, observation_date, status)
VALUES ('f724a40b-d3d5-4a50-a18f-aa86e7a076c2', 'HbA1c', 7.6, NULL, '%'::text, CURRENT_TIMESTAMP, 'final');
INSERT INTO observations (patient_id, observation_type, value_numeric, value_text, unit, observation_date, status)
VALUES ('f724a40b-d3d5-4a50-a18f-aa86e7a076c2', 'LDL_cholesterol', 116, NULL, 'mg/dL'::text, CURRENT_TIMESTAMP, 'final');
INSERT INTO observations (patient_id, observation_type, value_numeric, value_text, unit, observation_date, status)
VALUES ('f724a40b-d3d5-4a50-a18f-aa86e7a076c2', 'HDL_cholesterol', 64, NULL, 'mg/dL'::text, CURRENT_TIMESTAMP, 'final');
INSERT INTO observations (patient_id, observation_type, value_numeric, value_text, unit, observation_date, status)
VALUES ('f724a40b-d3d5-4a50-a18f-aa86e7a076c2', 'BMI', 27.2, NULL, 'kg/m²'::text, CURRENT_TIMESTAMP, 'final');
INSERT INTO observations (patient_id, observation_type, value_numeric, value_text, unit, observation_date, status)
VALUES ('f724a40b-d3d5-4a50-a18f-aa86e7a076c2', 'hemoglobin', 12.9, NULL, 'g/dL'::text, CURRENT_TIMESTAMP, 'final');
INSERT INTO observations (patient_id, observation_type, value_numeric, value_text, unit, observation_date, status)
VALUES ('f724a40b-d3d5-4a50-a18f-aa86e7a076c2', 'potassium', 4.9, NULL, 'mEq/L'::text, CURRENT_TIMESTAMP, 'final');
INSERT INTO observations (patient_id, observation_type, value_numeric, value_text, unit, observation_date, status)
VALUES ('f724a40b-d3d5-4a50-a18f-aa86e7a076c2', 'calcium', 9.4, NULL, 'mg/dL'::text, CURRENT_TIMESTAMP, 'final');
INSERT INTO observations (patient_id, observation_type, value_numeric, value_text, unit, observation_date, status)
VALUES ('f724a40b-d3d5-4a50-a18f-aa86e7a076c2', 'phosphorus', 4.5, NULL, 'mg/dL'::text, CURRENT_TIMESTAMP, 'final');
INSERT INTO observations (patient_id, observation_type, value_numeric, value_text, unit, observation_date, status)
VALUES ('f724a40b-d3d5-4a50-a18f-aa86e7a076c2', 'albumin', 3.0, NULL, 'g/dL'::text, CURRENT_TIMESTAMP, 'final');
INSERT INTO conditions (patient_id, condition_code, condition_name, clinical_status, onset_date, recorded_date, severity)
VALUES ('f724a40b-d3d5-4a50-a18f-aa86e7a076c2', 'E11.9', 'Type 2 Diabetes Mellitus', 'active', '2022-08-29', CURRENT_TIMESTAMP, 'moderate');
INSERT INTO conditions (patient_id, condition_code, condition_name, clinical_status, onset_date, recorded_date, severity)
VALUES ('f724a40b-d3d5-4a50-a18f-aa86e7a076c2', 'I10', 'Essential Hypertension', 'active', '2022-08-29', CURRENT_TIMESTAMP, 'moderate');
INSERT INTO conditions (patient_id, condition_code, condition_name, clinical_status, onset_date, recorded_date, severity)
VALUES ('f724a40b-d3d5-4a50-a18f-aa86e7a076c2', 'N18.3', 'Chronic Kidney Disease, Stage 3', 'active', '2022-08-29', CURRENT_TIMESTAMP, 'moderate');

-- Patient: Martin Simpson
INSERT INTO patients (
    id, medical_record_number, first_name, last_name, date_of_birth, gender, email, phone,
    weight, height, smoking_status, cvd_history, family_history_esrd,
    on_ras_inhibitor, on_sglt2i, nephrotoxic_meds, nephrologist_referral,
    diagnosis_date, last_visit_date, next_visit_date
) VALUES (
    'daa0cf0c-b90f-4693-9d87-f304c792f0e2', 'MRN104'::text, 'Martin'::text, 'Simpson'::text,
    '1981-11-09', 'male'::text, 'martin.simpson@email.com'::text, '+1-555-0001',
    68.2, 178, 'Never'::text,
    false, false,
    false, false,
    false, false,
    NULL, '2025-11-01'::text, '2026-03-15'::text
);
INSERT INTO observations (patient_id, observation_type, value_numeric, value_text, unit, observation_date, status)
VALUES ('daa0cf0c-b90f-4693-9d87-f304c792f0e2', 'eGFR', 118.49, NULL, 'mL/min/1.73m²'::text, CURRENT_TIMESTAMP, 'final');
INSERT INTO observations (patient_id, observation_type, value_numeric, value_text, unit, observation_date, status)
VALUES ('daa0cf0c-b90f-4693-9d87-f304c792f0e2', 'eGFR_trend', NULL, 'stable'::text, NULL, CURRENT_TIMESTAMP, 'final');
INSERT INTO observations (patient_id, observation_type, value_numeric, value_text, unit, observation_date, status)
VALUES ('daa0cf0c-b90f-4693-9d87-f304c792f0e2', 'eGFR_change_percent', -0.8, NULL, '%'::text, CURRENT_TIMESTAMP, 'final');
INSERT INTO observations (patient_id, observation_type, value_numeric, value_text, unit, observation_date, status)
VALUES ('daa0cf0c-b90f-4693-9d87-f304c792f0e2', 'serum_creatinine', 0.93, NULL, 'mg/dL'::text, CURRENT_TIMESTAMP, 'final');
INSERT INTO observations (patient_id, observation_type, value_numeric, value_text, unit, observation_date, status)
VALUES ('daa0cf0c-b90f-4693-9d87-f304c792f0e2', 'BUN', 43, NULL, 'mg/dL'::text, CURRENT_TIMESTAMP, 'final');
INSERT INTO observations (patient_id, observation_type, value_numeric, value_text, unit, observation_date, status)
VALUES ('daa0cf0c-b90f-4693-9d87-f304c792f0e2', 'uACR', 10.73, NULL, 'mg/g'::text, CURRENT_TIMESTAMP, 'final');
INSERT INTO observations (patient_id, observation_type, value_numeric, value_text, unit, observation_date, status)
VALUES ('daa0cf0c-b90f-4693-9d87-f304c792f0e2', 'proteinuria_category', NULL, 'A1'::text, NULL, CURRENT_TIMESTAMP, 'final');
INSERT INTO observations (patient_id, observation_type, value_numeric, value_text, unit, observation_date, status)
VALUES ('daa0cf0c-b90f-4693-9d87-f304c792f0e2', 'blood_pressure_systolic', 117, NULL, 'mmHg'::text, CURRENT_TIMESTAMP, 'final');
INSERT INTO observations (patient_id, observation_type, value_numeric, value_text, unit, observation_date, status)
VALUES ('daa0cf0c-b90f-4693-9d87-f304c792f0e2', 'blood_pressure_diastolic', 84, NULL, 'mmHg'::text, CURRENT_TIMESTAMP, 'final');
INSERT INTO observations (patient_id, observation_type, value_numeric, value_text, unit, observation_date, status)
VALUES ('daa0cf0c-b90f-4693-9d87-f304c792f0e2', 'HbA1c', 5.3, NULL, '%'::text, CURRENT_TIMESTAMP, 'final');
INSERT INTO observations (patient_id, observation_type, value_numeric, value_text, unit, observation_date, status)
VALUES ('daa0cf0c-b90f-4693-9d87-f304c792f0e2', 'LDL_cholesterol', 148, NULL, 'mg/dL'::text, CURRENT_TIMESTAMP, 'final');
INSERT INTO observations (patient_id, observation_type, value_numeric, value_text, unit, observation_date, status)
VALUES ('daa0cf0c-b90f-4693-9d87-f304c792f0e2', 'HDL_cholesterol', 47, NULL, 'mg/dL'::text, CURRENT_TIMESTAMP, 'final');
INSERT INTO observations (patient_id, observation_type, value_numeric, value_text, unit, observation_date, status)
VALUES ('daa0cf0c-b90f-4693-9d87-f304c792f0e2', 'BMI', 21.5, NULL, 'kg/m²'::text, CURRENT_TIMESTAMP, 'final');
INSERT INTO observations (patient_id, observation_type, value_numeric, value_text, unit, observation_date, status)
VALUES ('daa0cf0c-b90f-4693-9d87-f304c792f0e2', 'hemoglobin', 13.7, NULL, 'g/dL'::text, CURRENT_TIMESTAMP, 'final');
INSERT INTO observations (patient_id, observation_type, value_numeric, value_text, unit, observation_date, status)
VALUES ('daa0cf0c-b90f-4693-9d87-f304c792f0e2', 'potassium', 4.6, NULL, 'mEq/L'::text, CURRENT_TIMESTAMP, 'final');
INSERT INTO observations (patient_id, observation_type, value_numeric, value_text, unit, observation_date, status)
VALUES ('daa0cf0c-b90f-4693-9d87-f304c792f0e2', 'calcium', 8.7, NULL, 'mg/dL'::text, CURRENT_TIMESTAMP, 'final');
INSERT INTO observations (patient_id, observation_type, value_numeric, value_text, unit, observation_date, status)
VALUES ('daa0cf0c-b90f-4693-9d87-f304c792f0e2', 'phosphorus', 3.6, NULL, 'mg/dL'::text, CURRENT_TIMESTAMP, 'final');
INSERT INTO observations (patient_id, observation_type, value_numeric, value_text, unit, observation_date, status)
VALUES ('daa0cf0c-b90f-4693-9d87-f304c792f0e2', 'albumin', 3.8, NULL, 'g/dL'::text, CURRENT_TIMESTAMP, 'final');

-- Patient: Gabriel Lawrence
INSERT INTO patients (
    id, medical_record_number, first_name, last_name, date_of_birth, gender, email, phone,
    weight, height, smoking_status, cvd_history, family_history_esrd,
    on_ras_inhibitor, on_sglt2i, nephrotoxic_meds, nephrologist_referral,
    diagnosis_date, last_visit_date, next_visit_date
) VALUES (
    'df296367-7ba7-45c3-979e-19f5d8844a3f', 'MRN105'::text, 'Gabriel'::text, 'Lawrence'::text,
    '1979-11-09', 'male'::text, 'gabriel.lawrence@email.com'::text, '+1-555-0001',
    118.8, 167, 'Current'::text,
    false, false,
    false, true,
    false, false,
    '2025-04-04', '2025-10-21'::text, '2026-03-28'::text
);
INSERT INTO observations (patient_id, observation_type, value_numeric, value_text, unit, observation_date, status)
VALUES ('df296367-7ba7-45c3-979e-19f5d8844a3f', 'eGFR', 74.36, NULL, 'mL/min/1.73m²'::text, CURRENT_TIMESTAMP, 'final');
INSERT INTO observations (patient_id, observation_type, value_numeric, value_text, unit, observation_date, status)
VALUES ('df296367-7ba7-45c3-979e-19f5d8844a3f', 'eGFR_trend', NULL, 'up'::text, NULL, CURRENT_TIMESTAMP, 'final');
INSERT INTO observations (patient_id, observation_type, value_numeric, value_text, unit, observation_date, status)
VALUES ('df296367-7ba7-45c3-979e-19f5d8844a3f', 'eGFR_change_percent', 3.9, NULL, '%'::text, CURRENT_TIMESTAMP, 'final');
INSERT INTO observations (patient_id, observation_type, value_numeric, value_text, unit, observation_date, status)
VALUES ('df296367-7ba7-45c3-979e-19f5d8844a3f', 'serum_creatinine', 0.96, NULL, 'mg/dL'::text, CURRENT_TIMESTAMP, 'final');
INSERT INTO observations (patient_id, observation_type, value_numeric, value_text, unit, observation_date, status)
VALUES ('df296367-7ba7-45c3-979e-19f5d8844a3f', 'BUN', 118, NULL, 'mg/dL'::text, CURRENT_TIMESTAMP, 'final');
INSERT INTO observations (patient_id, observation_type, value_numeric, value_text, unit, observation_date, status)
VALUES ('df296367-7ba7-45c3-979e-19f5d8844a3f', 'uACR', 38.35, NULL, 'mg/g'::text, CURRENT_TIMESTAMP, 'final');
INSERT INTO observations (patient_id, observation_type, value_numeric, value_text, unit, observation_date, status)
VALUES ('df296367-7ba7-45c3-979e-19f5d8844a3f', 'proteinuria_category', NULL, 'A2'::text, NULL, CURRENT_TIMESTAMP, 'final');
INSERT INTO observations (patient_id, observation_type, value_numeric, value_text, unit, observation_date, status)
VALUES ('df296367-7ba7-45c3-979e-19f5d8844a3f', 'blood_pressure_systolic', 135, NULL, 'mmHg'::text, CURRENT_TIMESTAMP, 'final');
INSERT INTO observations (patient_id, observation_type, value_numeric, value_text, unit, observation_date, status)
VALUES ('df296367-7ba7-45c3-979e-19f5d8844a3f', 'blood_pressure_diastolic', 85, NULL, 'mmHg'::text, CURRENT_TIMESTAMP, 'final');
INSERT INTO observations (patient_id, observation_type, value_numeric, value_text, unit, observation_date, status)
VALUES ('df296367-7ba7-45c3-979e-19f5d8844a3f', 'HbA1c', 9.4, NULL, '%'::text, CURRENT_TIMESTAMP, 'final');
INSERT INTO observations (patient_id, observation_type, value_numeric, value_text, unit, observation_date, status)
VALUES ('df296367-7ba7-45c3-979e-19f5d8844a3f', 'LDL_cholesterol', 164, NULL, 'mg/dL'::text, CURRENT_TIMESTAMP, 'final');
INSERT INTO observations (patient_id, observation_type, value_numeric, value_text, unit, observation_date, status)
VALUES ('df296367-7ba7-45c3-979e-19f5d8844a3f', 'HDL_cholesterol', 60, NULL, 'mg/dL'::text, CURRENT_TIMESTAMP, 'final');
INSERT INTO observations (patient_id, observation_type, value_numeric, value_text, unit, observation_date, status)
VALUES ('df296367-7ba7-45c3-979e-19f5d8844a3f', 'BMI', 42.6, NULL, 'kg/m²'::text, CURRENT_TIMESTAMP, 'final');
INSERT INTO observations (patient_id, observation_type, value_numeric, value_text, unit, observation_date, status)
VALUES ('df296367-7ba7-45c3-979e-19f5d8844a3f', 'hemoglobin', 13.0, NULL, 'g/dL'::text, CURRENT_TIMESTAMP, 'final');
INSERT INTO observations (patient_id, observation_type, value_numeric, value_text, unit, observation_date, status)
VALUES ('df296367-7ba7-45c3-979e-19f5d8844a3f', 'potassium', 4.2, NULL, 'mEq/L'::text, CURRENT_TIMESTAMP, 'final');
INSERT INTO observations (patient_id, observation_type, value_numeric, value_text, unit, observation_date, status)
VALUES ('df296367-7ba7-45c3-979e-19f5d8844a3f', 'calcium', 8.2, NULL, 'mg/dL'::text, CURRENT_TIMESTAMP, 'final');
INSERT INTO observations (patient_id, observation_type, value_numeric, value_text, unit, observation_date, status)
VALUES ('df296367-7ba7-45c3-979e-19f5d8844a3f', 'phosphorus', 3.6, NULL, 'mg/dL'::text, CURRENT_TIMESTAMP, 'final');
INSERT INTO observations (patient_id, observation_type, value_numeric, value_text, unit, observation_date, status)
VALUES ('df296367-7ba7-45c3-979e-19f5d8844a3f', 'albumin', 2.5, NULL, 'g/dL'::text, CURRENT_TIMESTAMP, 'final');
INSERT INTO conditions (patient_id, condition_code, condition_name, clinical_status, onset_date, recorded_date, severity)
VALUES ('df296367-7ba7-45c3-979e-19f5d8844a3f', 'E11.9', 'Type 2 Diabetes Mellitus', 'active', '2025-04-04', CURRENT_TIMESTAMP, 'moderate');
INSERT INTO conditions (patient_id, condition_code, condition_name, clinical_status, onset_date, recorded_date, severity)
VALUES ('df296367-7ba7-45c3-979e-19f5d8844a3f', 'I10', 'Essential Hypertension', 'active', '2025-04-04', CURRENT_TIMESTAMP, 'moderate');
INSERT INTO conditions (patient_id, condition_code, condition_name, clinical_status, onset_date, recorded_date, severity)
VALUES ('df296367-7ba7-45c3-979e-19f5d8844a3f', 'N18.2', 'Chronic Kidney Disease, Stage 2', 'active', '2025-04-04', CURRENT_TIMESTAMP, 'mild');

-- Patient: Benjamin Patterson
INSERT INTO patients (
    id, medical_record_number, first_name, last_name, date_of_birth, gender, email, phone,
    weight, height, smoking_status, cvd_history, family_history_esrd,
    on_ras_inhibitor, on_sglt2i, nephrotoxic_meds, nephrologist_referral,
    diagnosis_date, last_visit_date, next_visit_date
) VALUES (
    '03e49763-6958-4502-b16d-b478c9b10c73', 'MRN106'::text, 'Benjamin'::text, 'Patterson'::text,
    '1956-11-09', 'male'::text, 'benjamin.patterson@email.com'::text, '+1-555-0001',
    70.7, 189, 'Never'::text,
    false, false,
    true, true,
    true, false,
    '2021-07-23', '2025-10-31'::text, '2026-02-07'::text
);
INSERT INTO observations (patient_id, observation_type, value_numeric, value_text, unit, observation_date, status)
VALUES ('03e49763-6958-4502-b16d-b478c9b10c73', 'eGFR', 52.72, NULL, 'mL/min/1.73m²'::text, CURRENT_TIMESTAMP, 'final');
INSERT INTO observations (patient_id, observation_type, value_numeric, value_text, unit, observation_date, status)
VALUES ('03e49763-6958-4502-b16d-b478c9b10c73', 'eGFR_trend', NULL, 'down'::text, NULL, CURRENT_TIMESTAMP, 'final');
INSERT INTO observations (patient_id, observation_type, value_numeric, value_text, unit, observation_date, status)
VALUES ('03e49763-6958-4502-b16d-b478c9b10c73', 'eGFR_change_percent', -4.2, NULL, '%'::text, CURRENT_TIMESTAMP, 'final');
INSERT INTO observations (patient_id, observation_type, value_numeric, value_text, unit, observation_date, status)
VALUES ('03e49763-6958-4502-b16d-b478c9b10c73', 'serum_creatinine', 1.74, NULL, 'mg/dL'::text, CURRENT_TIMESTAMP, 'final');
INSERT INTO observations (patient_id, observation_type, value_numeric, value_text, unit, observation_date, status)
VALUES ('03e49763-6958-4502-b16d-b478c9b10c73', 'BUN', 168, NULL, 'mg/dL'::text, CURRENT_TIMESTAMP, 'final');
INSERT INTO observations (patient_id, observation_type, value_numeric, value_text, unit, observation_date, status)
VALUES ('03e49763-6958-4502-b16d-b478c9b10c73', 'uACR', 217.68, NULL, 'mg/g'::text, CURRENT_TIMESTAMP, 'final');
INSERT INTO observations (patient_id, observation_type, value_numeric, value_text, unit, observation_date, status)
VALUES ('03e49763-6958-4502-b16d-b478c9b10c73', 'proteinuria_category', NULL, 'A2'::text, NULL, CURRENT_TIMESTAMP, 'final');
INSERT INTO observations (patient_id, observation_type, value_numeric, value_text, unit, observation_date, status)
VALUES ('03e49763-6958-4502-b16d-b478c9b10c73', 'blood_pressure_systolic', 132, NULL, 'mmHg'::text, CURRENT_TIMESTAMP, 'final');
INSERT INTO observations (patient_id, observation_type, value_numeric, value_text, unit, observation_date, status)
VALUES ('03e49763-6958-4502-b16d-b478c9b10c73', 'blood_pressure_diastolic', 88, NULL, 'mmHg'::text, CURRENT_TIMESTAMP, 'final');
INSERT INTO observations (patient_id, observation_type, value_numeric, value_text, unit, observation_date, status)
VALUES ('03e49763-6958-4502-b16d-b478c9b10c73', 'HbA1c', 7.5, NULL, '%'::text, CURRENT_TIMESTAMP, 'final');
INSERT INTO observations (patient_id, observation_type, value_numeric, value_text, unit, observation_date, status)
VALUES ('03e49763-6958-4502-b16d-b478c9b10c73', 'LDL_cholesterol', 173, NULL, 'mg/dL'::text, CURRENT_TIMESTAMP, 'final');
INSERT INTO observations (patient_id, observation_type, value_numeric, value_text, unit, observation_date, status)
VALUES ('03e49763-6958-4502-b16d-b478c9b10c73', 'HDL_cholesterol', 39, NULL, 'mg/dL'::text, CURRENT_TIMESTAMP, 'final');
INSERT INTO observations (patient_id, observation_type, value_numeric, value_text, unit, observation_date, status)
VALUES ('03e49763-6958-4502-b16d-b478c9b10c73', 'BMI', 19.8, NULL, 'kg/m²'::text, CURRENT_TIMESTAMP, 'final');
INSERT INTO observations (patient_id, observation_type, value_numeric, value_text, unit, observation_date, status)
VALUES ('03e49763-6958-4502-b16d-b478c9b10c73', 'hemoglobin', 12.4, NULL, 'g/dL'::text, CURRENT_TIMESTAMP, 'final');
INSERT INTO observations (patient_id, observation_type, value_numeric, value_text, unit, observation_date, status)
VALUES ('03e49763-6958-4502-b16d-b478c9b10c73', 'potassium', 4.2, NULL, 'mEq/L'::text, CURRENT_TIMESTAMP, 'final');
INSERT INTO observations (patient_id, observation_type, value_numeric, value_text, unit, observation_date, status)
VALUES ('03e49763-6958-4502-b16d-b478c9b10c73', 'calcium', 9.5, NULL, 'mg/dL'::text, CURRENT_TIMESTAMP, 'final');
INSERT INTO observations (patient_id, observation_type, value_numeric, value_text, unit, observation_date, status)
VALUES ('03e49763-6958-4502-b16d-b478c9b10c73', 'phosphorus', 4.8, NULL, 'mg/dL'::text, CURRENT_TIMESTAMP, 'final');
INSERT INTO observations (patient_id, observation_type, value_numeric, value_text, unit, observation_date, status)
VALUES ('03e49763-6958-4502-b16d-b478c9b10c73', 'albumin', 3.0, NULL, 'g/dL'::text, CURRENT_TIMESTAMP, 'final');
INSERT INTO conditions (patient_id, condition_code, condition_name, clinical_status, onset_date, recorded_date, severity)
VALUES ('03e49763-6958-4502-b16d-b478c9b10c73', 'E11.9', 'Type 2 Diabetes Mellitus', 'active', '2021-07-23', CURRENT_TIMESTAMP, 'moderate');
INSERT INTO conditions (patient_id, condition_code, condition_name, clinical_status, onset_date, recorded_date, severity)
VALUES ('03e49763-6958-4502-b16d-b478c9b10c73', 'I10', 'Essential Hypertension', 'active', '2021-07-23', CURRENT_TIMESTAMP, 'moderate');
INSERT INTO conditions (patient_id, condition_code, condition_name, clinical_status, onset_date, recorded_date, severity)
VALUES ('03e49763-6958-4502-b16d-b478c9b10c73', 'N18.3', 'Chronic Kidney Disease, Stage 3', 'active', '2021-07-23', CURRENT_TIMESTAMP, 'moderate');

-- Patient: Melissa Washington
INSERT INTO patients (
    id, medical_record_number, first_name, last_name, date_of_birth, gender, email, phone,
    weight, height, smoking_status, cvd_history, family_history_esrd,
    on_ras_inhibitor, on_sglt2i, nephrotoxic_meds, nephrologist_referral,
    diagnosis_date, last_visit_date, next_visit_date
) VALUES (
    'aaa2360a-8339-4f91-9642-912887ed6423', 'MRN107'::text, 'Melissa'::text, 'Washington'::text,
    '1960-11-09', 'female'::text, 'melissa.washington@email.com'::text, '+1-555-0001',
    83.0, 160, 'Never'::text,
    false, false,
    true, false,
    false, false,
    '2024-08-28', '2025-10-21'::text, '2026-04-14'::text
);
INSERT INTO observations (patient_id, observation_type, value_numeric, value_text, unit, observation_date, status)
VALUES ('aaa2360a-8339-4f91-9642-912887ed6423', 'eGFR', 86.17, NULL, 'mL/min/1.73m²'::text, CURRENT_TIMESTAMP, 'final');
INSERT INTO observations (patient_id, observation_type, value_numeric, value_text, unit, observation_date, status)
VALUES ('aaa2360a-8339-4f91-9642-912887ed6423', 'eGFR_trend', NULL, 'down'::text, NULL, CURRENT_TIMESTAMP, 'final');
INSERT INTO observations (patient_id, observation_type, value_numeric, value_text, unit, observation_date, status)
VALUES ('aaa2360a-8339-4f91-9642-912887ed6423', 'eGFR_change_percent', 4.2, NULL, '%'::text, CURRENT_TIMESTAMP, 'final');
INSERT INTO observations (patient_id, observation_type, value_numeric, value_text, unit, observation_date, status)
VALUES ('aaa2360a-8339-4f91-9642-912887ed6423', 'serum_creatinine', 0.97, NULL, 'mg/dL'::text, CURRENT_TIMESTAMP, 'final');
INSERT INTO observations (patient_id, observation_type, value_numeric, value_text, unit, observation_date, status)
VALUES ('aaa2360a-8339-4f91-9642-912887ed6423', 'BUN', 48, NULL, 'mg/dL'::text, CURRENT_TIMESTAMP, 'final');
INSERT INTO observations (patient_id, observation_type, value_numeric, value_text, unit, observation_date, status)
VALUES ('aaa2360a-8339-4f91-9642-912887ed6423', 'uACR', 47.42, NULL, 'mg/g'::text, CURRENT_TIMESTAMP, 'final');
INSERT INTO observations (patient_id, observation_type, value_numeric, value_text, unit, observation_date, status)
VALUES ('aaa2360a-8339-4f91-9642-912887ed6423', 'proteinuria_category', NULL, 'A1'::text, NULL, CURRENT_TIMESTAMP, 'final');
INSERT INTO observations (patient_id, observation_type, value_numeric, value_text, unit, observation_date, status)
VALUES ('aaa2360a-8339-4f91-9642-912887ed6423', 'blood_pressure_systolic', 121, NULL, 'mmHg'::text, CURRENT_TIMESTAMP, 'final');
INSERT INTO observations (patient_id, observation_type, value_numeric, value_text, unit, observation_date, status)
VALUES ('aaa2360a-8339-4f91-9642-912887ed6423', 'blood_pressure_diastolic', 87, NULL, 'mmHg'::text, CURRENT_TIMESTAMP, 'final');
INSERT INTO observations (patient_id, observation_type, value_numeric, value_text, unit, observation_date, status)
VALUES ('aaa2360a-8339-4f91-9642-912887ed6423', 'HbA1c', 9.2, NULL, '%'::text, CURRENT_TIMESTAMP, 'final');
INSERT INTO observations (patient_id, observation_type, value_numeric, value_text, unit, observation_date, status)
VALUES ('aaa2360a-8339-4f91-9642-912887ed6423', 'LDL_cholesterol', 165, NULL, 'mg/dL'::text, CURRENT_TIMESTAMP, 'final');
INSERT INTO observations (patient_id, observation_type, value_numeric, value_text, unit, observation_date, status)
VALUES ('aaa2360a-8339-4f91-9642-912887ed6423', 'HDL_cholesterol', 51, NULL, 'mg/dL'::text, CURRENT_TIMESTAMP, 'final');
INSERT INTO observations (patient_id, observation_type, value_numeric, value_text, unit, observation_date, status)
VALUES ('aaa2360a-8339-4f91-9642-912887ed6423', 'BMI', 32.4, NULL, 'kg/m²'::text, CURRENT_TIMESTAMP, 'final');
INSERT INTO observations (patient_id, observation_type, value_numeric, value_text, unit, observation_date, status)
VALUES ('aaa2360a-8339-4f91-9642-912887ed6423', 'hemoglobin', 13.1, NULL, 'g/dL'::text, CURRENT_TIMESTAMP, 'final');
INSERT INTO observations (patient_id, observation_type, value_numeric, value_text, unit, observation_date, status)
VALUES ('aaa2360a-8339-4f91-9642-912887ed6423', 'potassium', 4.1, NULL, 'mEq/L'::text, CURRENT_TIMESTAMP, 'final');
INSERT INTO observations (patient_id, observation_type, value_numeric, value_text, unit, observation_date, status)
VALUES ('aaa2360a-8339-4f91-9642-912887ed6423', 'calcium', 9.6, NULL, 'mg/dL'::text, CURRENT_TIMESTAMP, 'final');
INSERT INTO observations (patient_id, observation_type, value_numeric, value_text, unit, observation_date, status)
VALUES ('aaa2360a-8339-4f91-9642-912887ed6423', 'phosphorus', 3.5, NULL, 'mg/dL'::text, CURRENT_TIMESTAMP, 'final');
INSERT INTO observations (patient_id, observation_type, value_numeric, value_text, unit, observation_date, status)
VALUES ('aaa2360a-8339-4f91-9642-912887ed6423', 'albumin', 3.5, NULL, 'g/dL'::text, CURRENT_TIMESTAMP, 'final');
INSERT INTO conditions (patient_id, condition_code, condition_name, clinical_status, onset_date, recorded_date, severity)
VALUES ('aaa2360a-8339-4f91-9642-912887ed6423', 'E11.9', 'Type 2 Diabetes Mellitus', 'active', '2024-08-28', CURRENT_TIMESTAMP, 'moderate');
INSERT INTO conditions (patient_id, condition_code, condition_name, clinical_status, onset_date, recorded_date, severity)
VALUES ('aaa2360a-8339-4f91-9642-912887ed6423', 'I10', 'Essential Hypertension', 'active', '2024-08-28', CURRENT_TIMESTAMP, 'moderate');
INSERT INTO conditions (patient_id, condition_code, condition_name, clinical_status, onset_date, recorded_date, severity)
VALUES ('aaa2360a-8339-4f91-9642-912887ed6423', 'N18.2', 'Chronic Kidney Disease, Stage 2', 'active', '2024-08-28', CURRENT_TIMESTAMP, 'mild');

-- Patient: Rebecca Patterson
INSERT INTO patients (
    id, medical_record_number, first_name, last_name, date_of_birth, gender, email, phone,
    weight, height, smoking_status, cvd_history, family_history_esrd,
    on_ras_inhibitor, on_sglt2i, nephrotoxic_meds, nephrologist_referral,
    diagnosis_date, last_visit_date, next_visit_date
) VALUES (
    'f1a98f64-3d06-428d-887a-e4bba5b0ae1a', 'MRN108'::text, 'Rebecca'::text, 'Patterson'::text,
    '1964-11-09', 'female'::text, 'rebecca.patterson@email.com'::text, '+1-555-0001',
    94.5, 179, 'Never'::text,
    false, false,
    true, false,
    false, true,
    '2019-12-17', '2025-10-29'::text, '2025-11-28'::text
);
INSERT INTO observations (patient_id, observation_type, value_numeric, value_text, unit, observation_date, status)
VALUES ('f1a98f64-3d06-428d-887a-e4bba5b0ae1a', 'eGFR', 24.78, NULL, 'mL/min/1.73m²'::text, CURRENT_TIMESTAMP, 'final');
INSERT INTO observations (patient_id, observation_type, value_numeric, value_text, unit, observation_date, status)
VALUES ('f1a98f64-3d06-428d-887a-e4bba5b0ae1a', 'eGFR_trend', NULL, 'down'::text, NULL, CURRENT_TIMESTAMP, 'final');
INSERT INTO observations (patient_id, observation_type, value_numeric, value_text, unit, observation_date, status)
VALUES ('f1a98f64-3d06-428d-887a-e4bba5b0ae1a', 'eGFR_change_percent', -19.9, NULL, '%'::text, CURRENT_TIMESTAMP, 'final');
INSERT INTO observations (patient_id, observation_type, value_numeric, value_text, unit, observation_date, status)
VALUES ('f1a98f64-3d06-428d-887a-e4bba5b0ae1a', 'serum_creatinine', 2.32, NULL, 'mg/dL'::text, CURRENT_TIMESTAMP, 'final');
INSERT INTO observations (patient_id, observation_type, value_numeric, value_text, unit, observation_date, status)
VALUES ('f1a98f64-3d06-428d-887a-e4bba5b0ae1a', 'BUN', 73, NULL, 'mg/dL'::text, CURRENT_TIMESTAMP, 'final');
INSERT INTO observations (patient_id, observation_type, value_numeric, value_text, unit, observation_date, status)
VALUES ('f1a98f64-3d06-428d-887a-e4bba5b0ae1a', 'uACR', 780.48, NULL, 'mg/g'::text, CURRENT_TIMESTAMP, 'final');
INSERT INTO observations (patient_id, observation_type, value_numeric, value_text, unit, observation_date, status)
VALUES ('f1a98f64-3d06-428d-887a-e4bba5b0ae1a', 'proteinuria_category', NULL, 'A3'::text, NULL, CURRENT_TIMESTAMP, 'final');
INSERT INTO observations (patient_id, observation_type, value_numeric, value_text, unit, observation_date, status)
VALUES ('f1a98f64-3d06-428d-887a-e4bba5b0ae1a', 'blood_pressure_systolic', 180, NULL, 'mmHg'::text, CURRENT_TIMESTAMP, 'final');
INSERT INTO observations (patient_id, observation_type, value_numeric, value_text, unit, observation_date, status)
VALUES ('f1a98f64-3d06-428d-887a-e4bba5b0ae1a', 'blood_pressure_diastolic', 95, NULL, 'mmHg'::text, CURRENT_TIMESTAMP, 'final');
INSERT INTO observations (patient_id, observation_type, value_numeric, value_text, unit, observation_date, status)
VALUES ('f1a98f64-3d06-428d-887a-e4bba5b0ae1a', 'HbA1c', 5.6, NULL, '%'::text, CURRENT_TIMESTAMP, 'final');
INSERT INTO observations (patient_id, observation_type, value_numeric, value_text, unit, observation_date, status)
VALUES ('f1a98f64-3d06-428d-887a-e4bba5b0ae1a', 'LDL_cholesterol', 153, NULL, 'mg/dL'::text, CURRENT_TIMESTAMP, 'final');
INSERT INTO observations (patient_id, observation_type, value_numeric, value_text, unit, observation_date, status)
VALUES ('f1a98f64-3d06-428d-887a-e4bba5b0ae1a', 'HDL_cholesterol', 60, NULL, 'mg/dL'::text, CURRENT_TIMESTAMP, 'final');
INSERT INTO observations (patient_id, observation_type, value_numeric, value_text, unit, observation_date, status)
VALUES ('f1a98f64-3d06-428d-887a-e4bba5b0ae1a', 'BMI', 29.5, NULL, 'kg/m²'::text, CURRENT_TIMESTAMP, 'final');
INSERT INTO observations (patient_id, observation_type, value_numeric, value_text, unit, observation_date, status)
VALUES ('f1a98f64-3d06-428d-887a-e4bba5b0ae1a', 'hemoglobin', 8.7, NULL, 'g/dL'::text, CURRENT_TIMESTAMP, 'final');
INSERT INTO observations (patient_id, observation_type, value_numeric, value_text, unit, observation_date, status)
VALUES ('f1a98f64-3d06-428d-887a-e4bba5b0ae1a', 'potassium', 5.5, NULL, 'mEq/L'::text, CURRENT_TIMESTAMP, 'final');
INSERT INTO observations (patient_id, observation_type, value_numeric, value_text, unit, observation_date, status)
VALUES ('f1a98f64-3d06-428d-887a-e4bba5b0ae1a', 'calcium', 9.5, NULL, 'mg/dL'::text, CURRENT_TIMESTAMP, 'final');
INSERT INTO observations (patient_id, observation_type, value_numeric, value_text, unit, observation_date, status)
VALUES ('f1a98f64-3d06-428d-887a-e4bba5b0ae1a', 'phosphorus', 7.1, NULL, 'mg/dL'::text, CURRENT_TIMESTAMP, 'final');
INSERT INTO observations (patient_id, observation_type, value_numeric, value_text, unit, observation_date, status)
VALUES ('f1a98f64-3d06-428d-887a-e4bba5b0ae1a', 'albumin', 3.4, NULL, 'g/dL'::text, CURRENT_TIMESTAMP, 'final');
INSERT INTO conditions (patient_id, condition_code, condition_name, clinical_status, onset_date, recorded_date, severity)
VALUES ('f1a98f64-3d06-428d-887a-e4bba5b0ae1a', 'N18.4', 'Chronic Kidney Disease, Stage 4', 'active', '2019-12-17', CURRENT_TIMESTAMP, 'severe');

-- Patient: Victoria Bradley
INSERT INTO patients (
    id, medical_record_number, first_name, last_name, date_of_birth, gender, email, phone,
    weight, height, smoking_status, cvd_history, family_history_esrd,
    on_ras_inhibitor, on_sglt2i, nephrotoxic_meds, nephrologist_referral,
    diagnosis_date, last_visit_date, next_visit_date
) VALUES (
    'e96f7f54-999e-408a-8353-3ffbf48379e6', 'MRN109'::text, 'Victoria'::text, 'Bradley'::text,
    '1975-11-09', 'female'::text, 'victoria.bradley@email.com'::text, '+1-555-0001',
    64.7, 163, 'Never'::text,
    false, false,
    false, true,
    false, true,
    '2022-11-10', '2025-10-31'::text, '2026-01-17'::text
);
INSERT INTO observations (patient_id, observation_type, value_numeric, value_text, unit, observation_date, status)
VALUES ('e96f7f54-999e-408a-8353-3ffbf48379e6', 'eGFR', 54.11, NULL, 'mL/min/1.73m²'::text, CURRENT_TIMESTAMP, 'final');
INSERT INTO observations (patient_id, observation_type, value_numeric, value_text, unit, observation_date, status)
VALUES ('e96f7f54-999e-408a-8353-3ffbf48379e6', 'eGFR_trend', NULL, 'stable'::text, NULL, CURRENT_TIMESTAMP, 'final');
INSERT INTO observations (patient_id, observation_type, value_numeric, value_text, unit, observation_date, status)
VALUES ('e96f7f54-999e-408a-8353-3ffbf48379e6', 'eGFR_change_percent', 0.5, NULL, '%'::text, CURRENT_TIMESTAMP, 'final');
INSERT INTO observations (patient_id, observation_type, value_numeric, value_text, unit, observation_date, status)
VALUES ('e96f7f54-999e-408a-8353-3ffbf48379e6', 'serum_creatinine', 1.37, NULL, 'mg/dL'::text, CURRENT_TIMESTAMP, 'final');
INSERT INTO observations (patient_id, observation_type, value_numeric, value_text, unit, observation_date, status)
VALUES ('e96f7f54-999e-408a-8353-3ffbf48379e6', 'BUN', 30, NULL, 'mg/dL'::text, CURRENT_TIMESTAMP, 'final');
INSERT INTO observations (patient_id, observation_type, value_numeric, value_text, unit, observation_date, status)
VALUES ('e96f7f54-999e-408a-8353-3ffbf48379e6', 'uACR', 101.4, NULL, 'mg/g'::text, CURRENT_TIMESTAMP, 'final');
INSERT INTO observations (patient_id, observation_type, value_numeric, value_text, unit, observation_date, status)
VALUES ('e96f7f54-999e-408a-8353-3ffbf48379e6', 'proteinuria_category', NULL, 'A2'::text, NULL, CURRENT_TIMESTAMP, 'final');
INSERT INTO observations (patient_id, observation_type, value_numeric, value_text, unit, observation_date, status)
VALUES ('e96f7f54-999e-408a-8353-3ffbf48379e6', 'blood_pressure_systolic', 149, NULL, 'mmHg'::text, CURRENT_TIMESTAMP, 'final');
INSERT INTO observations (patient_id, observation_type, value_numeric, value_text, unit, observation_date, status)
VALUES ('e96f7f54-999e-408a-8353-3ffbf48379e6', 'blood_pressure_diastolic', 95, NULL, 'mmHg'::text, CURRENT_TIMESTAMP, 'final');
INSERT INTO observations (patient_id, observation_type, value_numeric, value_text, unit, observation_date, status)
VALUES ('e96f7f54-999e-408a-8353-3ffbf48379e6', 'HbA1c', 8.6, NULL, '%'::text, CURRENT_TIMESTAMP, 'final');
INSERT INTO observations (patient_id, observation_type, value_numeric, value_text, unit, observation_date, status)
VALUES ('e96f7f54-999e-408a-8353-3ffbf48379e6', 'LDL_cholesterol', 115, NULL, 'mg/dL'::text, CURRENT_TIMESTAMP, 'final');
INSERT INTO observations (patient_id, observation_type, value_numeric, value_text, unit, observation_date, status)
VALUES ('e96f7f54-999e-408a-8353-3ffbf48379e6', 'HDL_cholesterol', 32, NULL, 'mg/dL'::text, CURRENT_TIMESTAMP, 'final');
INSERT INTO observations (patient_id, observation_type, value_numeric, value_text, unit, observation_date, status)
VALUES ('e96f7f54-999e-408a-8353-3ffbf48379e6', 'BMI', 24.4, NULL, 'kg/m²'::text, CURRENT_TIMESTAMP, 'final');
INSERT INTO observations (patient_id, observation_type, value_numeric, value_text, unit, observation_date, status)
VALUES ('e96f7f54-999e-408a-8353-3ffbf48379e6', 'hemoglobin', 11.3, NULL, 'g/dL'::text, CURRENT_TIMESTAMP, 'final');
INSERT INTO observations (patient_id, observation_type, value_numeric, value_text, unit, observation_date, status)
VALUES ('e96f7f54-999e-408a-8353-3ffbf48379e6', 'potassium', 4.3, NULL, 'mEq/L'::text, CURRENT_TIMESTAMP, 'final');
INSERT INTO observations (patient_id, observation_type, value_numeric, value_text, unit, observation_date, status)
VALUES ('e96f7f54-999e-408a-8353-3ffbf48379e6', 'calcium', 9.3, NULL, 'mg/dL'::text, CURRENT_TIMESTAMP, 'final');
INSERT INTO observations (patient_id, observation_type, value_numeric, value_text, unit, observation_date, status)
VALUES ('e96f7f54-999e-408a-8353-3ffbf48379e6', 'phosphorus', 4.0, NULL, 'mg/dL'::text, CURRENT_TIMESTAMP, 'final');
INSERT INTO observations (patient_id, observation_type, value_numeric, value_text, unit, observation_date, status)
VALUES ('e96f7f54-999e-408a-8353-3ffbf48379e6', 'albumin', 2.2, NULL, 'g/dL'::text, CURRENT_TIMESTAMP, 'final');
INSERT INTO conditions (patient_id, condition_code, condition_name, clinical_status, onset_date, recorded_date, severity)
VALUES ('e96f7f54-999e-408a-8353-3ffbf48379e6', 'E11.9', 'Type 2 Diabetes Mellitus', 'active', '2022-11-10', CURRENT_TIMESTAMP, 'moderate');
INSERT INTO conditions (patient_id, condition_code, condition_name, clinical_status, onset_date, recorded_date, severity)
VALUES ('e96f7f54-999e-408a-8353-3ffbf48379e6', 'N18.3', 'Chronic Kidney Disease, Stage 3', 'active', '2022-11-10', CURRENT_TIMESTAMP, 'moderate');

-- Patient: Rachel Henry
INSERT INTO patients (
    id, medical_record_number, first_name, last_name, date_of_birth, gender, email, phone,
    weight, height, smoking_status, cvd_history, family_history_esrd,
    on_ras_inhibitor, on_sglt2i, nephrotoxic_meds, nephrologist_referral,
    diagnosis_date, last_visit_date, next_visit_date
) VALUES (
    '635b3e23-aa43-4646-b846-2ba9dd1d87cf', 'MRN110'::text, 'Rachel'::text, 'Henry'::text,
    '1969-11-09', 'female'::text, 'rachel.henry@email.com'::text, '+1-555-0001',
    83.5, 173, 'Current'::text,
    false, false,
    false, false,
    false, false,
    '2024-08-28', '2025-10-12'::text, '2026-03-20'::text
);
INSERT INTO observations (patient_id, observation_type, value_numeric, value_text, unit, observation_date, status)
VALUES ('635b3e23-aa43-4646-b846-2ba9dd1d87cf', 'eGFR', 109.26, NULL, 'mL/min/1.73m²'::text, CURRENT_TIMESTAMP, 'final');
INSERT INTO observations (patient_id, observation_type, value_numeric, value_text, unit, observation_date, status)
VALUES ('635b3e23-aa43-4646-b846-2ba9dd1d87cf', 'eGFR_trend', NULL, 'down'::text, NULL, CURRENT_TIMESTAMP, 'final');
INSERT INTO observations (patient_id, observation_type, value_numeric, value_text, unit, observation_date, status)
VALUES ('635b3e23-aa43-4646-b846-2ba9dd1d87cf', 'eGFR_change_percent', -0.7, NULL, '%'::text, CURRENT_TIMESTAMP, 'final');
INSERT INTO observations (patient_id, observation_type, value_numeric, value_text, unit, observation_date, status)
VALUES ('635b3e23-aa43-4646-b846-2ba9dd1d87cf', 'serum_creatinine', 0.94, NULL, 'mg/dL'::text, CURRENT_TIMESTAMP, 'final');
INSERT INTO observations (patient_id, observation_type, value_numeric, value_text, unit, observation_date, status)
VALUES ('635b3e23-aa43-4646-b846-2ba9dd1d87cf', 'BUN', 22, NULL, 'mg/dL'::text, CURRENT_TIMESTAMP, 'final');
INSERT INTO observations (patient_id, observation_type, value_numeric, value_text, unit, observation_date, status)
VALUES ('635b3e23-aa43-4646-b846-2ba9dd1d87cf', 'uACR', 15.73, NULL, 'mg/g'::text, CURRENT_TIMESTAMP, 'final');
INSERT INTO observations (patient_id, observation_type, value_numeric, value_text, unit, observation_date, status)
VALUES ('635b3e23-aa43-4646-b846-2ba9dd1d87cf', 'proteinuria_category', NULL, 'A1'::text, NULL, CURRENT_TIMESTAMP, 'final');
INSERT INTO observations (patient_id, observation_type, value_numeric, value_text, unit, observation_date, status)
VALUES ('635b3e23-aa43-4646-b846-2ba9dd1d87cf', 'blood_pressure_systolic', 133, NULL, 'mmHg'::text, CURRENT_TIMESTAMP, 'final');
INSERT INTO observations (patient_id, observation_type, value_numeric, value_text, unit, observation_date, status)
VALUES ('635b3e23-aa43-4646-b846-2ba9dd1d87cf', 'blood_pressure_diastolic', 85, NULL, 'mmHg'::text, CURRENT_TIMESTAMP, 'final');
INSERT INTO observations (patient_id, observation_type, value_numeric, value_text, unit, observation_date, status)
VALUES ('635b3e23-aa43-4646-b846-2ba9dd1d87cf', 'HbA1c', 5.7, NULL, '%'::text, CURRENT_TIMESTAMP, 'final');
INSERT INTO observations (patient_id, observation_type, value_numeric, value_text, unit, observation_date, status)
VALUES ('635b3e23-aa43-4646-b846-2ba9dd1d87cf', 'LDL_cholesterol', 105, NULL, 'mg/dL'::text, CURRENT_TIMESTAMP, 'final');
INSERT INTO observations (patient_id, observation_type, value_numeric, value_text, unit, observation_date, status)
VALUES ('635b3e23-aa43-4646-b846-2ba9dd1d87cf', 'HDL_cholesterol', 50, NULL, 'mg/dL'::text, CURRENT_TIMESTAMP, 'final');
INSERT INTO observations (patient_id, observation_type, value_numeric, value_text, unit, observation_date, status)
VALUES ('635b3e23-aa43-4646-b846-2ba9dd1d87cf', 'BMI', 27.9, NULL, 'kg/m²'::text, CURRENT_TIMESTAMP, 'final');
INSERT INTO observations (patient_id, observation_type, value_numeric, value_text, unit, observation_date, status)
VALUES ('635b3e23-aa43-4646-b846-2ba9dd1d87cf', 'hemoglobin', 13.2, NULL, 'g/dL'::text, CURRENT_TIMESTAMP, 'final');
INSERT INTO observations (patient_id, observation_type, value_numeric, value_text, unit, observation_date, status)
VALUES ('635b3e23-aa43-4646-b846-2ba9dd1d87cf', 'potassium', 4.3, NULL, 'mEq/L'::text, CURRENT_TIMESTAMP, 'final');
INSERT INTO observations (patient_id, observation_type, value_numeric, value_text, unit, observation_date, status)
VALUES ('635b3e23-aa43-4646-b846-2ba9dd1d87cf', 'calcium', 9.3, NULL, 'mg/dL'::text, CURRENT_TIMESTAMP, 'final');
INSERT INTO observations (patient_id, observation_type, value_numeric, value_text, unit, observation_date, status)
VALUES ('635b3e23-aa43-4646-b846-2ba9dd1d87cf', 'phosphorus', 3.9, NULL, 'mg/dL'::text, CURRENT_TIMESTAMP, 'final');
INSERT INTO observations (patient_id, observation_type, value_numeric, value_text, unit, observation_date, status)
VALUES ('635b3e23-aa43-4646-b846-2ba9dd1d87cf', 'albumin', 3.1, NULL, 'g/dL'::text, CURRENT_TIMESTAMP, 'final');
INSERT INTO conditions (patient_id, condition_code, condition_name, clinical_status, onset_date, recorded_date, severity)
VALUES ('635b3e23-aa43-4646-b846-2ba9dd1d87cf', 'N18.1', 'Chronic Kidney Disease, Stage 1', 'active', '2024-08-28', CURRENT_TIMESTAMP, 'mild');

-- Patient: William Robertson
INSERT INTO patients (
    id, medical_record_number, first_name, last_name, date_of_birth, gender, email, phone,
    weight, height, smoking_status, cvd_history, family_history_esrd,
    on_ras_inhibitor, on_sglt2i, nephrotoxic_meds, nephrologist_referral,
    diagnosis_date, last_visit_date, next_visit_date
) VALUES (
    '90c751bf-8d62-4aaf-bad9-8c707fa715c4', 'MRN111'::text, 'William'::text, 'Robertson'::text,
    '1952-11-09', 'male'::text, 'william.robertson@email.com'::text, '+1-555-0001',
    117.2, 175, 'Former'::text,
    false, false,
    true, false,
    false, true,
    '2020-04-04', '2025-10-10'::text, '2025-11-30'::text
);
INSERT INTO observations (patient_id, observation_type, value_numeric, value_text, unit, observation_date, status)
VALUES ('90c751bf-8d62-4aaf-bad9-8c707fa715c4', 'eGFR', 10.22, NULL, 'mL/min/1.73m²'::text, CURRENT_TIMESTAMP, 'final');
INSERT INTO observations (patient_id, observation_type, value_numeric, value_text, unit, observation_date, status)
VALUES ('90c751bf-8d62-4aaf-bad9-8c707fa715c4', 'eGFR_trend', NULL, 'down'::text, NULL, CURRENT_TIMESTAMP, 'final');
INSERT INTO observations (patient_id, observation_type, value_numeric, value_text, unit, observation_date, status)
VALUES ('90c751bf-8d62-4aaf-bad9-8c707fa715c4', 'eGFR_change_percent', -14.7, NULL, '%'::text, CURRENT_TIMESTAMP, 'final');
INSERT INTO observations (patient_id, observation_type, value_numeric, value_text, unit, observation_date, status)
VALUES ('90c751bf-8d62-4aaf-bad9-8c707fa715c4', 'serum_creatinine', 4.22, NULL, 'mg/dL'::text, CURRENT_TIMESTAMP, 'final');
INSERT INTO observations (patient_id, observation_type, value_numeric, value_text, unit, observation_date, status)
VALUES ('90c751bf-8d62-4aaf-bad9-8c707fa715c4', 'BUN', 66, NULL, 'mg/dL'::text, CURRENT_TIMESTAMP, 'final');
INSERT INTO observations (patient_id, observation_type, value_numeric, value_text, unit, observation_date, status)
VALUES ('90c751bf-8d62-4aaf-bad9-8c707fa715c4', 'uACR', 831.88, NULL, 'mg/g'::text, CURRENT_TIMESTAMP, 'final');
INSERT INTO observations (patient_id, observation_type, value_numeric, value_text, unit, observation_date, status)
VALUES ('90c751bf-8d62-4aaf-bad9-8c707fa715c4', 'proteinuria_category', NULL, 'A3'::text, NULL, CURRENT_TIMESTAMP, 'final');
INSERT INTO observations (patient_id, observation_type, value_numeric, value_text, unit, observation_date, status)
VALUES ('90c751bf-8d62-4aaf-bad9-8c707fa715c4', 'blood_pressure_systolic', 180, NULL, 'mmHg'::text, CURRENT_TIMESTAMP, 'final');
INSERT INTO observations (patient_id, observation_type, value_numeric, value_text, unit, observation_date, status)
VALUES ('90c751bf-8d62-4aaf-bad9-8c707fa715c4', 'blood_pressure_diastolic', 102, NULL, 'mmHg'::text, CURRENT_TIMESTAMP, 'final');
INSERT INTO observations (patient_id, observation_type, value_numeric, value_text, unit, observation_date, status)
VALUES ('90c751bf-8d62-4aaf-bad9-8c707fa715c4', 'HbA1c', 6.2, NULL, '%'::text, CURRENT_TIMESTAMP, 'final');
INSERT INTO observations (patient_id, observation_type, value_numeric, value_text, unit, observation_date, status)
VALUES ('90c751bf-8d62-4aaf-bad9-8c707fa715c4', 'LDL_cholesterol', 158, NULL, 'mg/dL'::text, CURRENT_TIMESTAMP, 'final');
INSERT INTO observations (patient_id, observation_type, value_numeric, value_text, unit, observation_date, status)
VALUES ('90c751bf-8d62-4aaf-bad9-8c707fa715c4', 'HDL_cholesterol', 34, NULL, 'mg/dL'::text, CURRENT_TIMESTAMP, 'final');
INSERT INTO observations (patient_id, observation_type, value_numeric, value_text, unit, observation_date, status)
VALUES ('90c751bf-8d62-4aaf-bad9-8c707fa715c4', 'BMI', 38.3, NULL, 'kg/m²'::text, CURRENT_TIMESTAMP, 'final');
INSERT INTO observations (patient_id, observation_type, value_numeric, value_text, unit, observation_date, status)
VALUES ('90c751bf-8d62-4aaf-bad9-8c707fa715c4', 'hemoglobin', 8.1, NULL, 'g/dL'::text, CURRENT_TIMESTAMP, 'final');
INSERT INTO observations (patient_id, observation_type, value_numeric, value_text, unit, observation_date, status)
VALUES ('90c751bf-8d62-4aaf-bad9-8c707fa715c4', 'potassium', 6.0, NULL, 'mEq/L'::text, CURRENT_TIMESTAMP, 'final');
INSERT INTO observations (patient_id, observation_type, value_numeric, value_text, unit, observation_date, status)
VALUES ('90c751bf-8d62-4aaf-bad9-8c707fa715c4', 'calcium', 9.1, NULL, 'mg/dL'::text, CURRENT_TIMESTAMP, 'final');
INSERT INTO observations (patient_id, observation_type, value_numeric, value_text, unit, observation_date, status)
VALUES ('90c751bf-8d62-4aaf-bad9-8c707fa715c4', 'phosphorus', 4.7, NULL, 'mg/dL'::text, CURRENT_TIMESTAMP, 'final');
INSERT INTO observations (patient_id, observation_type, value_numeric, value_text, unit, observation_date, status)
VALUES ('90c751bf-8d62-4aaf-bad9-8c707fa715c4', 'albumin', 3.3, NULL, 'g/dL'::text, CURRENT_TIMESTAMP, 'final');
INSERT INTO conditions (patient_id, condition_code, condition_name, clinical_status, onset_date, recorded_date, severity)
VALUES ('90c751bf-8d62-4aaf-bad9-8c707fa715c4', 'N18.5', 'Chronic Kidney Disease, Stage 5', 'active', '2020-04-04', CURRENT_TIMESTAMP, 'severe');

-- Patient: Eva Sullivan
INSERT INTO patients (
    id, medical_record_number, first_name, last_name, date_of_birth, gender, email, phone,
    weight, height, smoking_status, cvd_history, family_history_esrd,
    on_ras_inhibitor, on_sglt2i, nephrotoxic_meds, nephrologist_referral,
    diagnosis_date, last_visit_date, next_visit_date
) VALUES (
    '1333b367-885e-43fc-acf3-68eb93ca3267', 'MRN112'::text, 'Eva'::text, 'Sullivan'::text,
    '1968-11-09', 'female'::text, 'eva.sullivan@email.com'::text, '+1-555-0001',
    82.0, 179, 'Never'::text,
    false, true,
    true, false,
    false, false,
    '2023-06-17', '2025-10-31'::text, '2026-04-28'::text
);
INSERT INTO observations (patient_id, observation_type, value_numeric, value_text, unit, observation_date, status)
VALUES ('1333b367-885e-43fc-acf3-68eb93ca3267', 'eGFR', 119.92, NULL, 'mL/min/1.73m²'::text, CURRENT_TIMESTAMP, 'final');
INSERT INTO observations (patient_id, observation_type, value_numeric, value_text, unit, observation_date, status)
VALUES ('1333b367-885e-43fc-acf3-68eb93ca3267', 'eGFR_trend', NULL, 'stable'::text, NULL, CURRENT_TIMESTAMP, 'final');
INSERT INTO observations (patient_id, observation_type, value_numeric, value_text, unit, observation_date, status)
VALUES ('1333b367-885e-43fc-acf3-68eb93ca3267', 'eGFR_change_percent', 4.6, NULL, '%'::text, CURRENT_TIMESTAMP, 'final');
INSERT INTO observations (patient_id, observation_type, value_numeric, value_text, unit, observation_date, status)
VALUES ('1333b367-885e-43fc-acf3-68eb93ca3267', 'serum_creatinine', 0.76, NULL, 'mg/dL'::text, CURRENT_TIMESTAMP, 'final');
INSERT INTO observations (patient_id, observation_type, value_numeric, value_text, unit, observation_date, status)
VALUES ('1333b367-885e-43fc-acf3-68eb93ca3267', 'BUN', 21, NULL, 'mg/dL'::text, CURRENT_TIMESTAMP, 'final');
INSERT INTO observations (patient_id, observation_type, value_numeric, value_text, unit, observation_date, status)
VALUES ('1333b367-885e-43fc-acf3-68eb93ca3267', 'uACR', 39.64, NULL, 'mg/g'::text, CURRENT_TIMESTAMP, 'final');
INSERT INTO observations (patient_id, observation_type, value_numeric, value_text, unit, observation_date, status)
VALUES ('1333b367-885e-43fc-acf3-68eb93ca3267', 'proteinuria_category', NULL, 'A1'::text, NULL, CURRENT_TIMESTAMP, 'final');
INSERT INTO observations (patient_id, observation_type, value_numeric, value_text, unit, observation_date, status)
VALUES ('1333b367-885e-43fc-acf3-68eb93ca3267', 'blood_pressure_systolic', 114, NULL, 'mmHg'::text, CURRENT_TIMESTAMP, 'final');
INSERT INTO observations (patient_id, observation_type, value_numeric, value_text, unit, observation_date, status)
VALUES ('1333b367-885e-43fc-acf3-68eb93ca3267', 'blood_pressure_diastolic', 78, NULL, 'mmHg'::text, CURRENT_TIMESTAMP, 'final');
INSERT INTO observations (patient_id, observation_type, value_numeric, value_text, unit, observation_date, status)
VALUES ('1333b367-885e-43fc-acf3-68eb93ca3267', 'HbA1c', 6.2, NULL, '%'::text, CURRENT_TIMESTAMP, 'final');
INSERT INTO observations (patient_id, observation_type, value_numeric, value_text, unit, observation_date, status)
VALUES ('1333b367-885e-43fc-acf3-68eb93ca3267', 'LDL_cholesterol', 152, NULL, 'mg/dL'::text, CURRENT_TIMESTAMP, 'final');
INSERT INTO observations (patient_id, observation_type, value_numeric, value_text, unit, observation_date, status)
VALUES ('1333b367-885e-43fc-acf3-68eb93ca3267', 'HDL_cholesterol', 54, NULL, 'mg/dL'::text, CURRENT_TIMESTAMP, 'final');
INSERT INTO observations (patient_id, observation_type, value_numeric, value_text, unit, observation_date, status)
VALUES ('1333b367-885e-43fc-acf3-68eb93ca3267', 'BMI', 25.6, NULL, 'kg/m²'::text, CURRENT_TIMESTAMP, 'final');
INSERT INTO observations (patient_id, observation_type, value_numeric, value_text, unit, observation_date, status)
VALUES ('1333b367-885e-43fc-acf3-68eb93ca3267', 'hemoglobin', 13.9, NULL, 'g/dL'::text, CURRENT_TIMESTAMP, 'final');
INSERT INTO observations (patient_id, observation_type, value_numeric, value_text, unit, observation_date, status)
VALUES ('1333b367-885e-43fc-acf3-68eb93ca3267', 'potassium', 4.6, NULL, 'mEq/L'::text, CURRENT_TIMESTAMP, 'final');
INSERT INTO observations (patient_id, observation_type, value_numeric, value_text, unit, observation_date, status)
VALUES ('1333b367-885e-43fc-acf3-68eb93ca3267', 'calcium', 8.8, NULL, 'mg/dL'::text, CURRENT_TIMESTAMP, 'final');
INSERT INTO observations (patient_id, observation_type, value_numeric, value_text, unit, observation_date, status)
VALUES ('1333b367-885e-43fc-acf3-68eb93ca3267', 'phosphorus', 3.3, NULL, 'mg/dL'::text, CURRENT_TIMESTAMP, 'final');
INSERT INTO observations (patient_id, observation_type, value_numeric, value_text, unit, observation_date, status)
VALUES ('1333b367-885e-43fc-acf3-68eb93ca3267', 'albumin', 2.7, NULL, 'g/dL'::text, CURRENT_TIMESTAMP, 'final');
INSERT INTO conditions (patient_id, condition_code, condition_name, clinical_status, onset_date, recorded_date, severity)
VALUES ('1333b367-885e-43fc-acf3-68eb93ca3267', 'N18.1', 'Chronic Kidney Disease, Stage 1', 'active', '2023-06-17', CURRENT_TIMESTAMP, 'mild');

-- Patient: Caroline Freeman
INSERT INTO patients (
    id, medical_record_number, first_name, last_name, date_of_birth, gender, email, phone,
    weight, height, smoking_status, cvd_history, family_history_esrd,
    on_ras_inhibitor, on_sglt2i, nephrotoxic_meds, nephrologist_referral,
    diagnosis_date, last_visit_date, next_visit_date
) VALUES (
    '703ee069-67f7-4c20-a558-7f754ebeab7e', 'MRN113'::text, 'Caroline'::text, 'Freeman'::text,
    '1960-11-09', 'female'::text, 'caroline.freeman@email.com'::text, '+1-555-0001',
    55.4, 161, 'Never'::text,
    false, true,
    false, false,
    false, true,
    '2019-10-04', '2025-10-14'::text, '2025-11-23'::text
);
INSERT INTO observations (patient_id, observation_type, value_numeric, value_text, unit, observation_date, status)
VALUES ('703ee069-67f7-4c20-a558-7f754ebeab7e', 'eGFR', 24.13, NULL, 'mL/min/1.73m²'::text, CURRENT_TIMESTAMP, 'final');
INSERT INTO observations (patient_id, observation_type, value_numeric, value_text, unit, observation_date, status)
VALUES ('703ee069-67f7-4c20-a558-7f754ebeab7e', 'eGFR_trend', NULL, 'down'::text, NULL, CURRENT_TIMESTAMP, 'final');
INSERT INTO observations (patient_id, observation_type, value_numeric, value_text, unit, observation_date, status)
VALUES ('703ee069-67f7-4c20-a558-7f754ebeab7e', 'eGFR_change_percent', -16.9, NULL, '%'::text, CURRENT_TIMESTAMP, 'final');
INSERT INTO observations (patient_id, observation_type, value_numeric, value_text, unit, observation_date, status)
VALUES ('703ee069-67f7-4c20-a558-7f754ebeab7e', 'serum_creatinine', 2.39, NULL, 'mg/dL'::text, CURRENT_TIMESTAMP, 'final');
INSERT INTO observations (patient_id, observation_type, value_numeric, value_text, unit, observation_date, status)
VALUES ('703ee069-67f7-4c20-a558-7f754ebeab7e', 'BUN', 120, NULL, 'mg/dL'::text, CURRENT_TIMESTAMP, 'final');
INSERT INTO observations (patient_id, observation_type, value_numeric, value_text, unit, observation_date, status)
VALUES ('703ee069-67f7-4c20-a558-7f754ebeab7e', 'uACR', 588.97, NULL, 'mg/g'::text, CURRENT_TIMESTAMP, 'final');
INSERT INTO observations (patient_id, observation_type, value_numeric, value_text, unit, observation_date, status)
VALUES ('703ee069-67f7-4c20-a558-7f754ebeab7e', 'proteinuria_category', NULL, 'A3'::text, NULL, CURRENT_TIMESTAMP, 'final');
INSERT INTO observations (patient_id, observation_type, value_numeric, value_text, unit, observation_date, status)
VALUES ('703ee069-67f7-4c20-a558-7f754ebeab7e', 'blood_pressure_systolic', 149, NULL, 'mmHg'::text, CURRENT_TIMESTAMP, 'final');
INSERT INTO observations (patient_id, observation_type, value_numeric, value_text, unit, observation_date, status)
VALUES ('703ee069-67f7-4c20-a558-7f754ebeab7e', 'blood_pressure_diastolic', 110, NULL, 'mmHg'::text, CURRENT_TIMESTAMP, 'final');
INSERT INTO observations (patient_id, observation_type, value_numeric, value_text, unit, observation_date, status)
VALUES ('703ee069-67f7-4c20-a558-7f754ebeab7e', 'HbA1c', 7.9, NULL, '%'::text, CURRENT_TIMESTAMP, 'final');
INSERT INTO observations (patient_id, observation_type, value_numeric, value_text, unit, observation_date, status)
VALUES ('703ee069-67f7-4c20-a558-7f754ebeab7e', 'LDL_cholesterol', 170, NULL, 'mg/dL'::text, CURRENT_TIMESTAMP, 'final');
INSERT INTO observations (patient_id, observation_type, value_numeric, value_text, unit, observation_date, status)
VALUES ('703ee069-67f7-4c20-a558-7f754ebeab7e', 'HDL_cholesterol', 33, NULL, 'mg/dL'::text, CURRENT_TIMESTAMP, 'final');
INSERT INTO observations (patient_id, observation_type, value_numeric, value_text, unit, observation_date, status)
VALUES ('703ee069-67f7-4c20-a558-7f754ebeab7e', 'BMI', 21.4, NULL, 'kg/m²'::text, CURRENT_TIMESTAMP, 'final');
INSERT INTO observations (patient_id, observation_type, value_numeric, value_text, unit, observation_date, status)
VALUES ('703ee069-67f7-4c20-a558-7f754ebeab7e', 'hemoglobin', 9.9, NULL, 'g/dL'::text, CURRENT_TIMESTAMP, 'final');
INSERT INTO observations (patient_id, observation_type, value_numeric, value_text, unit, observation_date, status)
VALUES ('703ee069-67f7-4c20-a558-7f754ebeab7e', 'potassium', 6.3, NULL, 'mEq/L'::text, CURRENT_TIMESTAMP, 'final');
INSERT INTO observations (patient_id, observation_type, value_numeric, value_text, unit, observation_date, status)
VALUES ('703ee069-67f7-4c20-a558-7f754ebeab7e', 'calcium', 8.2, NULL, 'mg/dL'::text, CURRENT_TIMESTAMP, 'final');
INSERT INTO observations (patient_id, observation_type, value_numeric, value_text, unit, observation_date, status)
VALUES ('703ee069-67f7-4c20-a558-7f754ebeab7e', 'phosphorus', 7.2, NULL, 'mg/dL'::text, CURRENT_TIMESTAMP, 'final');
INSERT INTO observations (patient_id, observation_type, value_numeric, value_text, unit, observation_date, status)
VALUES ('703ee069-67f7-4c20-a558-7f754ebeab7e', 'albumin', 1.9, NULL, 'g/dL'::text, CURRENT_TIMESTAMP, 'final');
INSERT INTO conditions (patient_id, condition_code, condition_name, clinical_status, onset_date, recorded_date, severity)
VALUES ('703ee069-67f7-4c20-a558-7f754ebeab7e', 'E11.9', 'Type 2 Diabetes Mellitus', 'active', '2019-10-04', CURRENT_TIMESTAMP, 'moderate');
INSERT INTO conditions (patient_id, condition_code, condition_name, clinical_status, onset_date, recorded_date, severity)
VALUES ('703ee069-67f7-4c20-a558-7f754ebeab7e', 'I10', 'Essential Hypertension', 'active', '2019-10-04', CURRENT_TIMESTAMP, 'moderate');
INSERT INTO conditions (patient_id, condition_code, condition_name, clinical_status, onset_date, recorded_date, severity)
VALUES ('703ee069-67f7-4c20-a558-7f754ebeab7e', 'N18.4', 'Chronic Kidney Disease, Stage 4', 'active', '2019-10-04', CURRENT_TIMESTAMP, 'severe');

-- Patient: Megan Crawford
INSERT INTO patients (
    id, medical_record_number, first_name, last_name, date_of_birth, gender, email, phone,
    weight, height, smoking_status, cvd_history, family_history_esrd,
    on_ras_inhibitor, on_sglt2i, nephrotoxic_meds, nephrologist_referral,
    diagnosis_date, last_visit_date, next_visit_date
) VALUES (
    '7e33d2c2-7687-4b22-8d31-523ad7a665d7', 'MRN114'::text, 'Megan'::text, 'Crawford'::text,
    '1966-11-09', 'female'::text, 'megan.crawford@email.com'::text, '+1-555-0001',
    70.2, 170, 'Current'::text,
    false, false,
    true, true,
    true, true,
    '2019-06-17', '2025-10-23'::text, '2025-11-29'::text
);
INSERT INTO observations (patient_id, observation_type, value_numeric, value_text, unit, observation_date, status)
VALUES ('7e33d2c2-7687-4b22-8d31-523ad7a665d7', 'eGFR', 24.79, NULL, 'mL/min/1.73m²'::text, CURRENT_TIMESTAMP, 'final');
INSERT INTO observations (patient_id, observation_type, value_numeric, value_text, unit, observation_date, status)
VALUES ('7e33d2c2-7687-4b22-8d31-523ad7a665d7', 'eGFR_trend', NULL, 'stable'::text, NULL, CURRENT_TIMESTAMP, 'final');
INSERT INTO observations (patient_id, observation_type, value_numeric, value_text, unit, observation_date, status)
VALUES ('7e33d2c2-7687-4b22-8d31-523ad7a665d7', 'eGFR_change_percent', -18.4, NULL, '%'::text, CURRENT_TIMESTAMP, 'final');
INSERT INTO observations (patient_id, observation_type, value_numeric, value_text, unit, observation_date, status)
VALUES ('7e33d2c2-7687-4b22-8d31-523ad7a665d7', 'serum_creatinine', 2.1, NULL, 'mg/dL'::text, CURRENT_TIMESTAMP, 'final');
INSERT INTO observations (patient_id, observation_type, value_numeric, value_text, unit, observation_date, status)
VALUES ('7e33d2c2-7687-4b22-8d31-523ad7a665d7', 'BUN', 30, NULL, 'mg/dL'::text, CURRENT_TIMESTAMP, 'final');
INSERT INTO observations (patient_id, observation_type, value_numeric, value_text, unit, observation_date, status)
VALUES ('7e33d2c2-7687-4b22-8d31-523ad7a665d7', 'uACR', 445.84, NULL, 'mg/g'::text, CURRENT_TIMESTAMP, 'final');
INSERT INTO observations (patient_id, observation_type, value_numeric, value_text, unit, observation_date, status)
VALUES ('7e33d2c2-7687-4b22-8d31-523ad7a665d7', 'proteinuria_category', NULL, 'A3'::text, NULL, CURRENT_TIMESTAMP, 'final');
INSERT INTO observations (patient_id, observation_type, value_numeric, value_text, unit, observation_date, status)
VALUES ('7e33d2c2-7687-4b22-8d31-523ad7a665d7', 'blood_pressure_systolic', 164, NULL, 'mmHg'::text, CURRENT_TIMESTAMP, 'final');
INSERT INTO observations (patient_id, observation_type, value_numeric, value_text, unit, observation_date, status)
VALUES ('7e33d2c2-7687-4b22-8d31-523ad7a665d7', 'blood_pressure_diastolic', 103, NULL, 'mmHg'::text, CURRENT_TIMESTAMP, 'final');
INSERT INTO observations (patient_id, observation_type, value_numeric, value_text, unit, observation_date, status)
VALUES ('7e33d2c2-7687-4b22-8d31-523ad7a665d7', 'HbA1c', 7.4, NULL, '%'::text, CURRENT_TIMESTAMP, 'final');
INSERT INTO observations (patient_id, observation_type, value_numeric, value_text, unit, observation_date, status)
VALUES ('7e33d2c2-7687-4b22-8d31-523ad7a665d7', 'LDL_cholesterol', 156, NULL, 'mg/dL'::text, CURRENT_TIMESTAMP, 'final');
INSERT INTO observations (patient_id, observation_type, value_numeric, value_text, unit, observation_date, status)
VALUES ('7e33d2c2-7687-4b22-8d31-523ad7a665d7', 'HDL_cholesterol', 39, NULL, 'mg/dL'::text, CURRENT_TIMESTAMP, 'final');
INSERT INTO observations (patient_id, observation_type, value_numeric, value_text, unit, observation_date, status)
VALUES ('7e33d2c2-7687-4b22-8d31-523ad7a665d7', 'BMI', 24.3, NULL, 'kg/m²'::text, CURRENT_TIMESTAMP, 'final');
INSERT INTO observations (patient_id, observation_type, value_numeric, value_text, unit, observation_date, status)
VALUES ('7e33d2c2-7687-4b22-8d31-523ad7a665d7', 'hemoglobin', 10.9, NULL, 'g/dL'::text, CURRENT_TIMESTAMP, 'final');
INSERT INTO observations (patient_id, observation_type, value_numeric, value_text, unit, observation_date, status)
VALUES ('7e33d2c2-7687-4b22-8d31-523ad7a665d7', 'potassium', 4.6, NULL, 'mEq/L'::text, CURRENT_TIMESTAMP, 'final');
INSERT INTO observations (patient_id, observation_type, value_numeric, value_text, unit, observation_date, status)
VALUES ('7e33d2c2-7687-4b22-8d31-523ad7a665d7', 'calcium', 9.1, NULL, 'mg/dL'::text, CURRENT_TIMESTAMP, 'final');
INSERT INTO observations (patient_id, observation_type, value_numeric, value_text, unit, observation_date, status)
VALUES ('7e33d2c2-7687-4b22-8d31-523ad7a665d7', 'phosphorus', 6.8, NULL, 'mg/dL'::text, CURRENT_TIMESTAMP, 'final');
INSERT INTO observations (patient_id, observation_type, value_numeric, value_text, unit, observation_date, status)
VALUES ('7e33d2c2-7687-4b22-8d31-523ad7a665d7', 'albumin', 2.7, NULL, 'g/dL'::text, CURRENT_TIMESTAMP, 'final');
INSERT INTO conditions (patient_id, condition_code, condition_name, clinical_status, onset_date, recorded_date, severity)
VALUES ('7e33d2c2-7687-4b22-8d31-523ad7a665d7', 'E11.9', 'Type 2 Diabetes Mellitus', 'active', '2019-06-17', CURRENT_TIMESTAMP, 'moderate');
INSERT INTO conditions (patient_id, condition_code, condition_name, clinical_status, onset_date, recorded_date, severity)
VALUES ('7e33d2c2-7687-4b22-8d31-523ad7a665d7', 'I10', 'Essential Hypertension', 'active', '2019-06-17', CURRENT_TIMESTAMP, 'moderate');
INSERT INTO conditions (patient_id, condition_code, condition_name, clinical_status, onset_date, recorded_date, severity)
VALUES ('7e33d2c2-7687-4b22-8d31-523ad7a665d7', 'N18.4', 'Chronic Kidney Disease, Stage 4', 'active', '2019-06-17', CURRENT_TIMESTAMP, 'severe');

-- Patient: Frank Hawkins
INSERT INTO patients (
    id, medical_record_number, first_name, last_name, date_of_birth, gender, email, phone,
    weight, height, smoking_status, cvd_history, family_history_esrd,
    on_ras_inhibitor, on_sglt2i, nephrotoxic_meds, nephrologist_referral,
    diagnosis_date, last_visit_date, next_visit_date
) VALUES (
    '172a1c22-859f-4c01-8e50-e8b5c55bbd46', 'MRN115'::text, 'Frank'::text, 'Hawkins'::text,
    '1973-11-09', 'male'::text, 'frank.hawkins@email.com'::text, '+1-555-0001',
    88.1, 172, 'Never'::text,
    false, false,
    true, false,
    false, false,
    '2024-06-16', '2025-10-27'::text, '2026-04-21'::text
);
INSERT INTO observations (patient_id, observation_type, value_numeric, value_text, unit, observation_date, status)
VALUES ('172a1c22-859f-4c01-8e50-e8b5c55bbd46', 'eGFR', 95.32, NULL, 'mL/min/1.73m²'::text, CURRENT_TIMESTAMP, 'final');
INSERT INTO observations (patient_id, observation_type, value_numeric, value_text, unit, observation_date, status)
VALUES ('172a1c22-859f-4c01-8e50-e8b5c55bbd46', 'eGFR_trend', NULL, 'stable'::text, NULL, CURRENT_TIMESTAMP, 'final');
INSERT INTO observations (patient_id, observation_type, value_numeric, value_text, unit, observation_date, status)
VALUES ('172a1c22-859f-4c01-8e50-e8b5c55bbd46', 'eGFR_change_percent', 1.4, NULL, '%'::text, CURRENT_TIMESTAMP, 'final');
INSERT INTO observations (patient_id, observation_type, value_numeric, value_text, unit, observation_date, status)
VALUES ('172a1c22-859f-4c01-8e50-e8b5c55bbd46', 'serum_creatinine', 0.99, NULL, 'mg/dL'::text, CURRENT_TIMESTAMP, 'final');
INSERT INTO observations (patient_id, observation_type, value_numeric, value_text, unit, observation_date, status)
VALUES ('172a1c22-859f-4c01-8e50-e8b5c55bbd46', 'BUN', 119, NULL, 'mg/dL'::text, CURRENT_TIMESTAMP, 'final');
INSERT INTO observations (patient_id, observation_type, value_numeric, value_text, unit, observation_date, status)
VALUES ('172a1c22-859f-4c01-8e50-e8b5c55bbd46', 'uACR', 22.7, NULL, 'mg/g'::text, CURRENT_TIMESTAMP, 'final');
INSERT INTO observations (patient_id, observation_type, value_numeric, value_text, unit, observation_date, status)
VALUES ('172a1c22-859f-4c01-8e50-e8b5c55bbd46', 'proteinuria_category', NULL, 'A1'::text, NULL, CURRENT_TIMESTAMP, 'final');
INSERT INTO observations (patient_id, observation_type, value_numeric, value_text, unit, observation_date, status)
VALUES ('172a1c22-859f-4c01-8e50-e8b5c55bbd46', 'blood_pressure_systolic', 135, NULL, 'mmHg'::text, CURRENT_TIMESTAMP, 'final');
INSERT INTO observations (patient_id, observation_type, value_numeric, value_text, unit, observation_date, status)
VALUES ('172a1c22-859f-4c01-8e50-e8b5c55bbd46', 'blood_pressure_diastolic', 81, NULL, 'mmHg'::text, CURRENT_TIMESTAMP, 'final');
INSERT INTO observations (patient_id, observation_type, value_numeric, value_text, unit, observation_date, status)
VALUES ('172a1c22-859f-4c01-8e50-e8b5c55bbd46', 'HbA1c', 5.1, NULL, '%'::text, CURRENT_TIMESTAMP, 'final');
INSERT INTO observations (patient_id, observation_type, value_numeric, value_text, unit, observation_date, status)
VALUES ('172a1c22-859f-4c01-8e50-e8b5c55bbd46', 'LDL_cholesterol', 86, NULL, 'mg/dL'::text, CURRENT_TIMESTAMP, 'final');
INSERT INTO observations (patient_id, observation_type, value_numeric, value_text, unit, observation_date, status)
VALUES ('172a1c22-859f-4c01-8e50-e8b5c55bbd46', 'HDL_cholesterol', 56, NULL, 'mg/dL'::text, CURRENT_TIMESTAMP, 'final');
INSERT INTO observations (patient_id, observation_type, value_numeric, value_text, unit, observation_date, status)
VALUES ('172a1c22-859f-4c01-8e50-e8b5c55bbd46', 'BMI', 29.8, NULL, 'kg/m²'::text, CURRENT_TIMESTAMP, 'final');
INSERT INTO observations (patient_id, observation_type, value_numeric, value_text, unit, observation_date, status)
VALUES ('172a1c22-859f-4c01-8e50-e8b5c55bbd46', 'hemoglobin', 13.2, NULL, 'g/dL'::text, CURRENT_TIMESTAMP, 'final');
INSERT INTO observations (patient_id, observation_type, value_numeric, value_text, unit, observation_date, status)
VALUES ('172a1c22-859f-4c01-8e50-e8b5c55bbd46', 'potassium', 4.9, NULL, 'mEq/L'::text, CURRENT_TIMESTAMP, 'final');
INSERT INTO observations (patient_id, observation_type, value_numeric, value_text, unit, observation_date, status)
VALUES ('172a1c22-859f-4c01-8e50-e8b5c55bbd46', 'calcium', 9.2, NULL, 'mg/dL'::text, CURRENT_TIMESTAMP, 'final');
INSERT INTO observations (patient_id, observation_type, value_numeric, value_text, unit, observation_date, status)
VALUES ('172a1c22-859f-4c01-8e50-e8b5c55bbd46', 'phosphorus', 3.5, NULL, 'mg/dL'::text, CURRENT_TIMESTAMP, 'final');
INSERT INTO observations (patient_id, observation_type, value_numeric, value_text, unit, observation_date, status)
VALUES ('172a1c22-859f-4c01-8e50-e8b5c55bbd46', 'albumin', 3.3, NULL, 'g/dL'::text, CURRENT_TIMESTAMP, 'final');
INSERT INTO conditions (patient_id, condition_code, condition_name, clinical_status, onset_date, recorded_date, severity)
VALUES ('172a1c22-859f-4c01-8e50-e8b5c55bbd46', 'N18.1', 'Chronic Kidney Disease, Stage 1', 'active', '2024-06-16', CURRENT_TIMESTAMP, 'mild');

-- Patient: Abigail Howard
INSERT INTO patients (
    id, medical_record_number, first_name, last_name, date_of_birth, gender, email, phone,
    weight, height, smoking_status, cvd_history, family_history_esrd,
    on_ras_inhibitor, on_sglt2i, nephrotoxic_meds, nephrologist_referral,
    diagnosis_date, last_visit_date, next_visit_date
) VALUES (
    '3de07a43-2c88-44d6-81eb-7dd960651afc', 'MRN116'::text, 'Abigail'::text, 'Howard'::text,
    '1960-11-09', 'female'::text, 'abigail.howard@email.com'::text, '+1-555-0001',
    69.4, 155, 'Never'::text,
    false, false,
    false, false,
    true, true,
    '2020-12-16', '2025-10-20'::text, '2025-12-01'::text
);
INSERT INTO observations (patient_id, observation_type, value_numeric, value_text, unit, observation_date, status)
VALUES ('3de07a43-2c88-44d6-81eb-7dd960651afc', 'eGFR', 20.34, NULL, 'mL/min/1.73m²'::text, CURRENT_TIMESTAMP, 'final');
INSERT INTO observations (patient_id, observation_type, value_numeric, value_text, unit, observation_date, status)
VALUES ('3de07a43-2c88-44d6-81eb-7dd960651afc', 'eGFR_trend', NULL, 'stable'::text, NULL, CURRENT_TIMESTAMP, 'final');
INSERT INTO observations (patient_id, observation_type, value_numeric, value_text, unit, observation_date, status)
VALUES ('3de07a43-2c88-44d6-81eb-7dd960651afc', 'eGFR_change_percent', -14.2, NULL, '%'::text, CURRENT_TIMESTAMP, 'final');
INSERT INTO observations (patient_id, observation_type, value_numeric, value_text, unit, observation_date, status)
VALUES ('3de07a43-2c88-44d6-81eb-7dd960651afc', 'serum_creatinine', 2.38, NULL, 'mg/dL'::text, CURRENT_TIMESTAMP, 'final');
INSERT INTO observations (patient_id, observation_type, value_numeric, value_text, unit, observation_date, status)
VALUES ('3de07a43-2c88-44d6-81eb-7dd960651afc', 'BUN', 81, NULL, 'mg/dL'::text, CURRENT_TIMESTAMP, 'final');
INSERT INTO observations (patient_id, observation_type, value_numeric, value_text, unit, observation_date, status)
VALUES ('3de07a43-2c88-44d6-81eb-7dd960651afc', 'uACR', 640.19, NULL, 'mg/g'::text, CURRENT_TIMESTAMP, 'final');
INSERT INTO observations (patient_id, observation_type, value_numeric, value_text, unit, observation_date, status)
VALUES ('3de07a43-2c88-44d6-81eb-7dd960651afc', 'proteinuria_category', NULL, 'A3'::text, NULL, CURRENT_TIMESTAMP, 'final');
INSERT INTO observations (patient_id, observation_type, value_numeric, value_text, unit, observation_date, status)
VALUES ('3de07a43-2c88-44d6-81eb-7dd960651afc', 'blood_pressure_systolic', 165, NULL, 'mmHg'::text, CURRENT_TIMESTAMP, 'final');
INSERT INTO observations (patient_id, observation_type, value_numeric, value_text, unit, observation_date, status)
VALUES ('3de07a43-2c88-44d6-81eb-7dd960651afc', 'blood_pressure_diastolic', 92, NULL, 'mmHg'::text, CURRENT_TIMESTAMP, 'final');
INSERT INTO observations (patient_id, observation_type, value_numeric, value_text, unit, observation_date, status)
VALUES ('3de07a43-2c88-44d6-81eb-7dd960651afc', 'HbA1c', 5.7, NULL, '%'::text, CURRENT_TIMESTAMP, 'final');
INSERT INTO observations (patient_id, observation_type, value_numeric, value_text, unit, observation_date, status)
VALUES ('3de07a43-2c88-44d6-81eb-7dd960651afc', 'LDL_cholesterol', 175, NULL, 'mg/dL'::text, CURRENT_TIMESTAMP, 'final');
INSERT INTO observations (patient_id, observation_type, value_numeric, value_text, unit, observation_date, status)
VALUES ('3de07a43-2c88-44d6-81eb-7dd960651afc', 'HDL_cholesterol', 32, NULL, 'mg/dL'::text, CURRENT_TIMESTAMP, 'final');
INSERT INTO observations (patient_id, observation_type, value_numeric, value_text, unit, observation_date, status)
VALUES ('3de07a43-2c88-44d6-81eb-7dd960651afc', 'BMI', 28.9, NULL, 'kg/m²'::text, CURRENT_TIMESTAMP, 'final');
INSERT INTO observations (patient_id, observation_type, value_numeric, value_text, unit, observation_date, status)
VALUES ('3de07a43-2c88-44d6-81eb-7dd960651afc', 'hemoglobin', 8.8, NULL, 'g/dL'::text, CURRENT_TIMESTAMP, 'final');
INSERT INTO observations (patient_id, observation_type, value_numeric, value_text, unit, observation_date, status)
VALUES ('3de07a43-2c88-44d6-81eb-7dd960651afc', 'potassium', 5.6, NULL, 'mEq/L'::text, CURRENT_TIMESTAMP, 'final');
INSERT INTO observations (patient_id, observation_type, value_numeric, value_text, unit, observation_date, status)
VALUES ('3de07a43-2c88-44d6-81eb-7dd960651afc', 'calcium', 9.3, NULL, 'mg/dL'::text, CURRENT_TIMESTAMP, 'final');
INSERT INTO observations (patient_id, observation_type, value_numeric, value_text, unit, observation_date, status)
VALUES ('3de07a43-2c88-44d6-81eb-7dd960651afc', 'phosphorus', 7.3, NULL, 'mg/dL'::text, CURRENT_TIMESTAMP, 'final');
INSERT INTO observations (patient_id, observation_type, value_numeric, value_text, unit, observation_date, status)
VALUES ('3de07a43-2c88-44d6-81eb-7dd960651afc', 'albumin', 2.9, NULL, 'g/dL'::text, CURRENT_TIMESTAMP, 'final');
INSERT INTO conditions (patient_id, condition_code, condition_name, clinical_status, onset_date, recorded_date, severity)
VALUES ('3de07a43-2c88-44d6-81eb-7dd960651afc', 'I10', 'Essential Hypertension', 'active', '2020-12-16', CURRENT_TIMESTAMP, 'moderate');
INSERT INTO conditions (patient_id, condition_code, condition_name, clinical_status, onset_date, recorded_date, severity)
VALUES ('3de07a43-2c88-44d6-81eb-7dd960651afc', 'N18.4', 'Chronic Kidney Disease, Stage 4', 'active', '2020-12-16', CURRENT_TIMESTAMP, 'severe');

-- Patient: Nathan Coleman
INSERT INTO patients (
    id, medical_record_number, first_name, last_name, date_of_birth, gender, email, phone,
    weight, height, smoking_status, cvd_history, family_history_esrd,
    on_ras_inhibitor, on_sglt2i, nephrotoxic_meds, nephrologist_referral,
    diagnosis_date, last_visit_date, next_visit_date
) VALUES (
    'fdfb9e0d-7b47-4e12-9d92-83ed4f578c1a', 'MRN117'::text, 'Nathan'::text, 'Coleman'::text,
    '1976-11-09', 'male'::text, 'nathan.coleman@email.com'::text, '+1-555-0001',
    92.1, 189, 'Current'::text,
    false, false,
    false, false,
    false, false,
    NULL, '2025-10-26'::text, '2026-05-02'::text
);
INSERT INTO observations (patient_id, observation_type, value_numeric, value_text, unit, observation_date, status)
VALUES ('fdfb9e0d-7b47-4e12-9d92-83ed4f578c1a', 'eGFR', 107.61, NULL, 'mL/min/1.73m²'::text, CURRENT_TIMESTAMP, 'final');
INSERT INTO observations (patient_id, observation_type, value_numeric, value_text, unit, observation_date, status)
VALUES ('fdfb9e0d-7b47-4e12-9d92-83ed4f578c1a', 'eGFR_trend', NULL, 'stable'::text, NULL, CURRENT_TIMESTAMP, 'final');
INSERT INTO observations (patient_id, observation_type, value_numeric, value_text, unit, observation_date, status)
VALUES ('fdfb9e0d-7b47-4e12-9d92-83ed4f578c1a', 'eGFR_change_percent', 1.5, NULL, '%'::text, CURRENT_TIMESTAMP, 'final');
INSERT INTO observations (patient_id, observation_type, value_numeric, value_text, unit, observation_date, status)
VALUES ('fdfb9e0d-7b47-4e12-9d92-83ed4f578c1a', 'serum_creatinine', 0.89, NULL, 'mg/dL'::text, CURRENT_TIMESTAMP, 'final');
INSERT INTO observations (patient_id, observation_type, value_numeric, value_text, unit, observation_date, status)
VALUES ('fdfb9e0d-7b47-4e12-9d92-83ed4f578c1a', 'BUN', 44, NULL, 'mg/dL'::text, CURRENT_TIMESTAMP, 'final');
INSERT INTO observations (patient_id, observation_type, value_numeric, value_text, unit, observation_date, status)
VALUES ('fdfb9e0d-7b47-4e12-9d92-83ed4f578c1a', 'uACR', 10.42, NULL, 'mg/g'::text, CURRENT_TIMESTAMP, 'final');
INSERT INTO observations (patient_id, observation_type, value_numeric, value_text, unit, observation_date, status)
VALUES ('fdfb9e0d-7b47-4e12-9d92-83ed4f578c1a', 'proteinuria_category', NULL, 'A1'::text, NULL, CURRENT_TIMESTAMP, 'final');
INSERT INTO observations (patient_id, observation_type, value_numeric, value_text, unit, observation_date, status)
VALUES ('fdfb9e0d-7b47-4e12-9d92-83ed4f578c1a', 'blood_pressure_systolic', 111, NULL, 'mmHg'::text, CURRENT_TIMESTAMP, 'final');
INSERT INTO observations (patient_id, observation_type, value_numeric, value_text, unit, observation_date, status)
VALUES ('fdfb9e0d-7b47-4e12-9d92-83ed4f578c1a', 'blood_pressure_diastolic', 72, NULL, 'mmHg'::text, CURRENT_TIMESTAMP, 'final');
INSERT INTO observations (patient_id, observation_type, value_numeric, value_text, unit, observation_date, status)
VALUES ('fdfb9e0d-7b47-4e12-9d92-83ed4f578c1a', 'HbA1c', 5.6, NULL, '%'::text, CURRENT_TIMESTAMP, 'final');
INSERT INTO observations (patient_id, observation_type, value_numeric, value_text, unit, observation_date, status)
VALUES ('fdfb9e0d-7b47-4e12-9d92-83ed4f578c1a', 'LDL_cholesterol', 151, NULL, 'mg/dL'::text, CURRENT_TIMESTAMP, 'final');
INSERT INTO observations (patient_id, observation_type, value_numeric, value_text, unit, observation_date, status)
VALUES ('fdfb9e0d-7b47-4e12-9d92-83ed4f578c1a', 'HDL_cholesterol', 48, NULL, 'mg/dL'::text, CURRENT_TIMESTAMP, 'final');
INSERT INTO observations (patient_id, observation_type, value_numeric, value_text, unit, observation_date, status)
VALUES ('fdfb9e0d-7b47-4e12-9d92-83ed4f578c1a', 'BMI', 25.8, NULL, 'kg/m²'::text, CURRENT_TIMESTAMP, 'final');
INSERT INTO observations (patient_id, observation_type, value_numeric, value_text, unit, observation_date, status)
VALUES ('fdfb9e0d-7b47-4e12-9d92-83ed4f578c1a', 'hemoglobin', 14.3, NULL, 'g/dL'::text, CURRENT_TIMESTAMP, 'final');
INSERT INTO observations (patient_id, observation_type, value_numeric, value_text, unit, observation_date, status)
VALUES ('fdfb9e0d-7b47-4e12-9d92-83ed4f578c1a', 'potassium', 4.9, NULL, 'mEq/L'::text, CURRENT_TIMESTAMP, 'final');
INSERT INTO observations (patient_id, observation_type, value_numeric, value_text, unit, observation_date, status)
VALUES ('fdfb9e0d-7b47-4e12-9d92-83ed4f578c1a', 'calcium', 8.4, NULL, 'mg/dL'::text, CURRENT_TIMESTAMP, 'final');
INSERT INTO observations (patient_id, observation_type, value_numeric, value_text, unit, observation_date, status)
VALUES ('fdfb9e0d-7b47-4e12-9d92-83ed4f578c1a', 'phosphorus', 3.8, NULL, 'mg/dL'::text, CURRENT_TIMESTAMP, 'final');
INSERT INTO observations (patient_id, observation_type, value_numeric, value_text, unit, observation_date, status)
VALUES ('fdfb9e0d-7b47-4e12-9d92-83ed4f578c1a', 'albumin', 2.7, NULL, 'g/dL'::text, CURRENT_TIMESTAMP, 'final');

-- Patient: Diane Boyd
INSERT INTO patients (
    id, medical_record_number, first_name, last_name, date_of_birth, gender, email, phone,
    weight, height, smoking_status, cvd_history, family_history_esrd,
    on_ras_inhibitor, on_sglt2i, nephrotoxic_meds, nephrologist_referral,
    diagnosis_date, last_visit_date, next_visit_date
) VALUES (
    'e42fee4b-a58c-4844-928a-fdbd3179b7d3', 'MRN118'::text, 'Diane'::text, 'Boyd'::text,
    '1990-11-09', 'female'::text, 'diane.boyd@email.com'::text, '+1-555-0001',
    90.5, 179, 'Current'::text,
    false, false,
    false, false,
    false, false,
    NULL, '2025-10-14'::text, '2026-04-25'::text
);
INSERT INTO observations (patient_id, observation_type, value_numeric, value_text, unit, observation_date, status)
VALUES ('e42fee4b-a58c-4844-928a-fdbd3179b7d3', 'eGFR', 99.21, NULL, 'mL/min/1.73m²'::text, CURRENT_TIMESTAMP, 'final');
INSERT INTO observations (patient_id, observation_type, value_numeric, value_text, unit, observation_date, status)
VALUES ('e42fee4b-a58c-4844-928a-fdbd3179b7d3', 'eGFR_trend', NULL, 'stable'::text, NULL, CURRENT_TIMESTAMP, 'final');
INSERT INTO observations (patient_id, observation_type, value_numeric, value_text, unit, observation_date, status)
VALUES ('e42fee4b-a58c-4844-928a-fdbd3179b7d3', 'eGFR_change_percent', 1.8, NULL, '%'::text, CURRENT_TIMESTAMP, 'final');
INSERT INTO observations (patient_id, observation_type, value_numeric, value_text, unit, observation_date, status)
VALUES ('e42fee4b-a58c-4844-928a-fdbd3179b7d3', 'serum_creatinine', 0.97, NULL, 'mg/dL'::text, CURRENT_TIMESTAMP, 'final');
INSERT INTO observations (patient_id, observation_type, value_numeric, value_text, unit, observation_date, status)
VALUES ('e42fee4b-a58c-4844-928a-fdbd3179b7d3', 'BUN', 68, NULL, 'mg/dL'::text, CURRENT_TIMESTAMP, 'final');
INSERT INTO observations (patient_id, observation_type, value_numeric, value_text, unit, observation_date, status)
VALUES ('e42fee4b-a58c-4844-928a-fdbd3179b7d3', 'uACR', 20.77, NULL, 'mg/g'::text, CURRENT_TIMESTAMP, 'final');
INSERT INTO observations (patient_id, observation_type, value_numeric, value_text, unit, observation_date, status)
VALUES ('e42fee4b-a58c-4844-928a-fdbd3179b7d3', 'proteinuria_category', NULL, 'A1'::text, NULL, CURRENT_TIMESTAMP, 'final');
INSERT INTO observations (patient_id, observation_type, value_numeric, value_text, unit, observation_date, status)
VALUES ('e42fee4b-a58c-4844-928a-fdbd3179b7d3', 'blood_pressure_systolic', 134, NULL, 'mmHg'::text, CURRENT_TIMESTAMP, 'final');
INSERT INTO observations (patient_id, observation_type, value_numeric, value_text, unit, observation_date, status)
VALUES ('e42fee4b-a58c-4844-928a-fdbd3179b7d3', 'blood_pressure_diastolic', 84, NULL, 'mmHg'::text, CURRENT_TIMESTAMP, 'final');
INSERT INTO observations (patient_id, observation_type, value_numeric, value_text, unit, observation_date, status)
VALUES ('e42fee4b-a58c-4844-928a-fdbd3179b7d3', 'HbA1c', 6.1, NULL, '%'::text, CURRENT_TIMESTAMP, 'final');
INSERT INTO observations (patient_id, observation_type, value_numeric, value_text, unit, observation_date, status)
VALUES ('e42fee4b-a58c-4844-928a-fdbd3179b7d3', 'LDL_cholesterol', 123, NULL, 'mg/dL'::text, CURRENT_TIMESTAMP, 'final');
INSERT INTO observations (patient_id, observation_type, value_numeric, value_text, unit, observation_date, status)
VALUES ('e42fee4b-a58c-4844-928a-fdbd3179b7d3', 'HDL_cholesterol', 62, NULL, 'mg/dL'::text, CURRENT_TIMESTAMP, 'final');
INSERT INTO observations (patient_id, observation_type, value_numeric, value_text, unit, observation_date, status)
VALUES ('e42fee4b-a58c-4844-928a-fdbd3179b7d3', 'BMI', 28.2, NULL, 'kg/m²'::text, CURRENT_TIMESTAMP, 'final');
INSERT INTO observations (patient_id, observation_type, value_numeric, value_text, unit, observation_date, status)
VALUES ('e42fee4b-a58c-4844-928a-fdbd3179b7d3', 'hemoglobin', 13.7, NULL, 'g/dL'::text, CURRENT_TIMESTAMP, 'final');
INSERT INTO observations (patient_id, observation_type, value_numeric, value_text, unit, observation_date, status)
VALUES ('e42fee4b-a58c-4844-928a-fdbd3179b7d3', 'potassium', 4.9, NULL, 'mEq/L'::text, CURRENT_TIMESTAMP, 'final');
INSERT INTO observations (patient_id, observation_type, value_numeric, value_text, unit, observation_date, status)
VALUES ('e42fee4b-a58c-4844-928a-fdbd3179b7d3', 'calcium', 8.1, NULL, 'mg/dL'::text, CURRENT_TIMESTAMP, 'final');
INSERT INTO observations (patient_id, observation_type, value_numeric, value_text, unit, observation_date, status)
VALUES ('e42fee4b-a58c-4844-928a-fdbd3179b7d3', 'phosphorus', 3.2, NULL, 'mg/dL'::text, CURRENT_TIMESTAMP, 'final');
INSERT INTO observations (patient_id, observation_type, value_numeric, value_text, unit, observation_date, status)
VALUES ('e42fee4b-a58c-4844-928a-fdbd3179b7d3', 'albumin', 3.6, NULL, 'g/dL'::text, CURRENT_TIMESTAMP, 'final');

-- Patient: Elizabeth Collins
INSERT INTO patients (
    id, medical_record_number, first_name, last_name, date_of_birth, gender, email, phone,
    weight, height, smoking_status, cvd_history, family_history_esrd,
    on_ras_inhibitor, on_sglt2i, nephrotoxic_meds, nephrologist_referral,
    diagnosis_date, last_visit_date, next_visit_date
) VALUES (
    '1016c166-db29-4354-875f-57fae01166b4', 'MRN119'::text, 'Elizabeth'::text, 'Collins'::text,
    '1964-11-09', 'female'::text, 'elizabeth.collins@email.com'::text, '+1-555-0001',
    89.5, 168, 'Never'::text,
    false, false,
    true, false,
    false, false,
    '2021-11-09', '2025-10-21'::text, '2026-01-24'::text
);
INSERT INTO observations (patient_id, observation_type, value_numeric, value_text, unit, observation_date, status)
VALUES ('1016c166-db29-4354-875f-57fae01166b4', 'eGFR', 38.91, NULL, 'mL/min/1.73m²'::text, CURRENT_TIMESTAMP, 'final');
INSERT INTO observations (patient_id, observation_type, value_numeric, value_text, unit, observation_date, status)
VALUES ('1016c166-db29-4354-875f-57fae01166b4', 'eGFR_trend', NULL, 'down'::text, NULL, CURRENT_TIMESTAMP, 'final');
INSERT INTO observations (patient_id, observation_type, value_numeric, value_text, unit, observation_date, status)
VALUES ('1016c166-db29-4354-875f-57fae01166b4', 'eGFR_change_percent', -1.1, NULL, '%'::text, CURRENT_TIMESTAMP, 'final');
INSERT INTO observations (patient_id, observation_type, value_numeric, value_text, unit, observation_date, status)
VALUES ('1016c166-db29-4354-875f-57fae01166b4', 'serum_creatinine', 1.57, NULL, 'mg/dL'::text, CURRENT_TIMESTAMP, 'final');
INSERT INTO observations (patient_id, observation_type, value_numeric, value_text, unit, observation_date, status)
VALUES ('1016c166-db29-4354-875f-57fae01166b4', 'BUN', 163, NULL, 'mg/dL'::text, CURRENT_TIMESTAMP, 'final');
INSERT INTO observations (patient_id, observation_type, value_numeric, value_text, unit, observation_date, status)
VALUES ('1016c166-db29-4354-875f-57fae01166b4', 'uACR', 246.99, NULL, 'mg/g'::text, CURRENT_TIMESTAMP, 'final');
INSERT INTO observations (patient_id, observation_type, value_numeric, value_text, unit, observation_date, status)
VALUES ('1016c166-db29-4354-875f-57fae01166b4', 'proteinuria_category', NULL, 'A2'::text, NULL, CURRENT_TIMESTAMP, 'final');
INSERT INTO observations (patient_id, observation_type, value_numeric, value_text, unit, observation_date, status)
VALUES ('1016c166-db29-4354-875f-57fae01166b4', 'blood_pressure_systolic', 132, NULL, 'mmHg'::text, CURRENT_TIMESTAMP, 'final');
INSERT INTO observations (patient_id, observation_type, value_numeric, value_text, unit, observation_date, status)
VALUES ('1016c166-db29-4354-875f-57fae01166b4', 'blood_pressure_diastolic', 87, NULL, 'mmHg'::text, CURRENT_TIMESTAMP, 'final');
INSERT INTO observations (patient_id, observation_type, value_numeric, value_text, unit, observation_date, status)
VALUES ('1016c166-db29-4354-875f-57fae01166b4', 'HbA1c', 6.1, NULL, '%'::text, CURRENT_TIMESTAMP, 'final');
INSERT INTO observations (patient_id, observation_type, value_numeric, value_text, unit, observation_date, status)
VALUES ('1016c166-db29-4354-875f-57fae01166b4', 'LDL_cholesterol', 85, NULL, 'mg/dL'::text, CURRENT_TIMESTAMP, 'final');
INSERT INTO observations (patient_id, observation_type, value_numeric, value_text, unit, observation_date, status)
VALUES ('1016c166-db29-4354-875f-57fae01166b4', 'HDL_cholesterol', 29, NULL, 'mg/dL'::text, CURRENT_TIMESTAMP, 'final');
INSERT INTO observations (patient_id, observation_type, value_numeric, value_text, unit, observation_date, status)
VALUES ('1016c166-db29-4354-875f-57fae01166b4', 'BMI', 31.7, NULL, 'kg/m²'::text, CURRENT_TIMESTAMP, 'final');
INSERT INTO observations (patient_id, observation_type, value_numeric, value_text, unit, observation_date, status)
VALUES ('1016c166-db29-4354-875f-57fae01166b4', 'hemoglobin', 11.3, NULL, 'g/dL'::text, CURRENT_TIMESTAMP, 'final');
INSERT INTO observations (patient_id, observation_type, value_numeric, value_text, unit, observation_date, status)
VALUES ('1016c166-db29-4354-875f-57fae01166b4', 'potassium', 4.5, NULL, 'mEq/L'::text, CURRENT_TIMESTAMP, 'final');
INSERT INTO observations (patient_id, observation_type, value_numeric, value_text, unit, observation_date, status)
VALUES ('1016c166-db29-4354-875f-57fae01166b4', 'calcium', 8.2, NULL, 'mg/dL'::text, CURRENT_TIMESTAMP, 'final');
INSERT INTO observations (patient_id, observation_type, value_numeric, value_text, unit, observation_date, status)
VALUES ('1016c166-db29-4354-875f-57fae01166b4', 'phosphorus', 4.2, NULL, 'mg/dL'::text, CURRENT_TIMESTAMP, 'final');
INSERT INTO observations (patient_id, observation_type, value_numeric, value_text, unit, observation_date, status)
VALUES ('1016c166-db29-4354-875f-57fae01166b4', 'albumin', 3.5, NULL, 'g/dL'::text, CURRENT_TIMESTAMP, 'final');
INSERT INTO conditions (patient_id, condition_code, condition_name, clinical_status, onset_date, recorded_date, severity)
VALUES ('1016c166-db29-4354-875f-57fae01166b4', 'N18.3', 'Chronic Kidney Disease, Stage 3', 'active', '2021-11-09', CURRENT_TIMESTAMP, 'moderate');

-- Patient: Timothy Reynolds
INSERT INTO patients (
    id, medical_record_number, first_name, last_name, date_of_birth, gender, email, phone,
    weight, height, smoking_status, cvd_history, family_history_esrd,
    on_ras_inhibitor, on_sglt2i, nephrotoxic_meds, nephrologist_referral,
    diagnosis_date, last_visit_date, next_visit_date
) VALUES (
    'd7479bd4-104f-4d32-a652-94c15e197f6d', 'MRN120'::text, 'Timothy'::text, 'Reynolds'::text,
    '1972-11-09', 'male'::text, 'timothy.reynolds@email.com'::text, '+1-555-0001',
    87.2, 180, 'Former'::text,
    false, false,
    false, false,
    false, false,
    '2022-12-16', '2025-10-27'::text, '2026-02-23'::text
);
INSERT INTO observations (patient_id, observation_type, value_numeric, value_text, unit, observation_date, status)
VALUES ('d7479bd4-104f-4d32-a652-94c15e197f6d', 'eGFR', 43.47, NULL, 'mL/min/1.73m²'::text, CURRENT_TIMESTAMP, 'final');
INSERT INTO observations (patient_id, observation_type, value_numeric, value_text, unit, observation_date, status)
VALUES ('d7479bd4-104f-4d32-a652-94c15e197f6d', 'eGFR_trend', NULL, 'down'::text, NULL, CURRENT_TIMESTAMP, 'final');
INSERT INTO observations (patient_id, observation_type, value_numeric, value_text, unit, observation_date, status)
VALUES ('d7479bd4-104f-4d32-a652-94c15e197f6d', 'eGFR_change_percent', -4.9, NULL, '%'::text, CURRENT_TIMESTAMP, 'final');
INSERT INTO observations (patient_id, observation_type, value_numeric, value_text, unit, observation_date, status)
VALUES ('d7479bd4-104f-4d32-a652-94c15e197f6d', 'serum_creatinine', 1.96, NULL, 'mg/dL'::text, CURRENT_TIMESTAMP, 'final');
INSERT INTO observations (patient_id, observation_type, value_numeric, value_text, unit, observation_date, status)
VALUES ('d7479bd4-104f-4d32-a652-94c15e197f6d', 'BUN', 100, NULL, 'mg/dL'::text, CURRENT_TIMESTAMP, 'final');
INSERT INTO observations (patient_id, observation_type, value_numeric, value_text, unit, observation_date, status)
VALUES ('d7479bd4-104f-4d32-a652-94c15e197f6d', 'uACR', 136.85, NULL, 'mg/g'::text, CURRENT_TIMESTAMP, 'final');
INSERT INTO observations (patient_id, observation_type, value_numeric, value_text, unit, observation_date, status)
VALUES ('d7479bd4-104f-4d32-a652-94c15e197f6d', 'proteinuria_category', NULL, 'A2'::text, NULL, CURRENT_TIMESTAMP, 'final');
INSERT INTO observations (patient_id, observation_type, value_numeric, value_text, unit, observation_date, status)
VALUES ('d7479bd4-104f-4d32-a652-94c15e197f6d', 'blood_pressure_systolic', 154, NULL, 'mmHg'::text, CURRENT_TIMESTAMP, 'final');
INSERT INTO observations (patient_id, observation_type, value_numeric, value_text, unit, observation_date, status)
VALUES ('d7479bd4-104f-4d32-a652-94c15e197f6d', 'blood_pressure_diastolic', 85, NULL, 'mmHg'::text, CURRENT_TIMESTAMP, 'final');
INSERT INTO observations (patient_id, observation_type, value_numeric, value_text, unit, observation_date, status)
VALUES ('d7479bd4-104f-4d32-a652-94c15e197f6d', 'HbA1c', 5.8, NULL, '%'::text, CURRENT_TIMESTAMP, 'final');
INSERT INTO observations (patient_id, observation_type, value_numeric, value_text, unit, observation_date, status)
VALUES ('d7479bd4-104f-4d32-a652-94c15e197f6d', 'LDL_cholesterol', 93, NULL, 'mg/dL'::text, CURRENT_TIMESTAMP, 'final');
INSERT INTO observations (patient_id, observation_type, value_numeric, value_text, unit, observation_date, status)
VALUES ('d7479bd4-104f-4d32-a652-94c15e197f6d', 'HDL_cholesterol', 66, NULL, 'mg/dL'::text, CURRENT_TIMESTAMP, 'final');
INSERT INTO observations (patient_id, observation_type, value_numeric, value_text, unit, observation_date, status)
VALUES ('d7479bd4-104f-4d32-a652-94c15e197f6d', 'BMI', 26.9, NULL, 'kg/m²'::text, CURRENT_TIMESTAMP, 'final');
INSERT INTO observations (patient_id, observation_type, value_numeric, value_text, unit, observation_date, status)
VALUES ('d7479bd4-104f-4d32-a652-94c15e197f6d', 'hemoglobin', 11.5, NULL, 'g/dL'::text, CURRENT_TIMESTAMP, 'final');
INSERT INTO observations (patient_id, observation_type, value_numeric, value_text, unit, observation_date, status)
VALUES ('d7479bd4-104f-4d32-a652-94c15e197f6d', 'potassium', 4.5, NULL, 'mEq/L'::text, CURRENT_TIMESTAMP, 'final');
INSERT INTO observations (patient_id, observation_type, value_numeric, value_text, unit, observation_date, status)
VALUES ('d7479bd4-104f-4d32-a652-94c15e197f6d', 'calcium', 9.1, NULL, 'mg/dL'::text, CURRENT_TIMESTAMP, 'final');
INSERT INTO observations (patient_id, observation_type, value_numeric, value_text, unit, observation_date, status)
VALUES ('d7479bd4-104f-4d32-a652-94c15e197f6d', 'phosphorus', 4.8, NULL, 'mg/dL'::text, CURRENT_TIMESTAMP, 'final');
INSERT INTO observations (patient_id, observation_type, value_numeric, value_text, unit, observation_date, status)
VALUES ('d7479bd4-104f-4d32-a652-94c15e197f6d', 'albumin', 2.9, NULL, 'g/dL'::text, CURRENT_TIMESTAMP, 'final');
INSERT INTO conditions (patient_id, condition_code, condition_name, clinical_status, onset_date, recorded_date, severity)
VALUES ('d7479bd4-104f-4d32-a652-94c15e197f6d', 'N18.3', 'Chronic Kidney Disease, Stage 3', 'active', '2022-12-16', CURRENT_TIMESTAMP, 'moderate');

-- Patient: Eric Simpson
INSERT INTO patients (
    id, medical_record_number, first_name, last_name, date_of_birth, gender, email, phone,
    weight, height, smoking_status, cvd_history, family_history_esrd,
    on_ras_inhibitor, on_sglt2i, nephrotoxic_meds, nephrologist_referral,
    diagnosis_date, last_visit_date, next_visit_date
) VALUES (
    '7e1e2b09-d638-4380-af2c-a4328ed663e0', 'MRN121'::text, 'Eric'::text, 'Simpson'::text,
    '1976-11-09', 'male'::text, 'eric.simpson@email.com'::text, '+1-555-0001',
    67.4, 176, 'Never'::text,
    false, false,
    true, false,
    false, false,
    '2024-01-22', '2025-10-11'::text, '2026-04-22'::text
);
INSERT INTO observations (patient_id, observation_type, value_numeric, value_text, unit, observation_date, status)
VALUES ('7e1e2b09-d638-4380-af2c-a4328ed663e0', 'eGFR', 71.81, NULL, 'mL/min/1.73m²'::text, CURRENT_TIMESTAMP, 'final');
INSERT INTO observations (patient_id, observation_type, value_numeric, value_text, unit, observation_date, status)
VALUES ('7e1e2b09-d638-4380-af2c-a4328ed663e0', 'eGFR_trend', NULL, 'up'::text, NULL, CURRENT_TIMESTAMP, 'final');
INSERT INTO observations (patient_id, observation_type, value_numeric, value_text, unit, observation_date, status)
VALUES ('7e1e2b09-d638-4380-af2c-a4328ed663e0', 'eGFR_change_percent', 1.8, NULL, '%'::text, CURRENT_TIMESTAMP, 'final');
INSERT INTO observations (patient_id, observation_type, value_numeric, value_text, unit, observation_date, status)
VALUES ('7e1e2b09-d638-4380-af2c-a4328ed663e0', 'serum_creatinine', 1.03, NULL, 'mg/dL'::text, CURRENT_TIMESTAMP, 'final');
INSERT INTO observations (patient_id, observation_type, value_numeric, value_text, unit, observation_date, status)
VALUES ('7e1e2b09-d638-4380-af2c-a4328ed663e0', 'BUN', 73, NULL, 'mg/dL'::text, CURRENT_TIMESTAMP, 'final');
INSERT INTO observations (patient_id, observation_type, value_numeric, value_text, unit, observation_date, status)
VALUES ('7e1e2b09-d638-4380-af2c-a4328ed663e0', 'uACR', 43.33, NULL, 'mg/g'::text, CURRENT_TIMESTAMP, 'final');
INSERT INTO observations (patient_id, observation_type, value_numeric, value_text, unit, observation_date, status)
VALUES ('7e1e2b09-d638-4380-af2c-a4328ed663e0', 'proteinuria_category', NULL, 'A1'::text, NULL, CURRENT_TIMESTAMP, 'final');
INSERT INTO observations (patient_id, observation_type, value_numeric, value_text, unit, observation_date, status)
VALUES ('7e1e2b09-d638-4380-af2c-a4328ed663e0', 'blood_pressure_systolic', 144, NULL, 'mmHg'::text, CURRENT_TIMESTAMP, 'final');
INSERT INTO observations (patient_id, observation_type, value_numeric, value_text, unit, observation_date, status)
VALUES ('7e1e2b09-d638-4380-af2c-a4328ed663e0', 'blood_pressure_diastolic', 85, NULL, 'mmHg'::text, CURRENT_TIMESTAMP, 'final');
INSERT INTO observations (patient_id, observation_type, value_numeric, value_text, unit, observation_date, status)
VALUES ('7e1e2b09-d638-4380-af2c-a4328ed663e0', 'HbA1c', 8.1, NULL, '%'::text, CURRENT_TIMESTAMP, 'final');
INSERT INTO observations (patient_id, observation_type, value_numeric, value_text, unit, observation_date, status)
VALUES ('7e1e2b09-d638-4380-af2c-a4328ed663e0', 'LDL_cholesterol', 112, NULL, 'mg/dL'::text, CURRENT_TIMESTAMP, 'final');
INSERT INTO observations (patient_id, observation_type, value_numeric, value_text, unit, observation_date, status)
VALUES ('7e1e2b09-d638-4380-af2c-a4328ed663e0', 'HDL_cholesterol', 64, NULL, 'mg/dL'::text, CURRENT_TIMESTAMP, 'final');
INSERT INTO observations (patient_id, observation_type, value_numeric, value_text, unit, observation_date, status)
VALUES ('7e1e2b09-d638-4380-af2c-a4328ed663e0', 'BMI', 21.8, NULL, 'kg/m²'::text, CURRENT_TIMESTAMP, 'final');
INSERT INTO observations (patient_id, observation_type, value_numeric, value_text, unit, observation_date, status)
VALUES ('7e1e2b09-d638-4380-af2c-a4328ed663e0', 'hemoglobin', 14.3, NULL, 'g/dL'::text, CURRENT_TIMESTAMP, 'final');
INSERT INTO observations (patient_id, observation_type, value_numeric, value_text, unit, observation_date, status)
VALUES ('7e1e2b09-d638-4380-af2c-a4328ed663e0', 'potassium', 4.1, NULL, 'mEq/L'::text, CURRENT_TIMESTAMP, 'final');
INSERT INTO observations (patient_id, observation_type, value_numeric, value_text, unit, observation_date, status)
VALUES ('7e1e2b09-d638-4380-af2c-a4328ed663e0', 'calcium', 9.1, NULL, 'mg/dL'::text, CURRENT_TIMESTAMP, 'final');
INSERT INTO observations (patient_id, observation_type, value_numeric, value_text, unit, observation_date, status)
VALUES ('7e1e2b09-d638-4380-af2c-a4328ed663e0', 'phosphorus', 3.9, NULL, 'mg/dL'::text, CURRENT_TIMESTAMP, 'final');
INSERT INTO observations (patient_id, observation_type, value_numeric, value_text, unit, observation_date, status)
VALUES ('7e1e2b09-d638-4380-af2c-a4328ed663e0', 'albumin', 3.5, NULL, 'g/dL'::text, CURRENT_TIMESTAMP, 'final');
INSERT INTO conditions (patient_id, condition_code, condition_name, clinical_status, onset_date, recorded_date, severity)
VALUES ('7e1e2b09-d638-4380-af2c-a4328ed663e0', 'E11.9', 'Type 2 Diabetes Mellitus', 'active', '2024-01-22', CURRENT_TIMESTAMP, 'moderate');
INSERT INTO conditions (patient_id, condition_code, condition_name, clinical_status, onset_date, recorded_date, severity)
VALUES ('7e1e2b09-d638-4380-af2c-a4328ed663e0', 'I10', 'Essential Hypertension', 'active', '2024-01-22', CURRENT_TIMESTAMP, 'moderate');
INSERT INTO conditions (patient_id, condition_code, condition_name, clinical_status, onset_date, recorded_date, severity)
VALUES ('7e1e2b09-d638-4380-af2c-a4328ed663e0', 'N18.2', 'Chronic Kidney Disease, Stage 2', 'active', '2024-01-22', CURRENT_TIMESTAMP, 'mild');

-- Patient: Benjamin Hunter
INSERT INTO patients (
    id, medical_record_number, first_name, last_name, date_of_birth, gender, email, phone,
    weight, height, smoking_status, cvd_history, family_history_esrd,
    on_ras_inhibitor, on_sglt2i, nephrotoxic_meds, nephrologist_referral,
    diagnosis_date, last_visit_date, next_visit_date
) VALUES (
    '935c7cc7-3740-4d41-a6ec-0929cefb2447', 'MRN122'::text, 'Benjamin'::text, 'Hunter'::text,
    '1985-11-09', 'male'::text, 'benjamin.hunter@email.com'::text, '+1-555-0001',
    91.5, 168, 'Former'::text,
    false, false,
    false, false,
    false, false,
    NULL, '2025-10-14'::text, '2026-03-20'::text
);
INSERT INTO observations (patient_id, observation_type, value_numeric, value_text, unit, observation_date, status)
VALUES ('935c7cc7-3740-4d41-a6ec-0929cefb2447', 'eGFR', 111.9, NULL, 'mL/min/1.73m²'::text, CURRENT_TIMESTAMP, 'final');
INSERT INTO observations (patient_id, observation_type, value_numeric, value_text, unit, observation_date, status)
VALUES ('935c7cc7-3740-4d41-a6ec-0929cefb2447', 'eGFR_trend', NULL, 'down'::text, NULL, CURRENT_TIMESTAMP, 'final');
INSERT INTO observations (patient_id, observation_type, value_numeric, value_text, unit, observation_date, status)
VALUES ('935c7cc7-3740-4d41-a6ec-0929cefb2447', 'eGFR_change_percent', 3.5, NULL, '%'::text, CURRENT_TIMESTAMP, 'final');
INSERT INTO observations (patient_id, observation_type, value_numeric, value_text, unit, observation_date, status)
VALUES ('935c7cc7-3740-4d41-a6ec-0929cefb2447', 'serum_creatinine', 0.75, NULL, 'mg/dL'::text, CURRENT_TIMESTAMP, 'final');
INSERT INTO observations (patient_id, observation_type, value_numeric, value_text, unit, observation_date, status)
VALUES ('935c7cc7-3740-4d41-a6ec-0929cefb2447', 'BUN', 13, NULL, 'mg/dL'::text, CURRENT_TIMESTAMP, 'final');
INSERT INTO observations (patient_id, observation_type, value_numeric, value_text, unit, observation_date, status)
VALUES ('935c7cc7-3740-4d41-a6ec-0929cefb2447', 'uACR', 21.15, NULL, 'mg/g'::text, CURRENT_TIMESTAMP, 'final');
INSERT INTO observations (patient_id, observation_type, value_numeric, value_text, unit, observation_date, status)
VALUES ('935c7cc7-3740-4d41-a6ec-0929cefb2447', 'proteinuria_category', NULL, 'A1'::text, NULL, CURRENT_TIMESTAMP, 'final');
INSERT INTO observations (patient_id, observation_type, value_numeric, value_text, unit, observation_date, status)
VALUES ('935c7cc7-3740-4d41-a6ec-0929cefb2447', 'blood_pressure_systolic', 130, NULL, 'mmHg'::text, CURRENT_TIMESTAMP, 'final');
INSERT INTO observations (patient_id, observation_type, value_numeric, value_text, unit, observation_date, status)
VALUES ('935c7cc7-3740-4d41-a6ec-0929cefb2447', 'blood_pressure_diastolic', 70, NULL, 'mmHg'::text, CURRENT_TIMESTAMP, 'final');
INSERT INTO observations (patient_id, observation_type, value_numeric, value_text, unit, observation_date, status)
VALUES ('935c7cc7-3740-4d41-a6ec-0929cefb2447', 'HbA1c', 5.8, NULL, '%'::text, CURRENT_TIMESTAMP, 'final');
INSERT INTO observations (patient_id, observation_type, value_numeric, value_text, unit, observation_date, status)
VALUES ('935c7cc7-3740-4d41-a6ec-0929cefb2447', 'LDL_cholesterol', 106, NULL, 'mg/dL'::text, CURRENT_TIMESTAMP, 'final');
INSERT INTO observations (patient_id, observation_type, value_numeric, value_text, unit, observation_date, status)
VALUES ('935c7cc7-3740-4d41-a6ec-0929cefb2447', 'HDL_cholesterol', 54, NULL, 'mg/dL'::text, CURRENT_TIMESTAMP, 'final');
INSERT INTO observations (patient_id, observation_type, value_numeric, value_text, unit, observation_date, status)
VALUES ('935c7cc7-3740-4d41-a6ec-0929cefb2447', 'BMI', 32.4, NULL, 'kg/m²'::text, CURRENT_TIMESTAMP, 'final');
INSERT INTO observations (patient_id, observation_type, value_numeric, value_text, unit, observation_date, status)
VALUES ('935c7cc7-3740-4d41-a6ec-0929cefb2447', 'hemoglobin', 14.8, NULL, 'g/dL'::text, CURRENT_TIMESTAMP, 'final');
INSERT INTO observations (patient_id, observation_type, value_numeric, value_text, unit, observation_date, status)
VALUES ('935c7cc7-3740-4d41-a6ec-0929cefb2447', 'potassium', 4.2, NULL, 'mEq/L'::text, CURRENT_TIMESTAMP, 'final');
INSERT INTO observations (patient_id, observation_type, value_numeric, value_text, unit, observation_date, status)
VALUES ('935c7cc7-3740-4d41-a6ec-0929cefb2447', 'calcium', 8.4, NULL, 'mg/dL'::text, CURRENT_TIMESTAMP, 'final');
INSERT INTO observations (patient_id, observation_type, value_numeric, value_text, unit, observation_date, status)
VALUES ('935c7cc7-3740-4d41-a6ec-0929cefb2447', 'phosphorus', 3.2, NULL, 'mg/dL'::text, CURRENT_TIMESTAMP, 'final');
INSERT INTO observations (patient_id, observation_type, value_numeric, value_text, unit, observation_date, status)
VALUES ('935c7cc7-3740-4d41-a6ec-0929cefb2447', 'albumin', 2.6, NULL, 'g/dL'::text, CURRENT_TIMESTAMP, 'final');

-- Patient: Megan Powell
INSERT INTO patients (
    id, medical_record_number, first_name, last_name, date_of_birth, gender, email, phone,
    weight, height, smoking_status, cvd_history, family_history_esrd,
    on_ras_inhibitor, on_sglt2i, nephrotoxic_meds, nephrologist_referral,
    diagnosis_date, last_visit_date, next_visit_date
) VALUES (
    'ddb3b431-8fff-4e8d-9956-87fb7d38b7ea', 'MRN123'::text, 'Megan'::text, 'Powell'::text,
    '1983-11-09', 'female'::text, 'megan.powell@email.com'::text, '+1-555-0001',
    101.7, 165, 'Current'::text,
    false, false,
    false, false,
    false, false,
    '2024-06-16', '2025-11-02'::text, '2026-04-22'::text
);
INSERT INTO observations (patient_id, observation_type, value_numeric, value_text, unit, observation_date, status)
VALUES ('ddb3b431-8fff-4e8d-9956-87fb7d38b7ea', 'eGFR', 97.18, NULL, 'mL/min/1.73m²'::text, CURRENT_TIMESTAMP, 'final');
INSERT INTO observations (patient_id, observation_type, value_numeric, value_text, unit, observation_date, status)
VALUES ('ddb3b431-8fff-4e8d-9956-87fb7d38b7ea', 'eGFR_trend', NULL, 'up'::text, NULL, CURRENT_TIMESTAMP, 'final');
INSERT INTO observations (patient_id, observation_type, value_numeric, value_text, unit, observation_date, status)
VALUES ('ddb3b431-8fff-4e8d-9956-87fb7d38b7ea', 'eGFR_change_percent', -1.4, NULL, '%'::text, CURRENT_TIMESTAMP, 'final');
INSERT INTO observations (patient_id, observation_type, value_numeric, value_text, unit, observation_date, status)
VALUES ('ddb3b431-8fff-4e8d-9956-87fb7d38b7ea', 'serum_creatinine', 0.88, NULL, 'mg/dL'::text, CURRENT_TIMESTAMP, 'final');
INSERT INTO observations (patient_id, observation_type, value_numeric, value_text, unit, observation_date, status)
VALUES ('ddb3b431-8fff-4e8d-9956-87fb7d38b7ea', 'BUN', 121, NULL, 'mg/dL'::text, CURRENT_TIMESTAMP, 'final');
INSERT INTO observations (patient_id, observation_type, value_numeric, value_text, unit, observation_date, status)
VALUES ('ddb3b431-8fff-4e8d-9956-87fb7d38b7ea', 'uACR', 10.02, NULL, 'mg/g'::text, CURRENT_TIMESTAMP, 'final');
INSERT INTO observations (patient_id, observation_type, value_numeric, value_text, unit, observation_date, status)
VALUES ('ddb3b431-8fff-4e8d-9956-87fb7d38b7ea', 'proteinuria_category', NULL, 'A1'::text, NULL, CURRENT_TIMESTAMP, 'final');
INSERT INTO observations (patient_id, observation_type, value_numeric, value_text, unit, observation_date, status)
VALUES ('ddb3b431-8fff-4e8d-9956-87fb7d38b7ea', 'blood_pressure_systolic', 111, NULL, 'mmHg'::text, CURRENT_TIMESTAMP, 'final');
INSERT INTO observations (patient_id, observation_type, value_numeric, value_text, unit, observation_date, status)
VALUES ('ddb3b431-8fff-4e8d-9956-87fb7d38b7ea', 'blood_pressure_diastolic', 80, NULL, 'mmHg'::text, CURRENT_TIMESTAMP, 'final');
INSERT INTO observations (patient_id, observation_type, value_numeric, value_text, unit, observation_date, status)
VALUES ('ddb3b431-8fff-4e8d-9956-87fb7d38b7ea', 'HbA1c', 5.8, NULL, '%'::text, CURRENT_TIMESTAMP, 'final');
INSERT INTO observations (patient_id, observation_type, value_numeric, value_text, unit, observation_date, status)
VALUES ('ddb3b431-8fff-4e8d-9956-87fb7d38b7ea', 'LDL_cholesterol', 158, NULL, 'mg/dL'::text, CURRENT_TIMESTAMP, 'final');
INSERT INTO observations (patient_id, observation_type, value_numeric, value_text, unit, observation_date, status)
VALUES ('ddb3b431-8fff-4e8d-9956-87fb7d38b7ea', 'HDL_cholesterol', 58, NULL, 'mg/dL'::text, CURRENT_TIMESTAMP, 'final');
INSERT INTO observations (patient_id, observation_type, value_numeric, value_text, unit, observation_date, status)
VALUES ('ddb3b431-8fff-4e8d-9956-87fb7d38b7ea', 'BMI', 37.4, NULL, 'kg/m²'::text, CURRENT_TIMESTAMP, 'final');
INSERT INTO observations (patient_id, observation_type, value_numeric, value_text, unit, observation_date, status)
VALUES ('ddb3b431-8fff-4e8d-9956-87fb7d38b7ea', 'hemoglobin', 12.8, NULL, 'g/dL'::text, CURRENT_TIMESTAMP, 'final');
INSERT INTO observations (patient_id, observation_type, value_numeric, value_text, unit, observation_date, status)
VALUES ('ddb3b431-8fff-4e8d-9956-87fb7d38b7ea', 'potassium', 4.2, NULL, 'mEq/L'::text, CURRENT_TIMESTAMP, 'final');
INSERT INTO observations (patient_id, observation_type, value_numeric, value_text, unit, observation_date, status)
VALUES ('ddb3b431-8fff-4e8d-9956-87fb7d38b7ea', 'calcium', 9.7, NULL, 'mg/dL'::text, CURRENT_TIMESTAMP, 'final');
INSERT INTO observations (patient_id, observation_type, value_numeric, value_text, unit, observation_date, status)
VALUES ('ddb3b431-8fff-4e8d-9956-87fb7d38b7ea', 'phosphorus', 3.9, NULL, 'mg/dL'::text, CURRENT_TIMESTAMP, 'final');
INSERT INTO observations (patient_id, observation_type, value_numeric, value_text, unit, observation_date, status)
VALUES ('ddb3b431-8fff-4e8d-9956-87fb7d38b7ea', 'albumin', 3.9, NULL, 'g/dL'::text, CURRENT_TIMESTAMP, 'final');
INSERT INTO conditions (patient_id, condition_code, condition_name, clinical_status, onset_date, recorded_date, severity)
VALUES ('ddb3b431-8fff-4e8d-9956-87fb7d38b7ea', 'N18.1', 'Chronic Kidney Disease, Stage 1', 'active', '2024-06-16', CURRENT_TIMESTAMP, 'mild');

-- Patient: Amy Woods
INSERT INTO patients (
    id, medical_record_number, first_name, last_name, date_of_birth, gender, email, phone,
    weight, height, smoking_status, cvd_history, family_history_esrd,
    on_ras_inhibitor, on_sglt2i, nephrotoxic_meds, nephrologist_referral,
    diagnosis_date, last_visit_date, next_visit_date
) VALUES (
    '6772aeb2-693c-470c-a9c0-a864b12715ce', 'MRN124'::text, 'Amy'::text, 'Woods'::text,
    '1982-11-09', 'female'::text, 'amy.woods@email.com'::text, '+1-555-0001',
    80.2, 168, 'Never'::text,
    false, false,
    false, false,
    false, false,
    '2025-05-11', '2025-10-19'::text, '2026-03-20'::text
);
INSERT INTO observations (patient_id, observation_type, value_numeric, value_text, unit, observation_date, status)
VALUES ('6772aeb2-693c-470c-a9c0-a864b12715ce', 'eGFR', 111.35, NULL, 'mL/min/1.73m²'::text, CURRENT_TIMESTAMP, 'final');
INSERT INTO observations (patient_id, observation_type, value_numeric, value_text, unit, observation_date, status)
VALUES ('6772aeb2-693c-470c-a9c0-a864b12715ce', 'eGFR_trend', NULL, 'up'::text, NULL, CURRENT_TIMESTAMP, 'final');
INSERT INTO observations (patient_id, observation_type, value_numeric, value_text, unit, observation_date, status)
VALUES ('6772aeb2-693c-470c-a9c0-a864b12715ce', 'eGFR_change_percent', 0.8, NULL, '%'::text, CURRENT_TIMESTAMP, 'final');
INSERT INTO observations (patient_id, observation_type, value_numeric, value_text, unit, observation_date, status)
VALUES ('6772aeb2-693c-470c-a9c0-a864b12715ce', 'serum_creatinine', 0.8, NULL, 'mg/dL'::text, CURRENT_TIMESTAMP, 'final');
INSERT INTO observations (patient_id, observation_type, value_numeric, value_text, unit, observation_date, status)
VALUES ('6772aeb2-693c-470c-a9c0-a864b12715ce', 'BUN', 49, NULL, 'mg/dL'::text, CURRENT_TIMESTAMP, 'final');
INSERT INTO observations (patient_id, observation_type, value_numeric, value_text, unit, observation_date, status)
VALUES ('6772aeb2-693c-470c-a9c0-a864b12715ce', 'uACR', 22.15, NULL, 'mg/g'::text, CURRENT_TIMESTAMP, 'final');
INSERT INTO observations (patient_id, observation_type, value_numeric, value_text, unit, observation_date, status)
VALUES ('6772aeb2-693c-470c-a9c0-a864b12715ce', 'proteinuria_category', NULL, 'A1'::text, NULL, CURRENT_TIMESTAMP, 'final');
INSERT INTO observations (patient_id, observation_type, value_numeric, value_text, unit, observation_date, status)
VALUES ('6772aeb2-693c-470c-a9c0-a864b12715ce', 'blood_pressure_systolic', 125, NULL, 'mmHg'::text, CURRENT_TIMESTAMP, 'final');
INSERT INTO observations (patient_id, observation_type, value_numeric, value_text, unit, observation_date, status)
VALUES ('6772aeb2-693c-470c-a9c0-a864b12715ce', 'blood_pressure_diastolic', 82, NULL, 'mmHg'::text, CURRENT_TIMESTAMP, 'final');
INSERT INTO observations (patient_id, observation_type, value_numeric, value_text, unit, observation_date, status)
VALUES ('6772aeb2-693c-470c-a9c0-a864b12715ce', 'HbA1c', 5.1, NULL, '%'::text, CURRENT_TIMESTAMP, 'final');
INSERT INTO observations (patient_id, observation_type, value_numeric, value_text, unit, observation_date, status)
VALUES ('6772aeb2-693c-470c-a9c0-a864b12715ce', 'LDL_cholesterol', 125, NULL, 'mg/dL'::text, CURRENT_TIMESTAMP, 'final');
INSERT INTO observations (patient_id, observation_type, value_numeric, value_text, unit, observation_date, status)
VALUES ('6772aeb2-693c-470c-a9c0-a864b12715ce', 'HDL_cholesterol', 59, NULL, 'mg/dL'::text, CURRENT_TIMESTAMP, 'final');
INSERT INTO observations (patient_id, observation_type, value_numeric, value_text, unit, observation_date, status)
VALUES ('6772aeb2-693c-470c-a9c0-a864b12715ce', 'BMI', 28.4, NULL, 'kg/m²'::text, CURRENT_TIMESTAMP, 'final');
INSERT INTO observations (patient_id, observation_type, value_numeric, value_text, unit, observation_date, status)
VALUES ('6772aeb2-693c-470c-a9c0-a864b12715ce', 'hemoglobin', 13.3, NULL, 'g/dL'::text, CURRENT_TIMESTAMP, 'final');
INSERT INTO observations (patient_id, observation_type, value_numeric, value_text, unit, observation_date, status)
VALUES ('6772aeb2-693c-470c-a9c0-a864b12715ce', 'potassium', 4.2, NULL, 'mEq/L'::text, CURRENT_TIMESTAMP, 'final');
INSERT INTO observations (patient_id, observation_type, value_numeric, value_text, unit, observation_date, status)
VALUES ('6772aeb2-693c-470c-a9c0-a864b12715ce', 'calcium', 8.3, NULL, 'mg/dL'::text, CURRENT_TIMESTAMP, 'final');
INSERT INTO observations (patient_id, observation_type, value_numeric, value_text, unit, observation_date, status)
VALUES ('6772aeb2-693c-470c-a9c0-a864b12715ce', 'phosphorus', 3.3, NULL, 'mg/dL'::text, CURRENT_TIMESTAMP, 'final');
INSERT INTO observations (patient_id, observation_type, value_numeric, value_text, unit, observation_date, status)
VALUES ('6772aeb2-693c-470c-a9c0-a864b12715ce', 'albumin', 2.5, NULL, 'g/dL'::text, CURRENT_TIMESTAMP, 'final');
INSERT INTO conditions (patient_id, condition_code, condition_name, clinical_status, onset_date, recorded_date, severity)
VALUES ('6772aeb2-693c-470c-a9c0-a864b12715ce', 'N18.1', 'Chronic Kidney Disease, Stage 1', 'active', '2025-05-11', CURRENT_TIMESTAMP, 'mild');

-- Patient: Cynthia Stewart
INSERT INTO patients (
    id, medical_record_number, first_name, last_name, date_of_birth, gender, email, phone,
    weight, height, smoking_status, cvd_history, family_history_esrd,
    on_ras_inhibitor, on_sglt2i, nephrotoxic_meds, nephrologist_referral,
    diagnosis_date, last_visit_date, next_visit_date
) VALUES (
    '01a96a1b-d753-4906-b8f3-db2c59adcd9d', 'MRN125'::text, 'Cynthia'::text, 'Stewart'::text,
    '1955-11-09', 'female'::text, 'cynthia.stewart@email.com'::text, '+1-555-0001',
    94.9, 180, 'Former'::text,
    false, false,
    true, false,
    false, false,
    '2023-02-27', '2025-11-04'::text, '2026-01-28'::text
);
INSERT INTO observations (patient_id, observation_type, value_numeric, value_text, unit, observation_date, status)
VALUES ('01a96a1b-d753-4906-b8f3-db2c59adcd9d', 'eGFR', 56.22, NULL, 'mL/min/1.73m²'::text, CURRENT_TIMESTAMP, 'final');
INSERT INTO observations (patient_id, observation_type, value_numeric, value_text, unit, observation_date, status)
VALUES ('01a96a1b-d753-4906-b8f3-db2c59adcd9d', 'eGFR_trend', NULL, 'stable'::text, NULL, CURRENT_TIMESTAMP, 'final');
INSERT INTO observations (patient_id, observation_type, value_numeric, value_text, unit, observation_date, status)
VALUES ('01a96a1b-d753-4906-b8f3-db2c59adcd9d', 'eGFR_change_percent', -2.5, NULL, '%'::text, CURRENT_TIMESTAMP, 'final');
INSERT INTO observations (patient_id, observation_type, value_numeric, value_text, unit, observation_date, status)
VALUES ('01a96a1b-d753-4906-b8f3-db2c59adcd9d', 'serum_creatinine', 1.62, NULL, 'mg/dL'::text, CURRENT_TIMESTAMP, 'final');
INSERT INTO observations (patient_id, observation_type, value_numeric, value_text, unit, observation_date, status)
VALUES ('01a96a1b-d753-4906-b8f3-db2c59adcd9d', 'BUN', 98, NULL, 'mg/dL'::text, CURRENT_TIMESTAMP, 'final');
INSERT INTO observations (patient_id, observation_type, value_numeric, value_text, unit, observation_date, status)
VALUES ('01a96a1b-d753-4906-b8f3-db2c59adcd9d', 'uACR', 254.38, NULL, 'mg/g'::text, CURRENT_TIMESTAMP, 'final');
INSERT INTO observations (patient_id, observation_type, value_numeric, value_text, unit, observation_date, status)
VALUES ('01a96a1b-d753-4906-b8f3-db2c59adcd9d', 'proteinuria_category', NULL, 'A2'::text, NULL, CURRENT_TIMESTAMP, 'final');
INSERT INTO observations (patient_id, observation_type, value_numeric, value_text, unit, observation_date, status)
VALUES ('01a96a1b-d753-4906-b8f3-db2c59adcd9d', 'blood_pressure_systolic', 134, NULL, 'mmHg'::text, CURRENT_TIMESTAMP, 'final');
INSERT INTO observations (patient_id, observation_type, value_numeric, value_text, unit, observation_date, status)
VALUES ('01a96a1b-d753-4906-b8f3-db2c59adcd9d', 'blood_pressure_diastolic', 83, NULL, 'mmHg'::text, CURRENT_TIMESTAMP, 'final');
INSERT INTO observations (patient_id, observation_type, value_numeric, value_text, unit, observation_date, status)
VALUES ('01a96a1b-d753-4906-b8f3-db2c59adcd9d', 'HbA1c', 5.4, NULL, '%'::text, CURRENT_TIMESTAMP, 'final');
INSERT INTO observations (patient_id, observation_type, value_numeric, value_text, unit, observation_date, status)
VALUES ('01a96a1b-d753-4906-b8f3-db2c59adcd9d', 'LDL_cholesterol', 86, NULL, 'mg/dL'::text, CURRENT_TIMESTAMP, 'final');
INSERT INTO observations (patient_id, observation_type, value_numeric, value_text, unit, observation_date, status)
VALUES ('01a96a1b-d753-4906-b8f3-db2c59adcd9d', 'HDL_cholesterol', 43, NULL, 'mg/dL'::text, CURRENT_TIMESTAMP, 'final');
INSERT INTO observations (patient_id, observation_type, value_numeric, value_text, unit, observation_date, status)
VALUES ('01a96a1b-d753-4906-b8f3-db2c59adcd9d', 'BMI', 29.3, NULL, 'kg/m²'::text, CURRENT_TIMESTAMP, 'final');
INSERT INTO observations (patient_id, observation_type, value_numeric, value_text, unit, observation_date, status)
VALUES ('01a96a1b-d753-4906-b8f3-db2c59adcd9d', 'hemoglobin', 11.0, NULL, 'g/dL'::text, CURRENT_TIMESTAMP, 'final');
INSERT INTO observations (patient_id, observation_type, value_numeric, value_text, unit, observation_date, status)
VALUES ('01a96a1b-d753-4906-b8f3-db2c59adcd9d', 'potassium', 4.1, NULL, 'mEq/L'::text, CURRENT_TIMESTAMP, 'final');
INSERT INTO observations (patient_id, observation_type, value_numeric, value_text, unit, observation_date, status)
VALUES ('01a96a1b-d753-4906-b8f3-db2c59adcd9d', 'calcium', 8.2, NULL, 'mg/dL'::text, CURRENT_TIMESTAMP, 'final');
INSERT INTO observations (patient_id, observation_type, value_numeric, value_text, unit, observation_date, status)
VALUES ('01a96a1b-d753-4906-b8f3-db2c59adcd9d', 'phosphorus', 4.1, NULL, 'mg/dL'::text, CURRENT_TIMESTAMP, 'final');
INSERT INTO observations (patient_id, observation_type, value_numeric, value_text, unit, observation_date, status)
VALUES ('01a96a1b-d753-4906-b8f3-db2c59adcd9d', 'albumin', 3.6, NULL, 'g/dL'::text, CURRENT_TIMESTAMP, 'final');
INSERT INTO conditions (patient_id, condition_code, condition_name, clinical_status, onset_date, recorded_date, severity)
VALUES ('01a96a1b-d753-4906-b8f3-db2c59adcd9d', 'I10', 'Essential Hypertension', 'active', '2023-02-27', CURRENT_TIMESTAMP, 'moderate');
INSERT INTO conditions (patient_id, condition_code, condition_name, clinical_status, onset_date, recorded_date, severity)
VALUES ('01a96a1b-d753-4906-b8f3-db2c59adcd9d', 'N18.3', 'Chronic Kidney Disease, Stage 3', 'active', '2023-02-27', CURRENT_TIMESTAMP, 'moderate');

-- Patient: Louis Duncan
INSERT INTO patients (
    id, medical_record_number, first_name, last_name, date_of_birth, gender, email, phone,
    weight, height, smoking_status, cvd_history, family_history_esrd,
    on_ras_inhibitor, on_sglt2i, nephrotoxic_meds, nephrologist_referral,
    diagnosis_date, last_visit_date, next_visit_date
) VALUES (
    '4bcf2c52-76c1-467e-b2a0-33ddd36cf0af', 'MRN126'::text, 'Louis'::text, 'Duncan'::text,
    '1966-11-09', 'male'::text, 'louis.duncan@email.com'::text, '+1-555-0001',
    96.4, 187, 'Never'::text,
    false, true,
    false, false,
    false, true,
    '2021-07-23', '2025-10-28'::text, '2025-11-26'::text
);
INSERT INTO observations (patient_id, observation_type, value_numeric, value_text, unit, observation_date, status)
VALUES ('4bcf2c52-76c1-467e-b2a0-33ddd36cf0af', 'eGFR', 27.02, NULL, 'mL/min/1.73m²'::text, CURRENT_TIMESTAMP, 'final');
INSERT INTO observations (patient_id, observation_type, value_numeric, value_text, unit, observation_date, status)
VALUES ('4bcf2c52-76c1-467e-b2a0-33ddd36cf0af', 'eGFR_trend', NULL, 'down'::text, NULL, CURRENT_TIMESTAMP, 'final');
INSERT INTO observations (patient_id, observation_type, value_numeric, value_text, unit, observation_date, status)
VALUES ('4bcf2c52-76c1-467e-b2a0-33ddd36cf0af', 'eGFR_change_percent', -9.7, NULL, '%'::text, CURRENT_TIMESTAMP, 'final');
INSERT INTO observations (patient_id, observation_type, value_numeric, value_text, unit, observation_date, status)
VALUES ('4bcf2c52-76c1-467e-b2a0-33ddd36cf0af', 'serum_creatinine', 2.59, NULL, 'mg/dL'::text, CURRENT_TIMESTAMP, 'final');
INSERT INTO observations (patient_id, observation_type, value_numeric, value_text, unit, observation_date, status)
VALUES ('4bcf2c52-76c1-467e-b2a0-33ddd36cf0af', 'BUN', 200, NULL, 'mg/dL'::text, CURRENT_TIMESTAMP, 'final');
INSERT INTO observations (patient_id, observation_type, value_numeric, value_text, unit, observation_date, status)
VALUES ('4bcf2c52-76c1-467e-b2a0-33ddd36cf0af', 'uACR', 620.3, NULL, 'mg/g'::text, CURRENT_TIMESTAMP, 'final');
INSERT INTO observations (patient_id, observation_type, value_numeric, value_text, unit, observation_date, status)
VALUES ('4bcf2c52-76c1-467e-b2a0-33ddd36cf0af', 'proteinuria_category', NULL, 'A3'::text, NULL, CURRENT_TIMESTAMP, 'final');
INSERT INTO observations (patient_id, observation_type, value_numeric, value_text, unit, observation_date, status)
VALUES ('4bcf2c52-76c1-467e-b2a0-33ddd36cf0af', 'blood_pressure_systolic', 166, NULL, 'mmHg'::text, CURRENT_TIMESTAMP, 'final');
INSERT INTO observations (patient_id, observation_type, value_numeric, value_text, unit, observation_date, status)
VALUES ('4bcf2c52-76c1-467e-b2a0-33ddd36cf0af', 'blood_pressure_diastolic', 92, NULL, 'mmHg'::text, CURRENT_TIMESTAMP, 'final');
INSERT INTO observations (patient_id, observation_type, value_numeric, value_text, unit, observation_date, status)
VALUES ('4bcf2c52-76c1-467e-b2a0-33ddd36cf0af', 'HbA1c', 9.5, NULL, '%'::text, CURRENT_TIMESTAMP, 'final');
INSERT INTO observations (patient_id, observation_type, value_numeric, value_text, unit, observation_date, status)
VALUES ('4bcf2c52-76c1-467e-b2a0-33ddd36cf0af', 'LDL_cholesterol', 166, NULL, 'mg/dL'::text, CURRENT_TIMESTAMP, 'final');
INSERT INTO observations (patient_id, observation_type, value_numeric, value_text, unit, observation_date, status)
VALUES ('4bcf2c52-76c1-467e-b2a0-33ddd36cf0af', 'HDL_cholesterol', 57, NULL, 'mg/dL'::text, CURRENT_TIMESTAMP, 'final');
INSERT INTO observations (patient_id, observation_type, value_numeric, value_text, unit, observation_date, status)
VALUES ('4bcf2c52-76c1-467e-b2a0-33ddd36cf0af', 'BMI', 27.6, NULL, 'kg/m²'::text, CURRENT_TIMESTAMP, 'final');
INSERT INTO observations (patient_id, observation_type, value_numeric, value_text, unit, observation_date, status)
VALUES ('4bcf2c52-76c1-467e-b2a0-33ddd36cf0af', 'hemoglobin', 8.3, NULL, 'g/dL'::text, CURRENT_TIMESTAMP, 'final');
INSERT INTO observations (patient_id, observation_type, value_numeric, value_text, unit, observation_date, status)
VALUES ('4bcf2c52-76c1-467e-b2a0-33ddd36cf0af', 'potassium', 4.9, NULL, 'mEq/L'::text, CURRENT_TIMESTAMP, 'final');
INSERT INTO observations (patient_id, observation_type, value_numeric, value_text, unit, observation_date, status)
VALUES ('4bcf2c52-76c1-467e-b2a0-33ddd36cf0af', 'calcium', 9.1, NULL, 'mg/dL'::text, CURRENT_TIMESTAMP, 'final');
INSERT INTO observations (patient_id, observation_type, value_numeric, value_text, unit, observation_date, status)
VALUES ('4bcf2c52-76c1-467e-b2a0-33ddd36cf0af', 'phosphorus', 7.0, NULL, 'mg/dL'::text, CURRENT_TIMESTAMP, 'final');
INSERT INTO observations (patient_id, observation_type, value_numeric, value_text, unit, observation_date, status)
VALUES ('4bcf2c52-76c1-467e-b2a0-33ddd36cf0af', 'albumin', 3.5, NULL, 'g/dL'::text, CURRENT_TIMESTAMP, 'final');
INSERT INTO conditions (patient_id, condition_code, condition_name, clinical_status, onset_date, recorded_date, severity)
VALUES ('4bcf2c52-76c1-467e-b2a0-33ddd36cf0af', 'E11.9', 'Type 2 Diabetes Mellitus', 'active', '2021-07-23', CURRENT_TIMESTAMP, 'moderate');
INSERT INTO conditions (patient_id, condition_code, condition_name, clinical_status, onset_date, recorded_date, severity)
VALUES ('4bcf2c52-76c1-467e-b2a0-33ddd36cf0af', 'N18.4', 'Chronic Kidney Disease, Stage 4', 'active', '2021-07-23', CURRENT_TIMESTAMP, 'severe');

-- Patient: Kathleen Stone
INSERT INTO patients (
    id, medical_record_number, first_name, last_name, date_of_birth, gender, email, phone,
    weight, height, smoking_status, cvd_history, family_history_esrd,
    on_ras_inhibitor, on_sglt2i, nephrotoxic_meds, nephrologist_referral,
    diagnosis_date, last_visit_date, next_visit_date
) VALUES (
    '908d1646-49e7-4a8e-b32a-b7930b0e2a5c', 'MRN127'::text, 'Kathleen'::text, 'Stone'::text,
    '1961-11-09', 'female'::text, 'kathleen.stone@email.com'::text, '+1-555-0001',
    95.5, 160, 'Never'::text,
    false, false,
    true, true,
    false, false,
    '2025-02-27', '2025-10-14'::text, '2026-03-24'::text
);
INSERT INTO observations (patient_id, observation_type, value_numeric, value_text, unit, observation_date, status)
VALUES ('908d1646-49e7-4a8e-b32a-b7930b0e2a5c', 'eGFR', 67.9, NULL, 'mL/min/1.73m²'::text, CURRENT_TIMESTAMP, 'final');
INSERT INTO observations (patient_id, observation_type, value_numeric, value_text, unit, observation_date, status)
VALUES ('908d1646-49e7-4a8e-b32a-b7930b0e2a5c', 'eGFR_trend', NULL, 'down'::text, NULL, CURRENT_TIMESTAMP, 'final');
INSERT INTO observations (patient_id, observation_type, value_numeric, value_text, unit, observation_date, status)
VALUES ('908d1646-49e7-4a8e-b32a-b7930b0e2a5c', 'eGFR_change_percent', -0.2, NULL, '%'::text, CURRENT_TIMESTAMP, 'final');
INSERT INTO observations (patient_id, observation_type, value_numeric, value_text, unit, observation_date, status)
VALUES ('908d1646-49e7-4a8e-b32a-b7930b0e2a5c', 'serum_creatinine', 1.0, NULL, 'mg/dL'::text, CURRENT_TIMESTAMP, 'final');
INSERT INTO observations (patient_id, observation_type, value_numeric, value_text, unit, observation_date, status)
VALUES ('908d1646-49e7-4a8e-b32a-b7930b0e2a5c', 'BUN', 153, NULL, 'mg/dL'::text, CURRENT_TIMESTAMP, 'final');
INSERT INTO observations (patient_id, observation_type, value_numeric, value_text, unit, observation_date, status)
VALUES ('908d1646-49e7-4a8e-b32a-b7930b0e2a5c', 'uACR', 66.65, NULL, 'mg/g'::text, CURRENT_TIMESTAMP, 'final');
INSERT INTO observations (patient_id, observation_type, value_numeric, value_text, unit, observation_date, status)
VALUES ('908d1646-49e7-4a8e-b32a-b7930b0e2a5c', 'proteinuria_category', NULL, 'A1'::text, NULL, CURRENT_TIMESTAMP, 'final');
INSERT INTO observations (patient_id, observation_type, value_numeric, value_text, unit, observation_date, status)
VALUES ('908d1646-49e7-4a8e-b32a-b7930b0e2a5c', 'blood_pressure_systolic', 135, NULL, 'mmHg'::text, CURRENT_TIMESTAMP, 'final');
INSERT INTO observations (patient_id, observation_type, value_numeric, value_text, unit, observation_date, status)
VALUES ('908d1646-49e7-4a8e-b32a-b7930b0e2a5c', 'blood_pressure_diastolic', 90, NULL, 'mmHg'::text, CURRENT_TIMESTAMP, 'final');
INSERT INTO observations (patient_id, observation_type, value_numeric, value_text, unit, observation_date, status)
VALUES ('908d1646-49e7-4a8e-b32a-b7930b0e2a5c', 'HbA1c', 6.8, NULL, '%'::text, CURRENT_TIMESTAMP, 'final');
INSERT INTO observations (patient_id, observation_type, value_numeric, value_text, unit, observation_date, status)
VALUES ('908d1646-49e7-4a8e-b32a-b7930b0e2a5c', 'LDL_cholesterol', 104, NULL, 'mg/dL'::text, CURRENT_TIMESTAMP, 'final');
INSERT INTO observations (patient_id, observation_type, value_numeric, value_text, unit, observation_date, status)
VALUES ('908d1646-49e7-4a8e-b32a-b7930b0e2a5c', 'HDL_cholesterol', 65, NULL, 'mg/dL'::text, CURRENT_TIMESTAMP, 'final');
INSERT INTO observations (patient_id, observation_type, value_numeric, value_text, unit, observation_date, status)
VALUES ('908d1646-49e7-4a8e-b32a-b7930b0e2a5c', 'BMI', 37.3, NULL, 'kg/m²'::text, CURRENT_TIMESTAMP, 'final');
INSERT INTO observations (patient_id, observation_type, value_numeric, value_text, unit, observation_date, status)
VALUES ('908d1646-49e7-4a8e-b32a-b7930b0e2a5c', 'hemoglobin', 12.7, NULL, 'g/dL'::text, CURRENT_TIMESTAMP, 'final');
INSERT INTO observations (patient_id, observation_type, value_numeric, value_text, unit, observation_date, status)
VALUES ('908d1646-49e7-4a8e-b32a-b7930b0e2a5c', 'potassium', 4.0, NULL, 'mEq/L'::text, CURRENT_TIMESTAMP, 'final');
INSERT INTO observations (patient_id, observation_type, value_numeric, value_text, unit, observation_date, status)
VALUES ('908d1646-49e7-4a8e-b32a-b7930b0e2a5c', 'calcium', 9.2, NULL, 'mg/dL'::text, CURRENT_TIMESTAMP, 'final');
INSERT INTO observations (patient_id, observation_type, value_numeric, value_text, unit, observation_date, status)
VALUES ('908d1646-49e7-4a8e-b32a-b7930b0e2a5c', 'phosphorus', 3.5, NULL, 'mg/dL'::text, CURRENT_TIMESTAMP, 'final');
INSERT INTO observations (patient_id, observation_type, value_numeric, value_text, unit, observation_date, status)
VALUES ('908d1646-49e7-4a8e-b32a-b7930b0e2a5c', 'albumin', 2.9, NULL, 'g/dL'::text, CURRENT_TIMESTAMP, 'final');
INSERT INTO conditions (patient_id, condition_code, condition_name, clinical_status, onset_date, recorded_date, severity)
VALUES ('908d1646-49e7-4a8e-b32a-b7930b0e2a5c', 'E11.9', 'Type 2 Diabetes Mellitus', 'active', '2025-02-27', CURRENT_TIMESTAMP, 'moderate');
INSERT INTO conditions (patient_id, condition_code, condition_name, clinical_status, onset_date, recorded_date, severity)
VALUES ('908d1646-49e7-4a8e-b32a-b7930b0e2a5c', 'N18.2', 'Chronic Kidney Disease, Stage 2', 'active', '2025-02-27', CURRENT_TIMESTAMP, 'mild');

-- Patient: Caroline Bennett
INSERT INTO patients (
    id, medical_record_number, first_name, last_name, date_of_birth, gender, email, phone,
    weight, height, smoking_status, cvd_history, family_history_esrd,
    on_ras_inhibitor, on_sglt2i, nephrotoxic_meds, nephrologist_referral,
    diagnosis_date, last_visit_date, next_visit_date
) VALUES (
    'e51475c7-aac1-494a-924d-c5768386c798', 'MRN128'::text, 'Caroline'::text, 'Bennett'::text,
    '1965-11-09', 'female'::text, 'caroline.bennett@email.com'::text, '+1-555-0001',
    50.7, 179, 'Current'::text,
    false, true,
    true, false,
    false, false,
    '2023-06-17', '2025-10-13'::text, '2026-04-26'::text
);
INSERT INTO observations (patient_id, observation_type, value_numeric, value_text, unit, observation_date, status)
VALUES ('e51475c7-aac1-494a-924d-c5768386c798', 'eGFR', 73.65, NULL, 'mL/min/1.73m²'::text, CURRENT_TIMESTAMP, 'final');
INSERT INTO observations (patient_id, observation_type, value_numeric, value_text, unit, observation_date, status)
VALUES ('e51475c7-aac1-494a-924d-c5768386c798', 'eGFR_trend', NULL, 'down'::text, NULL, CURRENT_TIMESTAMP, 'final');
INSERT INTO observations (patient_id, observation_type, value_numeric, value_text, unit, observation_date, status)
VALUES ('e51475c7-aac1-494a-924d-c5768386c798', 'eGFR_change_percent', 1.3, NULL, '%'::text, CURRENT_TIMESTAMP, 'final');
INSERT INTO observations (patient_id, observation_type, value_numeric, value_text, unit, observation_date, status)
VALUES ('e51475c7-aac1-494a-924d-c5768386c798', 'serum_creatinine', 0.97, NULL, 'mg/dL'::text, CURRENT_TIMESTAMP, 'final');
INSERT INTO observations (patient_id, observation_type, value_numeric, value_text, unit, observation_date, status)
VALUES ('e51475c7-aac1-494a-924d-c5768386c798', 'BUN', 31, NULL, 'mg/dL'::text, CURRENT_TIMESTAMP, 'final');
INSERT INTO observations (patient_id, observation_type, value_numeric, value_text, unit, observation_date, status)
VALUES ('e51475c7-aac1-494a-924d-c5768386c798', 'uACR', 52.65, NULL, 'mg/g'::text, CURRENT_TIMESTAMP, 'final');
INSERT INTO observations (patient_id, observation_type, value_numeric, value_text, unit, observation_date, status)
VALUES ('e51475c7-aac1-494a-924d-c5768386c798', 'proteinuria_category', NULL, 'A2'::text, NULL, CURRENT_TIMESTAMP, 'final');
INSERT INTO observations (patient_id, observation_type, value_numeric, value_text, unit, observation_date, status)
VALUES ('e51475c7-aac1-494a-924d-c5768386c798', 'blood_pressure_systolic', 129, NULL, 'mmHg'::text, CURRENT_TIMESTAMP, 'final');
INSERT INTO observations (patient_id, observation_type, value_numeric, value_text, unit, observation_date, status)
VALUES ('e51475c7-aac1-494a-924d-c5768386c798', 'blood_pressure_diastolic', 80, NULL, 'mmHg'::text, CURRENT_TIMESTAMP, 'final');
INSERT INTO observations (patient_id, observation_type, value_numeric, value_text, unit, observation_date, status)
VALUES ('e51475c7-aac1-494a-924d-c5768386c798', 'HbA1c', 8.9, NULL, '%'::text, CURRENT_TIMESTAMP, 'final');
INSERT INTO observations (patient_id, observation_type, value_numeric, value_text, unit, observation_date, status)
VALUES ('e51475c7-aac1-494a-924d-c5768386c798', 'LDL_cholesterol', 103, NULL, 'mg/dL'::text, CURRENT_TIMESTAMP, 'final');
INSERT INTO observations (patient_id, observation_type, value_numeric, value_text, unit, observation_date, status)
VALUES ('e51475c7-aac1-494a-924d-c5768386c798', 'HDL_cholesterol', 34, NULL, 'mg/dL'::text, CURRENT_TIMESTAMP, 'final');
INSERT INTO observations (patient_id, observation_type, value_numeric, value_text, unit, observation_date, status)
VALUES ('e51475c7-aac1-494a-924d-c5768386c798', 'BMI', 15.8, NULL, 'kg/m²'::text, CURRENT_TIMESTAMP, 'final');
INSERT INTO observations (patient_id, observation_type, value_numeric, value_text, unit, observation_date, status)
VALUES ('e51475c7-aac1-494a-924d-c5768386c798', 'hemoglobin', 12.6, NULL, 'g/dL'::text, CURRENT_TIMESTAMP, 'final');
INSERT INTO observations (patient_id, observation_type, value_numeric, value_text, unit, observation_date, status)
VALUES ('e51475c7-aac1-494a-924d-c5768386c798', 'potassium', 4.4, NULL, 'mEq/L'::text, CURRENT_TIMESTAMP, 'final');
INSERT INTO observations (patient_id, observation_type, value_numeric, value_text, unit, observation_date, status)
VALUES ('e51475c7-aac1-494a-924d-c5768386c798', 'calcium', 8.5, NULL, 'mg/dL'::text, CURRENT_TIMESTAMP, 'final');
INSERT INTO observations (patient_id, observation_type, value_numeric, value_text, unit, observation_date, status)
VALUES ('e51475c7-aac1-494a-924d-c5768386c798', 'phosphorus', 3.2, NULL, 'mg/dL'::text, CURRENT_TIMESTAMP, 'final');
INSERT INTO observations (patient_id, observation_type, value_numeric, value_text, unit, observation_date, status)
VALUES ('e51475c7-aac1-494a-924d-c5768386c798', 'albumin', 2.2, NULL, 'g/dL'::text, CURRENT_TIMESTAMP, 'final');
INSERT INTO conditions (patient_id, condition_code, condition_name, clinical_status, onset_date, recorded_date, severity)
VALUES ('e51475c7-aac1-494a-924d-c5768386c798', 'E11.9', 'Type 2 Diabetes Mellitus', 'active', '2023-06-17', CURRENT_TIMESTAMP, 'moderate');
INSERT INTO conditions (patient_id, condition_code, condition_name, clinical_status, onset_date, recorded_date, severity)
VALUES ('e51475c7-aac1-494a-924d-c5768386c798', 'I10', 'Essential Hypertension', 'active', '2023-06-17', CURRENT_TIMESTAMP, 'moderate');
INSERT INTO conditions (patient_id, condition_code, condition_name, clinical_status, onset_date, recorded_date, severity)
VALUES ('e51475c7-aac1-494a-924d-c5768386c798', 'N18.2', 'Chronic Kidney Disease, Stage 2', 'active', '2023-06-17', CURRENT_TIMESTAMP, 'mild');

-- Patient: Harold Perez
INSERT INTO patients (
    id, medical_record_number, first_name, last_name, date_of_birth, gender, email, phone,
    weight, height, smoking_status, cvd_history, family_history_esrd,
    on_ras_inhibitor, on_sglt2i, nephrotoxic_meds, nephrologist_referral,
    diagnosis_date, last_visit_date, next_visit_date
) VALUES (
    'e731dba8-b64f-4dbe-83da-06a15c016eb9', 'MRN129'::text, 'Harold'::text, 'Perez'::text,
    '1958-11-09', 'male'::text, 'harold.perez@email.com'::text, '+1-555-0001',
    66.0, 173, 'Never'::text,
    false, false,
    true, false,
    false, false,
    '2022-01-22', '2025-10-24'::text, '2026-02-27'::text
);
INSERT INTO observations (patient_id, observation_type, value_numeric, value_text, unit, observation_date, status)
VALUES ('e731dba8-b64f-4dbe-83da-06a15c016eb9', 'eGFR', 53.76, NULL, 'mL/min/1.73m²'::text, CURRENT_TIMESTAMP, 'final');
INSERT INTO observations (patient_id, observation_type, value_numeric, value_text, unit, observation_date, status)
VALUES ('e731dba8-b64f-4dbe-83da-06a15c016eb9', 'eGFR_trend', NULL, 'down'::text, NULL, CURRENT_TIMESTAMP, 'final');
INSERT INTO observations (patient_id, observation_type, value_numeric, value_text, unit, observation_date, status)
VALUES ('e731dba8-b64f-4dbe-83da-06a15c016eb9', 'eGFR_change_percent', 0.7, NULL, '%'::text, CURRENT_TIMESTAMP, 'final');
INSERT INTO observations (patient_id, observation_type, value_numeric, value_text, unit, observation_date, status)
VALUES ('e731dba8-b64f-4dbe-83da-06a15c016eb9', 'serum_creatinine', 1.71, NULL, 'mg/dL'::text, CURRENT_TIMESTAMP, 'final');
INSERT INTO observations (patient_id, observation_type, value_numeric, value_text, unit, observation_date, status)
VALUES ('e731dba8-b64f-4dbe-83da-06a15c016eb9', 'BUN', 133, NULL, 'mg/dL'::text, CURRENT_TIMESTAMP, 'final');
INSERT INTO observations (patient_id, observation_type, value_numeric, value_text, unit, observation_date, status)
VALUES ('e731dba8-b64f-4dbe-83da-06a15c016eb9', 'uACR', 97.88, NULL, 'mg/g'::text, CURRENT_TIMESTAMP, 'final');
INSERT INTO observations (patient_id, observation_type, value_numeric, value_text, unit, observation_date, status)
VALUES ('e731dba8-b64f-4dbe-83da-06a15c016eb9', 'proteinuria_category', NULL, 'A2'::text, NULL, CURRENT_TIMESTAMP, 'final');
INSERT INTO observations (patient_id, observation_type, value_numeric, value_text, unit, observation_date, status)
VALUES ('e731dba8-b64f-4dbe-83da-06a15c016eb9', 'blood_pressure_systolic', 149, NULL, 'mmHg'::text, CURRENT_TIMESTAMP, 'final');
INSERT INTO observations (patient_id, observation_type, value_numeric, value_text, unit, observation_date, status)
VALUES ('e731dba8-b64f-4dbe-83da-06a15c016eb9', 'blood_pressure_diastolic', 82, NULL, 'mmHg'::text, CURRENT_TIMESTAMP, 'final');
INSERT INTO observations (patient_id, observation_type, value_numeric, value_text, unit, observation_date, status)
VALUES ('e731dba8-b64f-4dbe-83da-06a15c016eb9', 'HbA1c', 5.6, NULL, '%'::text, CURRENT_TIMESTAMP, 'final');
INSERT INTO observations (patient_id, observation_type, value_numeric, value_text, unit, observation_date, status)
VALUES ('e731dba8-b64f-4dbe-83da-06a15c016eb9', 'LDL_cholesterol', 131, NULL, 'mg/dL'::text, CURRENT_TIMESTAMP, 'final');
INSERT INTO observations (patient_id, observation_type, value_numeric, value_text, unit, observation_date, status)
VALUES ('e731dba8-b64f-4dbe-83da-06a15c016eb9', 'HDL_cholesterol', 65, NULL, 'mg/dL'::text, CURRENT_TIMESTAMP, 'final');
INSERT INTO observations (patient_id, observation_type, value_numeric, value_text, unit, observation_date, status)
VALUES ('e731dba8-b64f-4dbe-83da-06a15c016eb9', 'BMI', 22.1, NULL, 'kg/m²'::text, CURRENT_TIMESTAMP, 'final');
INSERT INTO observations (patient_id, observation_type, value_numeric, value_text, unit, observation_date, status)
VALUES ('e731dba8-b64f-4dbe-83da-06a15c016eb9', 'hemoglobin', 12.3, NULL, 'g/dL'::text, CURRENT_TIMESTAMP, 'final');
INSERT INTO observations (patient_id, observation_type, value_numeric, value_text, unit, observation_date, status)
VALUES ('e731dba8-b64f-4dbe-83da-06a15c016eb9', 'potassium', 4.5, NULL, 'mEq/L'::text, CURRENT_TIMESTAMP, 'final');
INSERT INTO observations (patient_id, observation_type, value_numeric, value_text, unit, observation_date, status)
VALUES ('e731dba8-b64f-4dbe-83da-06a15c016eb9', 'calcium', 9.0, NULL, 'mg/dL'::text, CURRENT_TIMESTAMP, 'final');
INSERT INTO observations (patient_id, observation_type, value_numeric, value_text, unit, observation_date, status)
VALUES ('e731dba8-b64f-4dbe-83da-06a15c016eb9', 'phosphorus', 4.7, NULL, 'mg/dL'::text, CURRENT_TIMESTAMP, 'final');
INSERT INTO observations (patient_id, observation_type, value_numeric, value_text, unit, observation_date, status)
VALUES ('e731dba8-b64f-4dbe-83da-06a15c016eb9', 'albumin', 3.4, NULL, 'g/dL'::text, CURRENT_TIMESTAMP, 'final');
INSERT INTO conditions (patient_id, condition_code, condition_name, clinical_status, onset_date, recorded_date, severity)
VALUES ('e731dba8-b64f-4dbe-83da-06a15c016eb9', 'I10', 'Essential Hypertension', 'active', '2022-01-22', CURRENT_TIMESTAMP, 'moderate');
INSERT INTO conditions (patient_id, condition_code, condition_name, clinical_status, onset_date, recorded_date, severity)
VALUES ('e731dba8-b64f-4dbe-83da-06a15c016eb9', 'N18.3', 'Chronic Kidney Disease, Stage 3', 'active', '2022-01-22', CURRENT_TIMESTAMP, 'moderate');

-- Patient: Rose Ellis
INSERT INTO patients (
    id, medical_record_number, first_name, last_name, date_of_birth, gender, email, phone,
    weight, height, smoking_status, cvd_history, family_history_esrd,
    on_ras_inhibitor, on_sglt2i, nephrotoxic_meds, nephrologist_referral,
    diagnosis_date, last_visit_date, next_visit_date
) VALUES (
    'e3d7371f-a2e7-483a-90e8-a042e403de59', 'MRN130'::text, 'Rose'::text, 'Ellis'::text,
    '1978-11-09', 'female'::text, 'rose.ellis@email.com'::text, '+1-555-0001',
    72.0, 165, 'Never'::text,
    false, false,
    false, false,
    false, false,
    NULL, '2025-10-17'::text, '2026-04-01'::text
);
INSERT INTO observations (patient_id, observation_type, value_numeric, value_text, unit, observation_date, status)
VALUES ('e3d7371f-a2e7-483a-90e8-a042e403de59', 'eGFR', 116.25, NULL, 'mL/min/1.73m²'::text, CURRENT_TIMESTAMP, 'final');
INSERT INTO observations (patient_id, observation_type, value_numeric, value_text, unit, observation_date, status)
VALUES ('e3d7371f-a2e7-483a-90e8-a042e403de59', 'eGFR_trend', NULL, 'down'::text, NULL, CURRENT_TIMESTAMP, 'final');
INSERT INTO observations (patient_id, observation_type, value_numeric, value_text, unit, observation_date, status)
VALUES ('e3d7371f-a2e7-483a-90e8-a042e403de59', 'eGFR_change_percent', 0.6, NULL, '%'::text, CURRENT_TIMESTAMP, 'final');
INSERT INTO observations (patient_id, observation_type, value_numeric, value_text, unit, observation_date, status)
VALUES ('e3d7371f-a2e7-483a-90e8-a042e403de59', 'serum_creatinine', 0.95, NULL, 'mg/dL'::text, CURRENT_TIMESTAMP, 'final');
INSERT INTO observations (patient_id, observation_type, value_numeric, value_text, unit, observation_date, status)
VALUES ('e3d7371f-a2e7-483a-90e8-a042e403de59', 'BUN', 47, NULL, 'mg/dL'::text, CURRENT_TIMESTAMP, 'final');
INSERT INTO observations (patient_id, observation_type, value_numeric, value_text, unit, observation_date, status)
VALUES ('e3d7371f-a2e7-483a-90e8-a042e403de59', 'uACR', 18.75, NULL, 'mg/g'::text, CURRENT_TIMESTAMP, 'final');
INSERT INTO observations (patient_id, observation_type, value_numeric, value_text, unit, observation_date, status)
VALUES ('e3d7371f-a2e7-483a-90e8-a042e403de59', 'proteinuria_category', NULL, 'A1'::text, NULL, CURRENT_TIMESTAMP, 'final');
INSERT INTO observations (patient_id, observation_type, value_numeric, value_text, unit, observation_date, status)
VALUES ('e3d7371f-a2e7-483a-90e8-a042e403de59', 'blood_pressure_systolic', 111, NULL, 'mmHg'::text, CURRENT_TIMESTAMP, 'final');
INSERT INTO observations (patient_id, observation_type, value_numeric, value_text, unit, observation_date, status)
VALUES ('e3d7371f-a2e7-483a-90e8-a042e403de59', 'blood_pressure_diastolic', 80, NULL, 'mmHg'::text, CURRENT_TIMESTAMP, 'final');
INSERT INTO observations (patient_id, observation_type, value_numeric, value_text, unit, observation_date, status)
VALUES ('e3d7371f-a2e7-483a-90e8-a042e403de59', 'HbA1c', 5.4, NULL, '%'::text, CURRENT_TIMESTAMP, 'final');
INSERT INTO observations (patient_id, observation_type, value_numeric, value_text, unit, observation_date, status)
VALUES ('e3d7371f-a2e7-483a-90e8-a042e403de59', 'LDL_cholesterol', 102, NULL, 'mg/dL'::text, CURRENT_TIMESTAMP, 'final');
INSERT INTO observations (patient_id, observation_type, value_numeric, value_text, unit, observation_date, status)
VALUES ('e3d7371f-a2e7-483a-90e8-a042e403de59', 'HDL_cholesterol', 53, NULL, 'mg/dL'::text, CURRENT_TIMESTAMP, 'final');
INSERT INTO observations (patient_id, observation_type, value_numeric, value_text, unit, observation_date, status)
VALUES ('e3d7371f-a2e7-483a-90e8-a042e403de59', 'BMI', 26.4, NULL, 'kg/m²'::text, CURRENT_TIMESTAMP, 'final');
INSERT INTO observations (patient_id, observation_type, value_numeric, value_text, unit, observation_date, status)
VALUES ('e3d7371f-a2e7-483a-90e8-a042e403de59', 'hemoglobin', 12.5, NULL, 'g/dL'::text, CURRENT_TIMESTAMP, 'final');
INSERT INTO observations (patient_id, observation_type, value_numeric, value_text, unit, observation_date, status)
VALUES ('e3d7371f-a2e7-483a-90e8-a042e403de59', 'potassium', 4.6, NULL, 'mEq/L'::text, CURRENT_TIMESTAMP, 'final');
INSERT INTO observations (patient_id, observation_type, value_numeric, value_text, unit, observation_date, status)
VALUES ('e3d7371f-a2e7-483a-90e8-a042e403de59', 'calcium', 8.4, NULL, 'mg/dL'::text, CURRENT_TIMESTAMP, 'final');
INSERT INTO observations (patient_id, observation_type, value_numeric, value_text, unit, observation_date, status)
VALUES ('e3d7371f-a2e7-483a-90e8-a042e403de59', 'phosphorus', 3.9, NULL, 'mg/dL'::text, CURRENT_TIMESTAMP, 'final');
INSERT INTO observations (patient_id, observation_type, value_numeric, value_text, unit, observation_date, status)
VALUES ('e3d7371f-a2e7-483a-90e8-a042e403de59', 'albumin', 3.5, NULL, 'g/dL'::text, CURRENT_TIMESTAMP, 'final');

-- Patient: Bruce Rose
INSERT INTO patients (
    id, medical_record_number, first_name, last_name, date_of_birth, gender, email, phone,
    weight, height, smoking_status, cvd_history, family_history_esrd,
    on_ras_inhibitor, on_sglt2i, nephrotoxic_meds, nephrologist_referral,
    diagnosis_date, last_visit_date, next_visit_date
) VALUES (
    '3eec8384-fe80-44ea-a62d-43a2baaf9dae', 'MRN131'::text, 'Bruce'::text, 'Rose'::text,
    '1961-11-09', 'male'::text, 'bruce.rose@email.com'::text, '+1-555-0001',
    88.1, 189, 'Never'::text,
    false, false,
    true, false,
    false, false,
    '2025-01-21', '2025-11-03'::text, '2026-05-06'::text
);
INSERT INTO observations (patient_id, observation_type, value_numeric, value_text, unit, observation_date, status)
VALUES ('3eec8384-fe80-44ea-a62d-43a2baaf9dae', 'eGFR', 115.55, NULL, 'mL/min/1.73m²'::text, CURRENT_TIMESTAMP, 'final');
INSERT INTO observations (patient_id, observation_type, value_numeric, value_text, unit, observation_date, status)
VALUES ('3eec8384-fe80-44ea-a62d-43a2baaf9dae', 'eGFR_trend', NULL, 'down'::text, NULL, CURRENT_TIMESTAMP, 'final');
INSERT INTO observations (patient_id, observation_type, value_numeric, value_text, unit, observation_date, status)
VALUES ('3eec8384-fe80-44ea-a62d-43a2baaf9dae', 'eGFR_change_percent', 1.9, NULL, '%'::text, CURRENT_TIMESTAMP, 'final');
INSERT INTO observations (patient_id, observation_type, value_numeric, value_text, unit, observation_date, status)
VALUES ('3eec8384-fe80-44ea-a62d-43a2baaf9dae', 'serum_creatinine', 0.75, NULL, 'mg/dL'::text, CURRENT_TIMESTAMP, 'final');
INSERT INTO observations (patient_id, observation_type, value_numeric, value_text, unit, observation_date, status)
VALUES ('3eec8384-fe80-44ea-a62d-43a2baaf9dae', 'BUN', 40, NULL, 'mg/dL'::text, CURRENT_TIMESTAMP, 'final');
INSERT INTO observations (patient_id, observation_type, value_numeric, value_text, unit, observation_date, status)
VALUES ('3eec8384-fe80-44ea-a62d-43a2baaf9dae', 'uACR', 36.46, NULL, 'mg/g'::text, CURRENT_TIMESTAMP, 'final');
INSERT INTO observations (patient_id, observation_type, value_numeric, value_text, unit, observation_date, status)
VALUES ('3eec8384-fe80-44ea-a62d-43a2baaf9dae', 'proteinuria_category', NULL, 'A1'::text, NULL, CURRENT_TIMESTAMP, 'final');
INSERT INTO observations (patient_id, observation_type, value_numeric, value_text, unit, observation_date, status)
VALUES ('3eec8384-fe80-44ea-a62d-43a2baaf9dae', 'blood_pressure_systolic', 114, NULL, 'mmHg'::text, CURRENT_TIMESTAMP, 'final');
INSERT INTO observations (patient_id, observation_type, value_numeric, value_text, unit, observation_date, status)
VALUES ('3eec8384-fe80-44ea-a62d-43a2baaf9dae', 'blood_pressure_diastolic', 77, NULL, 'mmHg'::text, CURRENT_TIMESTAMP, 'final');
INSERT INTO observations (patient_id, observation_type, value_numeric, value_text, unit, observation_date, status)
VALUES ('3eec8384-fe80-44ea-a62d-43a2baaf9dae', 'HbA1c', 5.9, NULL, '%'::text, CURRENT_TIMESTAMP, 'final');
INSERT INTO observations (patient_id, observation_type, value_numeric, value_text, unit, observation_date, status)
VALUES ('3eec8384-fe80-44ea-a62d-43a2baaf9dae', 'LDL_cholesterol', 133, NULL, 'mg/dL'::text, CURRENT_TIMESTAMP, 'final');
INSERT INTO observations (patient_id, observation_type, value_numeric, value_text, unit, observation_date, status)
VALUES ('3eec8384-fe80-44ea-a62d-43a2baaf9dae', 'HDL_cholesterol', 30, NULL, 'mg/dL'::text, CURRENT_TIMESTAMP, 'final');
INSERT INTO observations (patient_id, observation_type, value_numeric, value_text, unit, observation_date, status)
VALUES ('3eec8384-fe80-44ea-a62d-43a2baaf9dae', 'BMI', 24.7, NULL, 'kg/m²'::text, CURRENT_TIMESTAMP, 'final');
INSERT INTO observations (patient_id, observation_type, value_numeric, value_text, unit, observation_date, status)
VALUES ('3eec8384-fe80-44ea-a62d-43a2baaf9dae', 'hemoglobin', 12.9, NULL, 'g/dL'::text, CURRENT_TIMESTAMP, 'final');
INSERT INTO observations (patient_id, observation_type, value_numeric, value_text, unit, observation_date, status)
VALUES ('3eec8384-fe80-44ea-a62d-43a2baaf9dae', 'potassium', 4.2, NULL, 'mEq/L'::text, CURRENT_TIMESTAMP, 'final');
INSERT INTO observations (patient_id, observation_type, value_numeric, value_text, unit, observation_date, status)
VALUES ('3eec8384-fe80-44ea-a62d-43a2baaf9dae', 'calcium', 9.7, NULL, 'mg/dL'::text, CURRENT_TIMESTAMP, 'final');
INSERT INTO observations (patient_id, observation_type, value_numeric, value_text, unit, observation_date, status)
VALUES ('3eec8384-fe80-44ea-a62d-43a2baaf9dae', 'phosphorus', 3.4, NULL, 'mg/dL'::text, CURRENT_TIMESTAMP, 'final');
INSERT INTO observations (patient_id, observation_type, value_numeric, value_text, unit, observation_date, status)
VALUES ('3eec8384-fe80-44ea-a62d-43a2baaf9dae', 'albumin', 3.5, NULL, 'g/dL'::text, CURRENT_TIMESTAMP, 'final');
INSERT INTO conditions (patient_id, condition_code, condition_name, clinical_status, onset_date, recorded_date, severity)
VALUES ('3eec8384-fe80-44ea-a62d-43a2baaf9dae', 'N18.1', 'Chronic Kidney Disease, Stage 1', 'active', '2025-01-21', CURRENT_TIMESTAMP, 'mild');

-- Patient: Emma Ellis
INSERT INTO patients (
    id, medical_record_number, first_name, last_name, date_of_birth, gender, email, phone,
    weight, height, smoking_status, cvd_history, family_history_esrd,
    on_ras_inhibitor, on_sglt2i, nephrotoxic_meds, nephrologist_referral,
    diagnosis_date, last_visit_date, next_visit_date
) VALUES (
    'aff9f748-1256-4f03-adb1-7d4fbca662c4', 'MRN132'::text, 'Emma'::text, 'Ellis'::text,
    '1962-11-09', 'female'::text, 'emma.ellis@email.com'::text, '+1-555-0001',
    99.4, 180, 'Never'::text,
    false, false,
    true, false,
    false, true,
    '2022-05-11', '2025-10-20'::text, '2026-02-13'::text
);
INSERT INTO observations (patient_id, observation_type, value_numeric, value_text, unit, observation_date, status)
VALUES ('aff9f748-1256-4f03-adb1-7d4fbca662c4', 'eGFR', 48.47, NULL, 'mL/min/1.73m²'::text, CURRENT_TIMESTAMP, 'final');
INSERT INTO observations (patient_id, observation_type, value_numeric, value_text, unit, observation_date, status)
VALUES ('aff9f748-1256-4f03-adb1-7d4fbca662c4', 'eGFR_trend', NULL, 'stable'::text, NULL, CURRENT_TIMESTAMP, 'final');
INSERT INTO observations (patient_id, observation_type, value_numeric, value_text, unit, observation_date, status)
VALUES ('aff9f748-1256-4f03-adb1-7d4fbca662c4', 'eGFR_change_percent', -1.0, NULL, '%'::text, CURRENT_TIMESTAMP, 'final');
INSERT INTO observations (patient_id, observation_type, value_numeric, value_text, unit, observation_date, status)
VALUES ('aff9f748-1256-4f03-adb1-7d4fbca662c4', 'serum_creatinine', 1.89, NULL, 'mg/dL'::text, CURRENT_TIMESTAMP, 'final');
INSERT INTO observations (patient_id, observation_type, value_numeric, value_text, unit, observation_date, status)
VALUES ('aff9f748-1256-4f03-adb1-7d4fbca662c4', 'BUN', 69, NULL, 'mg/dL'::text, CURRENT_TIMESTAMP, 'final');
INSERT INTO observations (patient_id, observation_type, value_numeric, value_text, unit, observation_date, status)
VALUES ('aff9f748-1256-4f03-adb1-7d4fbca662c4', 'uACR', 241.31, NULL, 'mg/g'::text, CURRENT_TIMESTAMP, 'final');
INSERT INTO observations (patient_id, observation_type, value_numeric, value_text, unit, observation_date, status)
VALUES ('aff9f748-1256-4f03-adb1-7d4fbca662c4', 'proteinuria_category', NULL, 'A2'::text, NULL, CURRENT_TIMESTAMP, 'final');
INSERT INTO observations (patient_id, observation_type, value_numeric, value_text, unit, observation_date, status)
VALUES ('aff9f748-1256-4f03-adb1-7d4fbca662c4', 'blood_pressure_systolic', 139, NULL, 'mmHg'::text, CURRENT_TIMESTAMP, 'final');
INSERT INTO observations (patient_id, observation_type, value_numeric, value_text, unit, observation_date, status)
VALUES ('aff9f748-1256-4f03-adb1-7d4fbca662c4', 'blood_pressure_diastolic', 94, NULL, 'mmHg'::text, CURRENT_TIMESTAMP, 'final');
INSERT INTO observations (patient_id, observation_type, value_numeric, value_text, unit, observation_date, status)
VALUES ('aff9f748-1256-4f03-adb1-7d4fbca662c4', 'HbA1c', 6.7, NULL, '%'::text, CURRENT_TIMESTAMP, 'final');
INSERT INTO observations (patient_id, observation_type, value_numeric, value_text, unit, observation_date, status)
VALUES ('aff9f748-1256-4f03-adb1-7d4fbca662c4', 'LDL_cholesterol', 107, NULL, 'mg/dL'::text, CURRENT_TIMESTAMP, 'final');
INSERT INTO observations (patient_id, observation_type, value_numeric, value_text, unit, observation_date, status)
VALUES ('aff9f748-1256-4f03-adb1-7d4fbca662c4', 'HDL_cholesterol', 30, NULL, 'mg/dL'::text, CURRENT_TIMESTAMP, 'final');
INSERT INTO observations (patient_id, observation_type, value_numeric, value_text, unit, observation_date, status)
VALUES ('aff9f748-1256-4f03-adb1-7d4fbca662c4', 'BMI', 30.7, NULL, 'kg/m²'::text, CURRENT_TIMESTAMP, 'final');
INSERT INTO observations (patient_id, observation_type, value_numeric, value_text, unit, observation_date, status)
VALUES ('aff9f748-1256-4f03-adb1-7d4fbca662c4', 'hemoglobin', 10.8, NULL, 'g/dL'::text, CURRENT_TIMESTAMP, 'final');
INSERT INTO observations (patient_id, observation_type, value_numeric, value_text, unit, observation_date, status)
VALUES ('aff9f748-1256-4f03-adb1-7d4fbca662c4', 'potassium', 4.4, NULL, 'mEq/L'::text, CURRENT_TIMESTAMP, 'final');
INSERT INTO observations (patient_id, observation_type, value_numeric, value_text, unit, observation_date, status)
VALUES ('aff9f748-1256-4f03-adb1-7d4fbca662c4', 'calcium', 9.0, NULL, 'mg/dL'::text, CURRENT_TIMESTAMP, 'final');
INSERT INTO observations (patient_id, observation_type, value_numeric, value_text, unit, observation_date, status)
VALUES ('aff9f748-1256-4f03-adb1-7d4fbca662c4', 'phosphorus', 4.7, NULL, 'mg/dL'::text, CURRENT_TIMESTAMP, 'final');
INSERT INTO observations (patient_id, observation_type, value_numeric, value_text, unit, observation_date, status)
VALUES ('aff9f748-1256-4f03-adb1-7d4fbca662c4', 'albumin', 3.6, NULL, 'g/dL'::text, CURRENT_TIMESTAMP, 'final');
INSERT INTO conditions (patient_id, condition_code, condition_name, clinical_status, onset_date, recorded_date, severity)
VALUES ('aff9f748-1256-4f03-adb1-7d4fbca662c4', 'E11.9', 'Type 2 Diabetes Mellitus', 'active', '2022-05-11', CURRENT_TIMESTAMP, 'moderate');
INSERT INTO conditions (patient_id, condition_code, condition_name, clinical_status, onset_date, recorded_date, severity)
VALUES ('aff9f748-1256-4f03-adb1-7d4fbca662c4', 'I10', 'Essential Hypertension', 'active', '2022-05-11', CURRENT_TIMESTAMP, 'moderate');
INSERT INTO conditions (patient_id, condition_code, condition_name, clinical_status, onset_date, recorded_date, severity)
VALUES ('aff9f748-1256-4f03-adb1-7d4fbca662c4', 'N18.3', 'Chronic Kidney Disease, Stage 3', 'active', '2022-05-11', CURRENT_TIMESTAMP, 'moderate');

-- Patient: Scott Peters
INSERT INTO patients (
    id, medical_record_number, first_name, last_name, date_of_birth, gender, email, phone,
    weight, height, smoking_status, cvd_history, family_history_esrd,
    on_ras_inhibitor, on_sglt2i, nephrotoxic_meds, nephrologist_referral,
    diagnosis_date, last_visit_date, next_visit_date
) VALUES (
    'c9b471b3-28ab-42f7-b8e2-47597705bf35', 'MRN133'::text, 'Scott'::text, 'Peters'::text,
    '1977-11-09', 'male'::text, 'scott.peters@email.com'::text, '+1-555-0001',
    113.1, 188, 'Current'::text,
    false, false,
    false, false,
    false, false,
    NULL, '2025-10-29'::text, '2026-04-03'::text
);
INSERT INTO observations (patient_id, observation_type, value_numeric, value_text, unit, observation_date, status)
VALUES ('c9b471b3-28ab-42f7-b8e2-47597705bf35', 'eGFR', 115.54, NULL, 'mL/min/1.73m²'::text, CURRENT_TIMESTAMP, 'final');
INSERT INTO observations (patient_id, observation_type, value_numeric, value_text, unit, observation_date, status)
VALUES ('c9b471b3-28ab-42f7-b8e2-47597705bf35', 'eGFR_trend', NULL, 'down'::text, NULL, CURRENT_TIMESTAMP, 'final');
INSERT INTO observations (patient_id, observation_type, value_numeric, value_text, unit, observation_date, status)
VALUES ('c9b471b3-28ab-42f7-b8e2-47597705bf35', 'eGFR_change_percent', 2.2, NULL, '%'::text, CURRENT_TIMESTAMP, 'final');
INSERT INTO observations (patient_id, observation_type, value_numeric, value_text, unit, observation_date, status)
VALUES ('c9b471b3-28ab-42f7-b8e2-47597705bf35', 'serum_creatinine', 0.74, NULL, 'mg/dL'::text, CURRENT_TIMESTAMP, 'final');
INSERT INTO observations (patient_id, observation_type, value_numeric, value_text, unit, observation_date, status)
VALUES ('c9b471b3-28ab-42f7-b8e2-47597705bf35', 'BUN', 14, NULL, 'mg/dL'::text, CURRENT_TIMESTAMP, 'final');
INSERT INTO observations (patient_id, observation_type, value_numeric, value_text, unit, observation_date, status)
VALUES ('c9b471b3-28ab-42f7-b8e2-47597705bf35', 'uACR', 10.92, NULL, 'mg/g'::text, CURRENT_TIMESTAMP, 'final');
INSERT INTO observations (patient_id, observation_type, value_numeric, value_text, unit, observation_date, status)
VALUES ('c9b471b3-28ab-42f7-b8e2-47597705bf35', 'proteinuria_category', NULL, 'A1'::text, NULL, CURRENT_TIMESTAMP, 'final');
INSERT INTO observations (patient_id, observation_type, value_numeric, value_text, unit, observation_date, status)
VALUES ('c9b471b3-28ab-42f7-b8e2-47597705bf35', 'blood_pressure_systolic', 131, NULL, 'mmHg'::text, CURRENT_TIMESTAMP, 'final');
INSERT INTO observations (patient_id, observation_type, value_numeric, value_text, unit, observation_date, status)
VALUES ('c9b471b3-28ab-42f7-b8e2-47597705bf35', 'blood_pressure_diastolic', 79, NULL, 'mmHg'::text, CURRENT_TIMESTAMP, 'final');
INSERT INTO observations (patient_id, observation_type, value_numeric, value_text, unit, observation_date, status)
VALUES ('c9b471b3-28ab-42f7-b8e2-47597705bf35', 'HbA1c', 5.7, NULL, '%'::text, CURRENT_TIMESTAMP, 'final');
INSERT INTO observations (patient_id, observation_type, value_numeric, value_text, unit, observation_date, status)
VALUES ('c9b471b3-28ab-42f7-b8e2-47597705bf35', 'LDL_cholesterol', 111, NULL, 'mg/dL'::text, CURRENT_TIMESTAMP, 'final');
INSERT INTO observations (patient_id, observation_type, value_numeric, value_text, unit, observation_date, status)
VALUES ('c9b471b3-28ab-42f7-b8e2-47597705bf35', 'HDL_cholesterol', 40, NULL, 'mg/dL'::text, CURRENT_TIMESTAMP, 'final');
INSERT INTO observations (patient_id, observation_type, value_numeric, value_text, unit, observation_date, status)
VALUES ('c9b471b3-28ab-42f7-b8e2-47597705bf35', 'BMI', 32.0, NULL, 'kg/m²'::text, CURRENT_TIMESTAMP, 'final');
INSERT INTO observations (patient_id, observation_type, value_numeric, value_text, unit, observation_date, status)
VALUES ('c9b471b3-28ab-42f7-b8e2-47597705bf35', 'hemoglobin', 14.2, NULL, 'g/dL'::text, CURRENT_TIMESTAMP, 'final');
INSERT INTO observations (patient_id, observation_type, value_numeric, value_text, unit, observation_date, status)
VALUES ('c9b471b3-28ab-42f7-b8e2-47597705bf35', 'potassium', 4.4, NULL, 'mEq/L'::text, CURRENT_TIMESTAMP, 'final');
INSERT INTO observations (patient_id, observation_type, value_numeric, value_text, unit, observation_date, status)
VALUES ('c9b471b3-28ab-42f7-b8e2-47597705bf35', 'calcium', 8.0, NULL, 'mg/dL'::text, CURRENT_TIMESTAMP, 'final');
INSERT INTO observations (patient_id, observation_type, value_numeric, value_text, unit, observation_date, status)
VALUES ('c9b471b3-28ab-42f7-b8e2-47597705bf35', 'phosphorus', 3.4, NULL, 'mg/dL'::text, CURRENT_TIMESTAMP, 'final');
INSERT INTO observations (patient_id, observation_type, value_numeric, value_text, unit, observation_date, status)
VALUES ('c9b471b3-28ab-42f7-b8e2-47597705bf35', 'albumin', 3.9, NULL, 'g/dL'::text, CURRENT_TIMESTAMP, 'final');

-- Patient: Bruce Knight
INSERT INTO patients (
    id, medical_record_number, first_name, last_name, date_of_birth, gender, email, phone,
    weight, height, smoking_status, cvd_history, family_history_esrd,
    on_ras_inhibitor, on_sglt2i, nephrotoxic_meds, nephrologist_referral,
    diagnosis_date, last_visit_date, next_visit_date
) VALUES (
    '03324f3a-43dd-4d6d-bbb0-ad7cfc0c2e1f', 'MRN134'::text, 'Bruce'::text, 'Knight'::text,
    '1956-11-09', 'male'::text, 'bruce.knight@email.com'::text, '+1-555-0001',
    62.3, 171, 'Former'::text,
    false, false,
    false, false,
    false, false,
    '2021-08-28', '2025-10-24'::text, '2026-02-07'::text
);
INSERT INTO observations (patient_id, observation_type, value_numeric, value_text, unit, observation_date, status)
VALUES ('03324f3a-43dd-4d6d-bbb0-ad7cfc0c2e1f', 'eGFR', 44.27, NULL, 'mL/min/1.73m²'::text, CURRENT_TIMESTAMP, 'final');
INSERT INTO observations (patient_id, observation_type, value_numeric, value_text, unit, observation_date, status)
VALUES ('03324f3a-43dd-4d6d-bbb0-ad7cfc0c2e1f', 'eGFR_trend', NULL, 'stable'::text, NULL, CURRENT_TIMESTAMP, 'final');
INSERT INTO observations (patient_id, observation_type, value_numeric, value_text, unit, observation_date, status)
VALUES ('03324f3a-43dd-4d6d-bbb0-ad7cfc0c2e1f', 'eGFR_change_percent', -1.3, NULL, '%'::text, CURRENT_TIMESTAMP, 'final');
INSERT INTO observations (patient_id, observation_type, value_numeric, value_text, unit, observation_date, status)
VALUES ('03324f3a-43dd-4d6d-bbb0-ad7cfc0c2e1f', 'serum_creatinine', 1.48, NULL, 'mg/dL'::text, CURRENT_TIMESTAMP, 'final');
INSERT INTO observations (patient_id, observation_type, value_numeric, value_text, unit, observation_date, status)
VALUES ('03324f3a-43dd-4d6d-bbb0-ad7cfc0c2e1f', 'BUN', 177, NULL, 'mg/dL'::text, CURRENT_TIMESTAMP, 'final');
INSERT INTO observations (patient_id, observation_type, value_numeric, value_text, unit, observation_date, status)
VALUES ('03324f3a-43dd-4d6d-bbb0-ad7cfc0c2e1f', 'uACR', 222.07, NULL, 'mg/g'::text, CURRENT_TIMESTAMP, 'final');
INSERT INTO observations (patient_id, observation_type, value_numeric, value_text, unit, observation_date, status)
VALUES ('03324f3a-43dd-4d6d-bbb0-ad7cfc0c2e1f', 'proteinuria_category', NULL, 'A3'::text, NULL, CURRENT_TIMESTAMP, 'final');
INSERT INTO observations (patient_id, observation_type, value_numeric, value_text, unit, observation_date, status)
VALUES ('03324f3a-43dd-4d6d-bbb0-ad7cfc0c2e1f', 'blood_pressure_systolic', 139, NULL, 'mmHg'::text, CURRENT_TIMESTAMP, 'final');
INSERT INTO observations (patient_id, observation_type, value_numeric, value_text, unit, observation_date, status)
VALUES ('03324f3a-43dd-4d6d-bbb0-ad7cfc0c2e1f', 'blood_pressure_diastolic', 83, NULL, 'mmHg'::text, CURRENT_TIMESTAMP, 'final');
INSERT INTO observations (patient_id, observation_type, value_numeric, value_text, unit, observation_date, status)
VALUES ('03324f3a-43dd-4d6d-bbb0-ad7cfc0c2e1f', 'HbA1c', 5.6, NULL, '%'::text, CURRENT_TIMESTAMP, 'final');
INSERT INTO observations (patient_id, observation_type, value_numeric, value_text, unit, observation_date, status)
VALUES ('03324f3a-43dd-4d6d-bbb0-ad7cfc0c2e1f', 'LDL_cholesterol', 171, NULL, 'mg/dL'::text, CURRENT_TIMESTAMP, 'final');
INSERT INTO observations (patient_id, observation_type, value_numeric, value_text, unit, observation_date, status)
VALUES ('03324f3a-43dd-4d6d-bbb0-ad7cfc0c2e1f', 'HDL_cholesterol', 34, NULL, 'mg/dL'::text, CURRENT_TIMESTAMP, 'final');
INSERT INTO observations (patient_id, observation_type, value_numeric, value_text, unit, observation_date, status)
VALUES ('03324f3a-43dd-4d6d-bbb0-ad7cfc0c2e1f', 'BMI', 21.3, NULL, 'kg/m²'::text, CURRENT_TIMESTAMP, 'final');
INSERT INTO observations (patient_id, observation_type, value_numeric, value_text, unit, observation_date, status)
VALUES ('03324f3a-43dd-4d6d-bbb0-ad7cfc0c2e1f', 'hemoglobin', 12.3, NULL, 'g/dL'::text, CURRENT_TIMESTAMP, 'final');
INSERT INTO observations (patient_id, observation_type, value_numeric, value_text, unit, observation_date, status)
VALUES ('03324f3a-43dd-4d6d-bbb0-ad7cfc0c2e1f', 'potassium', 4.1, NULL, 'mEq/L'::text, CURRENT_TIMESTAMP, 'final');
INSERT INTO observations (patient_id, observation_type, value_numeric, value_text, unit, observation_date, status)
VALUES ('03324f3a-43dd-4d6d-bbb0-ad7cfc0c2e1f', 'calcium', 8.3, NULL, 'mg/dL'::text, CURRENT_TIMESTAMP, 'final');
INSERT INTO observations (patient_id, observation_type, value_numeric, value_text, unit, observation_date, status)
VALUES ('03324f3a-43dd-4d6d-bbb0-ad7cfc0c2e1f', 'phosphorus', 4.3, NULL, 'mg/dL'::text, CURRENT_TIMESTAMP, 'final');
INSERT INTO observations (patient_id, observation_type, value_numeric, value_text, unit, observation_date, status)
VALUES ('03324f3a-43dd-4d6d-bbb0-ad7cfc0c2e1f', 'albumin', 2.5, NULL, 'g/dL'::text, CURRENT_TIMESTAMP, 'final');
INSERT INTO conditions (patient_id, condition_code, condition_name, clinical_status, onset_date, recorded_date, severity)
VALUES ('03324f3a-43dd-4d6d-bbb0-ad7cfc0c2e1f', 'N18.3', 'Chronic Kidney Disease, Stage 3', 'active', '2021-08-28', CURRENT_TIMESTAMP, 'moderate');

-- Patient: Samantha Hayes
INSERT INTO patients (
    id, medical_record_number, first_name, last_name, date_of_birth, gender, email, phone,
    weight, height, smoking_status, cvd_history, family_history_esrd,
    on_ras_inhibitor, on_sglt2i, nephrotoxic_meds, nephrologist_referral,
    diagnosis_date, last_visit_date, next_visit_date
) VALUES (
    '80fc4c89-0c5d-4811-b0a7-51c431f516e8', 'MRN135'::text, 'Samantha'::text, 'Hayes'::text,
    '1981-11-09', 'female'::text, 'samantha.hayes@email.com'::text, '+1-555-0001',
    89.6, 165, 'Current'::text,
    false, false,
    false, false,
    false, false,
    NULL, '2025-10-16'::text, '2026-03-23'::text
);
INSERT INTO observations (patient_id, observation_type, value_numeric, value_text, unit, observation_date, status)
VALUES ('80fc4c89-0c5d-4811-b0a7-51c431f516e8', 'eGFR', 108.73, NULL, 'mL/min/1.73m²'::text, CURRENT_TIMESTAMP, 'final');
INSERT INTO observations (patient_id, observation_type, value_numeric, value_text, unit, observation_date, status)
VALUES ('80fc4c89-0c5d-4811-b0a7-51c431f516e8', 'eGFR_trend', NULL, 'up'::text, NULL, CURRENT_TIMESTAMP, 'final');
INSERT INTO observations (patient_id, observation_type, value_numeric, value_text, unit, observation_date, status)
VALUES ('80fc4c89-0c5d-4811-b0a7-51c431f516e8', 'eGFR_change_percent', 4.7, NULL, '%'::text, CURRENT_TIMESTAMP, 'final');
INSERT INTO observations (patient_id, observation_type, value_numeric, value_text, unit, observation_date, status)
VALUES ('80fc4c89-0c5d-4811-b0a7-51c431f516e8', 'serum_creatinine', 0.99, NULL, 'mg/dL'::text, CURRENT_TIMESTAMP, 'final');
INSERT INTO observations (patient_id, observation_type, value_numeric, value_text, unit, observation_date, status)
VALUES ('80fc4c89-0c5d-4811-b0a7-51c431f516e8', 'BUN', 33, NULL, 'mg/dL'::text, CURRENT_TIMESTAMP, 'final');
INSERT INTO observations (patient_id, observation_type, value_numeric, value_text, unit, observation_date, status)
VALUES ('80fc4c89-0c5d-4811-b0a7-51c431f516e8', 'uACR', 21.97, NULL, 'mg/g'::text, CURRENT_TIMESTAMP, 'final');
INSERT INTO observations (patient_id, observation_type, value_numeric, value_text, unit, observation_date, status)
VALUES ('80fc4c89-0c5d-4811-b0a7-51c431f516e8', 'proteinuria_category', NULL, 'A1'::text, NULL, CURRENT_TIMESTAMP, 'final');
INSERT INTO observations (patient_id, observation_type, value_numeric, value_text, unit, observation_date, status)
VALUES ('80fc4c89-0c5d-4811-b0a7-51c431f516e8', 'blood_pressure_systolic', 130, NULL, 'mmHg'::text, CURRENT_TIMESTAMP, 'final');
INSERT INTO observations (patient_id, observation_type, value_numeric, value_text, unit, observation_date, status)
VALUES ('80fc4c89-0c5d-4811-b0a7-51c431f516e8', 'blood_pressure_diastolic', 81, NULL, 'mmHg'::text, CURRENT_TIMESTAMP, 'final');
INSERT INTO observations (patient_id, observation_type, value_numeric, value_text, unit, observation_date, status)
VALUES ('80fc4c89-0c5d-4811-b0a7-51c431f516e8', 'HbA1c', 5.5, NULL, '%'::text, CURRENT_TIMESTAMP, 'final');
INSERT INTO observations (patient_id, observation_type, value_numeric, value_text, unit, observation_date, status)
VALUES ('80fc4c89-0c5d-4811-b0a7-51c431f516e8', 'LDL_cholesterol', 106, NULL, 'mg/dL'::text, CURRENT_TIMESTAMP, 'final');
INSERT INTO observations (patient_id, observation_type, value_numeric, value_text, unit, observation_date, status)
VALUES ('80fc4c89-0c5d-4811-b0a7-51c431f516e8', 'HDL_cholesterol', 69, NULL, 'mg/dL'::text, CURRENT_TIMESTAMP, 'final');
INSERT INTO observations (patient_id, observation_type, value_numeric, value_text, unit, observation_date, status)
VALUES ('80fc4c89-0c5d-4811-b0a7-51c431f516e8', 'BMI', 32.9, NULL, 'kg/m²'::text, CURRENT_TIMESTAMP, 'final');
INSERT INTO observations (patient_id, observation_type, value_numeric, value_text, unit, observation_date, status)
VALUES ('80fc4c89-0c5d-4811-b0a7-51c431f516e8', 'hemoglobin', 12.6, NULL, 'g/dL'::text, CURRENT_TIMESTAMP, 'final');
INSERT INTO observations (patient_id, observation_type, value_numeric, value_text, unit, observation_date, status)
VALUES ('80fc4c89-0c5d-4811-b0a7-51c431f516e8', 'potassium', 4.8, NULL, 'mEq/L'::text, CURRENT_TIMESTAMP, 'final');
INSERT INTO observations (patient_id, observation_type, value_numeric, value_text, unit, observation_date, status)
VALUES ('80fc4c89-0c5d-4811-b0a7-51c431f516e8', 'calcium', 8.6, NULL, 'mg/dL'::text, CURRENT_TIMESTAMP, 'final');
INSERT INTO observations (patient_id, observation_type, value_numeric, value_text, unit, observation_date, status)
VALUES ('80fc4c89-0c5d-4811-b0a7-51c431f516e8', 'phosphorus', 3.9, NULL, 'mg/dL'::text, CURRENT_TIMESTAMP, 'final');
INSERT INTO observations (patient_id, observation_type, value_numeric, value_text, unit, observation_date, status)
VALUES ('80fc4c89-0c5d-4811-b0a7-51c431f516e8', 'albumin', 3.3, NULL, 'g/dL'::text, CURRENT_TIMESTAMP, 'final');

-- Patient: Christian Grant
INSERT INTO patients (
    id, medical_record_number, first_name, last_name, date_of_birth, gender, email, phone,
    weight, height, smoking_status, cvd_history, family_history_esrd,
    on_ras_inhibitor, on_sglt2i, nephrotoxic_meds, nephrologist_referral,
    diagnosis_date, last_visit_date, next_visit_date
) VALUES (
    '52288970-faaf-472e-8c51-337c5d6a834d', 'MRN136'::text, 'Christian'::text, 'Grant'::text,
    '1962-11-09', 'male'::text, 'christian.grant@email.com'::text, '+1-555-0001',
    87.9, 172, 'Never'::text,
    false, false,
    true, false,
    false, false,
    '2023-12-17', '2025-10-15'::text, '2026-03-30'::text
);
INSERT INTO observations (patient_id, observation_type, value_numeric, value_text, unit, observation_date, status)
VALUES ('52288970-faaf-472e-8c51-337c5d6a834d', 'eGFR', 70.01, NULL, 'mL/min/1.73m²'::text, CURRENT_TIMESTAMP, 'final');
INSERT INTO observations (patient_id, observation_type, value_numeric, value_text, unit, observation_date, status)
VALUES ('52288970-faaf-472e-8c51-337c5d6a834d', 'eGFR_trend', NULL, 'down'::text, NULL, CURRENT_TIMESTAMP, 'final');
INSERT INTO observations (patient_id, observation_type, value_numeric, value_text, unit, observation_date, status)
VALUES ('52288970-faaf-472e-8c51-337c5d6a834d', 'eGFR_change_percent', 3.6, NULL, '%'::text, CURRENT_TIMESTAMP, 'final');
INSERT INTO observations (patient_id, observation_type, value_numeric, value_text, unit, observation_date, status)
VALUES ('52288970-faaf-472e-8c51-337c5d6a834d', 'serum_creatinine', 1.11, NULL, 'mg/dL'::text, CURRENT_TIMESTAMP, 'final');
INSERT INTO observations (patient_id, observation_type, value_numeric, value_text, unit, observation_date, status)
VALUES ('52288970-faaf-472e-8c51-337c5d6a834d', 'BUN', 149, NULL, 'mg/dL'::text, CURRENT_TIMESTAMP, 'final');
INSERT INTO observations (patient_id, observation_type, value_numeric, value_text, unit, observation_date, status)
VALUES ('52288970-faaf-472e-8c51-337c5d6a834d', 'uACR', 73.83, NULL, 'mg/g'::text, CURRENT_TIMESTAMP, 'final');
INSERT INTO observations (patient_id, observation_type, value_numeric, value_text, unit, observation_date, status)
VALUES ('52288970-faaf-472e-8c51-337c5d6a834d', 'proteinuria_category', NULL, 'A1'::text, NULL, CURRENT_TIMESTAMP, 'final');
INSERT INTO observations (patient_id, observation_type, value_numeric, value_text, unit, observation_date, status)
VALUES ('52288970-faaf-472e-8c51-337c5d6a834d', 'blood_pressure_systolic', 120, NULL, 'mmHg'::text, CURRENT_TIMESTAMP, 'final');
INSERT INTO observations (patient_id, observation_type, value_numeric, value_text, unit, observation_date, status)
VALUES ('52288970-faaf-472e-8c51-337c5d6a834d', 'blood_pressure_diastolic', 81, NULL, 'mmHg'::text, CURRENT_TIMESTAMP, 'final');
INSERT INTO observations (patient_id, observation_type, value_numeric, value_text, unit, observation_date, status)
VALUES ('52288970-faaf-472e-8c51-337c5d6a834d', 'HbA1c', 5.3, NULL, '%'::text, CURRENT_TIMESTAMP, 'final');
INSERT INTO observations (patient_id, observation_type, value_numeric, value_text, unit, observation_date, status)
VALUES ('52288970-faaf-472e-8c51-337c5d6a834d', 'LDL_cholesterol', 126, NULL, 'mg/dL'::text, CURRENT_TIMESTAMP, 'final');
INSERT INTO observations (patient_id, observation_type, value_numeric, value_text, unit, observation_date, status)
VALUES ('52288970-faaf-472e-8c51-337c5d6a834d', 'HDL_cholesterol', 67, NULL, 'mg/dL'::text, CURRENT_TIMESTAMP, 'final');
INSERT INTO observations (patient_id, observation_type, value_numeric, value_text, unit, observation_date, status)
VALUES ('52288970-faaf-472e-8c51-337c5d6a834d', 'BMI', 29.7, NULL, 'kg/m²'::text, CURRENT_TIMESTAMP, 'final');
INSERT INTO observations (patient_id, observation_type, value_numeric, value_text, unit, observation_date, status)
VALUES ('52288970-faaf-472e-8c51-337c5d6a834d', 'hemoglobin', 14.3, NULL, 'g/dL'::text, CURRENT_TIMESTAMP, 'final');
INSERT INTO observations (patient_id, observation_type, value_numeric, value_text, unit, observation_date, status)
VALUES ('52288970-faaf-472e-8c51-337c5d6a834d', 'potassium', 4.4, NULL, 'mEq/L'::text, CURRENT_TIMESTAMP, 'final');
INSERT INTO observations (patient_id, observation_type, value_numeric, value_text, unit, observation_date, status)
VALUES ('52288970-faaf-472e-8c51-337c5d6a834d', 'calcium', 9.2, NULL, 'mg/dL'::text, CURRENT_TIMESTAMP, 'final');
INSERT INTO observations (patient_id, observation_type, value_numeric, value_text, unit, observation_date, status)
VALUES ('52288970-faaf-472e-8c51-337c5d6a834d', 'phosphorus', 3.6, NULL, 'mg/dL'::text, CURRENT_TIMESTAMP, 'final');
INSERT INTO observations (patient_id, observation_type, value_numeric, value_text, unit, observation_date, status)
VALUES ('52288970-faaf-472e-8c51-337c5d6a834d', 'albumin', 3.1, NULL, 'g/dL'::text, CURRENT_TIMESTAMP, 'final');
INSERT INTO conditions (patient_id, condition_code, condition_name, clinical_status, onset_date, recorded_date, severity)
VALUES ('52288970-faaf-472e-8c51-337c5d6a834d', 'I10', 'Essential Hypertension', 'active', '2023-12-17', CURRENT_TIMESTAMP, 'moderate');
INSERT INTO conditions (patient_id, condition_code, condition_name, clinical_status, onset_date, recorded_date, severity)
VALUES ('52288970-faaf-472e-8c51-337c5d6a834d', 'N18.2', 'Chronic Kidney Disease, Stage 2', 'active', '2023-12-17', CURRENT_TIMESTAMP, 'mild');

-- Patient: Emily Owens
INSERT INTO patients (
    id, medical_record_number, first_name, last_name, date_of_birth, gender, email, phone,
    weight, height, smoking_status, cvd_history, family_history_esrd,
    on_ras_inhibitor, on_sglt2i, nephrotoxic_meds, nephrologist_referral,
    diagnosis_date, last_visit_date, next_visit_date
) VALUES (
    'cbecb4c9-6cb9-48c6-97f9-9b4bcf27d131', 'MRN137'::text, 'Emily'::text, 'Owens'::text,
    '1975-11-09', 'female'::text, 'emily.owens@email.com'::text, '+1-555-0001',
    96.0, 173, 'Never'::text,
    false, false,
    false, false,
    false, false,
    NULL, '2025-10-27'::text, '2026-04-01'::text
);
INSERT INTO observations (patient_id, observation_type, value_numeric, value_text, unit, observation_date, status)
VALUES ('cbecb4c9-6cb9-48c6-97f9-9b4bcf27d131', 'eGFR', 118.01, NULL, 'mL/min/1.73m²'::text, CURRENT_TIMESTAMP, 'final');
INSERT INTO observations (patient_id, observation_type, value_numeric, value_text, unit, observation_date, status)
VALUES ('cbecb4c9-6cb9-48c6-97f9-9b4bcf27d131', 'eGFR_trend', NULL, 'stable'::text, NULL, CURRENT_TIMESTAMP, 'final');
INSERT INTO observations (patient_id, observation_type, value_numeric, value_text, unit, observation_date, status)
VALUES ('cbecb4c9-6cb9-48c6-97f9-9b4bcf27d131', 'eGFR_change_percent', 3.9, NULL, '%'::text, CURRENT_TIMESTAMP, 'final');
INSERT INTO observations (patient_id, observation_type, value_numeric, value_text, unit, observation_date, status)
VALUES ('cbecb4c9-6cb9-48c6-97f9-9b4bcf27d131', 'serum_creatinine', 0.82, NULL, 'mg/dL'::text, CURRENT_TIMESTAMP, 'final');
INSERT INTO observations (patient_id, observation_type, value_numeric, value_text, unit, observation_date, status)
VALUES ('cbecb4c9-6cb9-48c6-97f9-9b4bcf27d131', 'BUN', 13, NULL, 'mg/dL'::text, CURRENT_TIMESTAMP, 'final');
INSERT INTO observations (patient_id, observation_type, value_numeric, value_text, unit, observation_date, status)
VALUES ('cbecb4c9-6cb9-48c6-97f9-9b4bcf27d131', 'uACR', 20.1, NULL, 'mg/g'::text, CURRENT_TIMESTAMP, 'final');
INSERT INTO observations (patient_id, observation_type, value_numeric, value_text, unit, observation_date, status)
VALUES ('cbecb4c9-6cb9-48c6-97f9-9b4bcf27d131', 'proteinuria_category', NULL, 'A1'::text, NULL, CURRENT_TIMESTAMP, 'final');
INSERT INTO observations (patient_id, observation_type, value_numeric, value_text, unit, observation_date, status)
VALUES ('cbecb4c9-6cb9-48c6-97f9-9b4bcf27d131', 'blood_pressure_systolic', 118, NULL, 'mmHg'::text, CURRENT_TIMESTAMP, 'final');
INSERT INTO observations (patient_id, observation_type, value_numeric, value_text, unit, observation_date, status)
VALUES ('cbecb4c9-6cb9-48c6-97f9-9b4bcf27d131', 'blood_pressure_diastolic', 72, NULL, 'mmHg'::text, CURRENT_TIMESTAMP, 'final');
INSERT INTO observations (patient_id, observation_type, value_numeric, value_text, unit, observation_date, status)
VALUES ('cbecb4c9-6cb9-48c6-97f9-9b4bcf27d131', 'HbA1c', 5.3, NULL, '%'::text, CURRENT_TIMESTAMP, 'final');
INSERT INTO observations (patient_id, observation_type, value_numeric, value_text, unit, observation_date, status)
VALUES ('cbecb4c9-6cb9-48c6-97f9-9b4bcf27d131', 'LDL_cholesterol', 165, NULL, 'mg/dL'::text, CURRENT_TIMESTAMP, 'final');
INSERT INTO observations (patient_id, observation_type, value_numeric, value_text, unit, observation_date, status)
VALUES ('cbecb4c9-6cb9-48c6-97f9-9b4bcf27d131', 'HDL_cholesterol', 67, NULL, 'mg/dL'::text, CURRENT_TIMESTAMP, 'final');
INSERT INTO observations (patient_id, observation_type, value_numeric, value_text, unit, observation_date, status)
VALUES ('cbecb4c9-6cb9-48c6-97f9-9b4bcf27d131', 'BMI', 32.1, NULL, 'kg/m²'::text, CURRENT_TIMESTAMP, 'final');
INSERT INTO observations (patient_id, observation_type, value_numeric, value_text, unit, observation_date, status)
VALUES ('cbecb4c9-6cb9-48c6-97f9-9b4bcf27d131', 'hemoglobin', 12.8, NULL, 'g/dL'::text, CURRENT_TIMESTAMP, 'final');
INSERT INTO observations (patient_id, observation_type, value_numeric, value_text, unit, observation_date, status)
VALUES ('cbecb4c9-6cb9-48c6-97f9-9b4bcf27d131', 'potassium', 4.8, NULL, 'mEq/L'::text, CURRENT_TIMESTAMP, 'final');
INSERT INTO observations (patient_id, observation_type, value_numeric, value_text, unit, observation_date, status)
VALUES ('cbecb4c9-6cb9-48c6-97f9-9b4bcf27d131', 'calcium', 8.1, NULL, 'mg/dL'::text, CURRENT_TIMESTAMP, 'final');
INSERT INTO observations (patient_id, observation_type, value_numeric, value_text, unit, observation_date, status)
VALUES ('cbecb4c9-6cb9-48c6-97f9-9b4bcf27d131', 'phosphorus', 3.6, NULL, 'mg/dL'::text, CURRENT_TIMESTAMP, 'final');
INSERT INTO observations (patient_id, observation_type, value_numeric, value_text, unit, observation_date, status)
VALUES ('cbecb4c9-6cb9-48c6-97f9-9b4bcf27d131', 'albumin', 2.9, NULL, 'g/dL'::text, CURRENT_TIMESTAMP, 'final');

-- Patient: Walter Hughes
INSERT INTO patients (
    id, medical_record_number, first_name, last_name, date_of_birth, gender, email, phone,
    weight, height, smoking_status, cvd_history, family_history_esrd,
    on_ras_inhibitor, on_sglt2i, nephrotoxic_meds, nephrologist_referral,
    diagnosis_date, last_visit_date, next_visit_date
) VALUES (
    'cc334dbe-6442-429e-8f70-81137ed53d8b', 'MRN138'::text, 'Walter'::text, 'Hughes'::text,
    '1973-11-09', 'male'::text, 'walter.hughes@email.com'::text, '+1-555-0001',
    100.3, 173, 'Never'::text,
    false, false,
    false, false,
    false, false,
    NULL, '2025-11-04'::text, '2026-04-17'::text
);
INSERT INTO observations (patient_id, observation_type, value_numeric, value_text, unit, observation_date, status)
VALUES ('cc334dbe-6442-429e-8f70-81137ed53d8b', 'eGFR', 111.28, NULL, 'mL/min/1.73m²'::text, CURRENT_TIMESTAMP, 'final');
INSERT INTO observations (patient_id, observation_type, value_numeric, value_text, unit, observation_date, status)
VALUES ('cc334dbe-6442-429e-8f70-81137ed53d8b', 'eGFR_trend', NULL, 'stable'::text, NULL, CURRENT_TIMESTAMP, 'final');
INSERT INTO observations (patient_id, observation_type, value_numeric, value_text, unit, observation_date, status)
VALUES ('cc334dbe-6442-429e-8f70-81137ed53d8b', 'eGFR_change_percent', 2.2, NULL, '%'::text, CURRENT_TIMESTAMP, 'final');
INSERT INTO observations (patient_id, observation_type, value_numeric, value_text, unit, observation_date, status)
VALUES ('cc334dbe-6442-429e-8f70-81137ed53d8b', 'serum_creatinine', 0.92, NULL, 'mg/dL'::text, CURRENT_TIMESTAMP, 'final');
INSERT INTO observations (patient_id, observation_type, value_numeric, value_text, unit, observation_date, status)
VALUES ('cc334dbe-6442-429e-8f70-81137ed53d8b', 'BUN', 30, NULL, 'mg/dL'::text, CURRENT_TIMESTAMP, 'final');
INSERT INTO observations (patient_id, observation_type, value_numeric, value_text, unit, observation_date, status)
VALUES ('cc334dbe-6442-429e-8f70-81137ed53d8b', 'uACR', 35.45, NULL, 'mg/g'::text, CURRENT_TIMESTAMP, 'final');
INSERT INTO observations (patient_id, observation_type, value_numeric, value_text, unit, observation_date, status)
VALUES ('cc334dbe-6442-429e-8f70-81137ed53d8b', 'proteinuria_category', NULL, 'A1'::text, NULL, CURRENT_TIMESTAMP, 'final');
INSERT INTO observations (patient_id, observation_type, value_numeric, value_text, unit, observation_date, status)
VALUES ('cc334dbe-6442-429e-8f70-81137ed53d8b', 'blood_pressure_systolic', 126, NULL, 'mmHg'::text, CURRENT_TIMESTAMP, 'final');
INSERT INTO observations (patient_id, observation_type, value_numeric, value_text, unit, observation_date, status)
VALUES ('cc334dbe-6442-429e-8f70-81137ed53d8b', 'blood_pressure_diastolic', 70, NULL, 'mmHg'::text, CURRENT_TIMESTAMP, 'final');
INSERT INTO observations (patient_id, observation_type, value_numeric, value_text, unit, observation_date, status)
VALUES ('cc334dbe-6442-429e-8f70-81137ed53d8b', 'HbA1c', 6.1, NULL, '%'::text, CURRENT_TIMESTAMP, 'final');
INSERT INTO observations (patient_id, observation_type, value_numeric, value_text, unit, observation_date, status)
VALUES ('cc334dbe-6442-429e-8f70-81137ed53d8b', 'LDL_cholesterol', 157, NULL, 'mg/dL'::text, CURRENT_TIMESTAMP, 'final');
INSERT INTO observations (patient_id, observation_type, value_numeric, value_text, unit, observation_date, status)
VALUES ('cc334dbe-6442-429e-8f70-81137ed53d8b', 'HDL_cholesterol', 64, NULL, 'mg/dL'::text, CURRENT_TIMESTAMP, 'final');
INSERT INTO observations (patient_id, observation_type, value_numeric, value_text, unit, observation_date, status)
VALUES ('cc334dbe-6442-429e-8f70-81137ed53d8b', 'BMI', 33.5, NULL, 'kg/m²'::text, CURRENT_TIMESTAMP, 'final');
INSERT INTO observations (patient_id, observation_type, value_numeric, value_text, unit, observation_date, status)
VALUES ('cc334dbe-6442-429e-8f70-81137ed53d8b', 'hemoglobin', 14.5, NULL, 'g/dL'::text, CURRENT_TIMESTAMP, 'final');
INSERT INTO observations (patient_id, observation_type, value_numeric, value_text, unit, observation_date, status)
VALUES ('cc334dbe-6442-429e-8f70-81137ed53d8b', 'potassium', 3.8, NULL, 'mEq/L'::text, CURRENT_TIMESTAMP, 'final');
INSERT INTO observations (patient_id, observation_type, value_numeric, value_text, unit, observation_date, status)
VALUES ('cc334dbe-6442-429e-8f70-81137ed53d8b', 'calcium', 8.8, NULL, 'mg/dL'::text, CURRENT_TIMESTAMP, 'final');
INSERT INTO observations (patient_id, observation_type, value_numeric, value_text, unit, observation_date, status)
VALUES ('cc334dbe-6442-429e-8f70-81137ed53d8b', 'phosphorus', 3.5, NULL, 'mg/dL'::text, CURRENT_TIMESTAMP, 'final');
INSERT INTO observations (patient_id, observation_type, value_numeric, value_text, unit, observation_date, status)
VALUES ('cc334dbe-6442-429e-8f70-81137ed53d8b', 'albumin', 4.4, NULL, 'g/dL'::text, CURRENT_TIMESTAMP, 'final');

-- Patient: Alexis Long
INSERT INTO patients (
    id, medical_record_number, first_name, last_name, date_of_birth, gender, email, phone,
    weight, height, smoking_status, cvd_history, family_history_esrd,
    on_ras_inhibitor, on_sglt2i, nephrotoxic_meds, nephrologist_referral,
    diagnosis_date, last_visit_date, next_visit_date
) VALUES (
    'a9ef5a4e-6f45-44bd-856d-8a79f8702a6c', 'MRN139'::text, 'Alexis'::text, 'Long'::text,
    '1966-11-09', 'female'::text, 'alexis.long@email.com'::text, '+1-555-0001',
    69.4, 168, 'Never'::text,
    false, false,
    true, false,
    false, true,
    '2023-11-10', '2025-11-02'::text, '2026-02-26'::text
);
INSERT INTO observations (patient_id, observation_type, value_numeric, value_text, unit, observation_date, status)
VALUES ('a9ef5a4e-6f45-44bd-856d-8a79f8702a6c', 'eGFR', 44.92, NULL, 'mL/min/1.73m²'::text, CURRENT_TIMESTAMP, 'final');
INSERT INTO observations (patient_id, observation_type, value_numeric, value_text, unit, observation_date, status)
VALUES ('a9ef5a4e-6f45-44bd-856d-8a79f8702a6c', 'eGFR_trend', NULL, 'down'::text, NULL, CURRENT_TIMESTAMP, 'final');
INSERT INTO observations (patient_id, observation_type, value_numeric, value_text, unit, observation_date, status)
VALUES ('a9ef5a4e-6f45-44bd-856d-8a79f8702a6c', 'eGFR_change_percent', -3.4, NULL, '%'::text, CURRENT_TIMESTAMP, 'final');
INSERT INTO observations (patient_id, observation_type, value_numeric, value_text, unit, observation_date, status)
VALUES ('a9ef5a4e-6f45-44bd-856d-8a79f8702a6c', 'serum_creatinine', 1.84, NULL, 'mg/dL'::text, CURRENT_TIMESTAMP, 'final');
INSERT INTO observations (patient_id, observation_type, value_numeric, value_text, unit, observation_date, status)
VALUES ('a9ef5a4e-6f45-44bd-856d-8a79f8702a6c', 'BUN', 41, NULL, 'mg/dL'::text, CURRENT_TIMESTAMP, 'final');
INSERT INTO observations (patient_id, observation_type, value_numeric, value_text, unit, observation_date, status)
VALUES ('a9ef5a4e-6f45-44bd-856d-8a79f8702a6c', 'uACR', 186.31, NULL, 'mg/g'::text, CURRENT_TIMESTAMP, 'final');
INSERT INTO observations (patient_id, observation_type, value_numeric, value_text, unit, observation_date, status)
VALUES ('a9ef5a4e-6f45-44bd-856d-8a79f8702a6c', 'proteinuria_category', NULL, 'A3'::text, NULL, CURRENT_TIMESTAMP, 'final');
INSERT INTO observations (patient_id, observation_type, value_numeric, value_text, unit, observation_date, status)
VALUES ('a9ef5a4e-6f45-44bd-856d-8a79f8702a6c', 'blood_pressure_systolic', 155, NULL, 'mmHg'::text, CURRENT_TIMESTAMP, 'final');
INSERT INTO observations (patient_id, observation_type, value_numeric, value_text, unit, observation_date, status)
VALUES ('a9ef5a4e-6f45-44bd-856d-8a79f8702a6c', 'blood_pressure_diastolic', 83, NULL, 'mmHg'::text, CURRENT_TIMESTAMP, 'final');
INSERT INTO observations (patient_id, observation_type, value_numeric, value_text, unit, observation_date, status)
VALUES ('a9ef5a4e-6f45-44bd-856d-8a79f8702a6c', 'HbA1c', 6.1, NULL, '%'::text, CURRENT_TIMESTAMP, 'final');
INSERT INTO observations (patient_id, observation_type, value_numeric, value_text, unit, observation_date, status)
VALUES ('a9ef5a4e-6f45-44bd-856d-8a79f8702a6c', 'LDL_cholesterol', 106, NULL, 'mg/dL'::text, CURRENT_TIMESTAMP, 'final');
INSERT INTO observations (patient_id, observation_type, value_numeric, value_text, unit, observation_date, status)
VALUES ('a9ef5a4e-6f45-44bd-856d-8a79f8702a6c', 'HDL_cholesterol', 67, NULL, 'mg/dL'::text, CURRENT_TIMESTAMP, 'final');
INSERT INTO observations (patient_id, observation_type, value_numeric, value_text, unit, observation_date, status)
VALUES ('a9ef5a4e-6f45-44bd-856d-8a79f8702a6c', 'BMI', 24.6, NULL, 'kg/m²'::text, CURRENT_TIMESTAMP, 'final');
INSERT INTO observations (patient_id, observation_type, value_numeric, value_text, unit, observation_date, status)
VALUES ('a9ef5a4e-6f45-44bd-856d-8a79f8702a6c', 'hemoglobin', 11.7, NULL, 'g/dL'::text, CURRENT_TIMESTAMP, 'final');
INSERT INTO observations (patient_id, observation_type, value_numeric, value_text, unit, observation_date, status)
VALUES ('a9ef5a4e-6f45-44bd-856d-8a79f8702a6c', 'potassium', 4.1, NULL, 'mEq/L'::text, CURRENT_TIMESTAMP, 'final');
INSERT INTO observations (patient_id, observation_type, value_numeric, value_text, unit, observation_date, status)
VALUES ('a9ef5a4e-6f45-44bd-856d-8a79f8702a6c', 'calcium', 8.7, NULL, 'mg/dL'::text, CURRENT_TIMESTAMP, 'final');
INSERT INTO observations (patient_id, observation_type, value_numeric, value_text, unit, observation_date, status)
VALUES ('a9ef5a4e-6f45-44bd-856d-8a79f8702a6c', 'phosphorus', 4.0, NULL, 'mg/dL'::text, CURRENT_TIMESTAMP, 'final');
INSERT INTO observations (patient_id, observation_type, value_numeric, value_text, unit, observation_date, status)
VALUES ('a9ef5a4e-6f45-44bd-856d-8a79f8702a6c', 'albumin', 2.6, NULL, 'g/dL'::text, CURRENT_TIMESTAMP, 'final');
INSERT INTO conditions (patient_id, condition_code, condition_name, clinical_status, onset_date, recorded_date, severity)
VALUES ('a9ef5a4e-6f45-44bd-856d-8a79f8702a6c', 'N18.3', 'Chronic Kidney Disease, Stage 3', 'active', '2023-11-10', CURRENT_TIMESTAMP, 'moderate');

-- Patient: Diana Boyd
INSERT INTO patients (
    id, medical_record_number, first_name, last_name, date_of_birth, gender, email, phone,
    weight, height, smoking_status, cvd_history, family_history_esrd,
    on_ras_inhibitor, on_sglt2i, nephrotoxic_meds, nephrologist_referral,
    diagnosis_date, last_visit_date, next_visit_date
) VALUES (
    '91ddbf1c-c35f-4152-a19d-8dde3cb84353', 'MRN140'::text, 'Diana'::text, 'Boyd'::text,
    '1951-11-09', 'female'::text, 'diana.boyd@email.com'::text, '+1-555-0001',
    83.5, 161, 'Former'::text,
    true, false,
    false, false,
    false, true,
    '2020-06-16', '2025-10-29'::text, '2025-11-29'::text
);
INSERT INTO observations (patient_id, observation_type, value_numeric, value_text, unit, observation_date, status)
VALUES ('91ddbf1c-c35f-4152-a19d-8dde3cb84353', 'eGFR', 26.68, NULL, 'mL/min/1.73m²'::text, CURRENT_TIMESTAMP, 'final');
INSERT INTO observations (patient_id, observation_type, value_numeric, value_text, unit, observation_date, status)
VALUES ('91ddbf1c-c35f-4152-a19d-8dde3cb84353', 'eGFR_trend', NULL, 'down'::text, NULL, CURRENT_TIMESTAMP, 'final');
INSERT INTO observations (patient_id, observation_type, value_numeric, value_text, unit, observation_date, status)
VALUES ('91ddbf1c-c35f-4152-a19d-8dde3cb84353', 'eGFR_change_percent', -19.4, NULL, '%'::text, CURRENT_TIMESTAMP, 'final');
INSERT INTO observations (patient_id, observation_type, value_numeric, value_text, unit, observation_date, status)
VALUES ('91ddbf1c-c35f-4152-a19d-8dde3cb84353', 'serum_creatinine', 2.51, NULL, 'mg/dL'::text, CURRENT_TIMESTAMP, 'final');
INSERT INTO observations (patient_id, observation_type, value_numeric, value_text, unit, observation_date, status)
VALUES ('91ddbf1c-c35f-4152-a19d-8dde3cb84353', 'BUN', 213, NULL, 'mg/dL'::text, CURRENT_TIMESTAMP, 'final');
INSERT INTO observations (patient_id, observation_type, value_numeric, value_text, unit, observation_date, status)
VALUES ('91ddbf1c-c35f-4152-a19d-8dde3cb84353', 'uACR', 674.24, NULL, 'mg/g'::text, CURRENT_TIMESTAMP, 'final');
INSERT INTO observations (patient_id, observation_type, value_numeric, value_text, unit, observation_date, status)
VALUES ('91ddbf1c-c35f-4152-a19d-8dde3cb84353', 'proteinuria_category', NULL, 'A3'::text, NULL, CURRENT_TIMESTAMP, 'final');
INSERT INTO observations (patient_id, observation_type, value_numeric, value_text, unit, observation_date, status)
VALUES ('91ddbf1c-c35f-4152-a19d-8dde3cb84353', 'blood_pressure_systolic', 149, NULL, 'mmHg'::text, CURRENT_TIMESTAMP, 'final');
INSERT INTO observations (patient_id, observation_type, value_numeric, value_text, unit, observation_date, status)
VALUES ('91ddbf1c-c35f-4152-a19d-8dde3cb84353', 'blood_pressure_diastolic', 97, NULL, 'mmHg'::text, CURRENT_TIMESTAMP, 'final');
INSERT INTO observations (patient_id, observation_type, value_numeric, value_text, unit, observation_date, status)
VALUES ('91ddbf1c-c35f-4152-a19d-8dde3cb84353', 'HbA1c', 5.3, NULL, '%'::text, CURRENT_TIMESTAMP, 'final');
INSERT INTO observations (patient_id, observation_type, value_numeric, value_text, unit, observation_date, status)
VALUES ('91ddbf1c-c35f-4152-a19d-8dde3cb84353', 'LDL_cholesterol', 108, NULL, 'mg/dL'::text, CURRENT_TIMESTAMP, 'final');
INSERT INTO observations (patient_id, observation_type, value_numeric, value_text, unit, observation_date, status)
VALUES ('91ddbf1c-c35f-4152-a19d-8dde3cb84353', 'HDL_cholesterol', 36, NULL, 'mg/dL'::text, CURRENT_TIMESTAMP, 'final');
INSERT INTO observations (patient_id, observation_type, value_numeric, value_text, unit, observation_date, status)
VALUES ('91ddbf1c-c35f-4152-a19d-8dde3cb84353', 'BMI', 32.2, NULL, 'kg/m²'::text, CURRENT_TIMESTAMP, 'final');
INSERT INTO observations (patient_id, observation_type, value_numeric, value_text, unit, observation_date, status)
VALUES ('91ddbf1c-c35f-4152-a19d-8dde3cb84353', 'hemoglobin', 8.5, NULL, 'g/dL'::text, CURRENT_TIMESTAMP, 'final');
INSERT INTO observations (patient_id, observation_type, value_numeric, value_text, unit, observation_date, status)
VALUES ('91ddbf1c-c35f-4152-a19d-8dde3cb84353', 'potassium', 6.2, NULL, 'mEq/L'::text, CURRENT_TIMESTAMP, 'final');
INSERT INTO observations (patient_id, observation_type, value_numeric, value_text, unit, observation_date, status)
VALUES ('91ddbf1c-c35f-4152-a19d-8dde3cb84353', 'calcium', 8.8, NULL, 'mg/dL'::text, CURRENT_TIMESTAMP, 'final');
INSERT INTO observations (patient_id, observation_type, value_numeric, value_text, unit, observation_date, status)
VALUES ('91ddbf1c-c35f-4152-a19d-8dde3cb84353', 'phosphorus', 4.9, NULL, 'mg/dL'::text, CURRENT_TIMESTAMP, 'final');
INSERT INTO observations (patient_id, observation_type, value_numeric, value_text, unit, observation_date, status)
VALUES ('91ddbf1c-c35f-4152-a19d-8dde3cb84353', 'albumin', 1.9, NULL, 'g/dL'::text, CURRENT_TIMESTAMP, 'final');
INSERT INTO conditions (patient_id, condition_code, condition_name, clinical_status, onset_date, recorded_date, severity)
VALUES ('91ddbf1c-c35f-4152-a19d-8dde3cb84353', 'N18.4', 'Chronic Kidney Disease, Stage 4', 'active', '2020-06-16', CURRENT_TIMESTAMP, 'severe');
INSERT INTO conditions (patient_id, condition_code, condition_name, clinical_status, onset_date, recorded_date, severity)
VALUES ('91ddbf1c-c35f-4152-a19d-8dde3cb84353', 'I25.10', 'Coronary Artery Disease', 'active', '2020-06-16', CURRENT_TIMESTAMP, 'moderate');

-- Patient: Clara Holmes
INSERT INTO patients (
    id, medical_record_number, first_name, last_name, date_of_birth, gender, email, phone,
    weight, height, smoking_status, cvd_history, family_history_esrd,
    on_ras_inhibitor, on_sglt2i, nephrotoxic_meds, nephrologist_referral,
    diagnosis_date, last_visit_date, next_visit_date
) VALUES (
    'af211b50-6364-4149-88ba-a94e7e4d4b63', 'MRN141'::text, 'Clara'::text, 'Holmes'::text,
    '1961-11-09', 'female'::text, 'clara.holmes@email.com'::text, '+1-555-0001',
    83.2, 178, 'Former'::text,
    false, true,
    false, true,
    false, true,
    '2022-11-10', '2025-11-02'::text, '2025-11-28'::text
);
INSERT INTO observations (patient_id, observation_type, value_numeric, value_text, unit, observation_date, status)
VALUES ('af211b50-6364-4149-88ba-a94e7e4d4b63', 'eGFR', 22.37, NULL, 'mL/min/1.73m²'::text, CURRENT_TIMESTAMP, 'final');
INSERT INTO observations (patient_id, observation_type, value_numeric, value_text, unit, observation_date, status)
VALUES ('af211b50-6364-4149-88ba-a94e7e4d4b63', 'eGFR_trend', NULL, 'down'::text, NULL, CURRENT_TIMESTAMP, 'final');
INSERT INTO observations (patient_id, observation_type, value_numeric, value_text, unit, observation_date, status)
VALUES ('af211b50-6364-4149-88ba-a94e7e4d4b63', 'eGFR_change_percent', -18.9, NULL, '%'::text, CURRENT_TIMESTAMP, 'final');
INSERT INTO observations (patient_id, observation_type, value_numeric, value_text, unit, observation_date, status)
VALUES ('af211b50-6364-4149-88ba-a94e7e4d4b63', 'serum_creatinine', 2.35, NULL, 'mg/dL'::text, CURRENT_TIMESTAMP, 'final');
INSERT INTO observations (patient_id, observation_type, value_numeric, value_text, unit, observation_date, status)
VALUES ('af211b50-6364-4149-88ba-a94e7e4d4b63', 'BUN', 64, NULL, 'mg/dL'::text, CURRENT_TIMESTAMP, 'final');
INSERT INTO observations (patient_id, observation_type, value_numeric, value_text, unit, observation_date, status)
VALUES ('af211b50-6364-4149-88ba-a94e7e4d4b63', 'uACR', 432.43, NULL, 'mg/g'::text, CURRENT_TIMESTAMP, 'final');
INSERT INTO observations (patient_id, observation_type, value_numeric, value_text, unit, observation_date, status)
VALUES ('af211b50-6364-4149-88ba-a94e7e4d4b63', 'proteinuria_category', NULL, 'A3'::text, NULL, CURRENT_TIMESTAMP, 'final');
INSERT INTO observations (patient_id, observation_type, value_numeric, value_text, unit, observation_date, status)
VALUES ('af211b50-6364-4149-88ba-a94e7e4d4b63', 'blood_pressure_systolic', 162, NULL, 'mmHg'::text, CURRENT_TIMESTAMP, 'final');
INSERT INTO observations (patient_id, observation_type, value_numeric, value_text, unit, observation_date, status)
VALUES ('af211b50-6364-4149-88ba-a94e7e4d4b63', 'blood_pressure_diastolic', 97, NULL, 'mmHg'::text, CURRENT_TIMESTAMP, 'final');
INSERT INTO observations (patient_id, observation_type, value_numeric, value_text, unit, observation_date, status)
VALUES ('af211b50-6364-4149-88ba-a94e7e4d4b63', 'HbA1c', 9.1, NULL, '%'::text, CURRENT_TIMESTAMP, 'final');
INSERT INTO observations (patient_id, observation_type, value_numeric, value_text, unit, observation_date, status)
VALUES ('af211b50-6364-4149-88ba-a94e7e4d4b63', 'LDL_cholesterol', 110, NULL, 'mg/dL'::text, CURRENT_TIMESTAMP, 'final');
INSERT INTO observations (patient_id, observation_type, value_numeric, value_text, unit, observation_date, status)
VALUES ('af211b50-6364-4149-88ba-a94e7e4d4b63', 'HDL_cholesterol', 34, NULL, 'mg/dL'::text, CURRENT_TIMESTAMP, 'final');
INSERT INTO observations (patient_id, observation_type, value_numeric, value_text, unit, observation_date, status)
VALUES ('af211b50-6364-4149-88ba-a94e7e4d4b63', 'BMI', 26.3, NULL, 'kg/m²'::text, CURRENT_TIMESTAMP, 'final');
INSERT INTO observations (patient_id, observation_type, value_numeric, value_text, unit, observation_date, status)
VALUES ('af211b50-6364-4149-88ba-a94e7e4d4b63', 'hemoglobin', 9.1, NULL, 'g/dL'::text, CURRENT_TIMESTAMP, 'final');
INSERT INTO observations (patient_id, observation_type, value_numeric, value_text, unit, observation_date, status)
VALUES ('af211b50-6364-4149-88ba-a94e7e4d4b63', 'potassium', 5.9, NULL, 'mEq/L'::text, CURRENT_TIMESTAMP, 'final');
INSERT INTO observations (patient_id, observation_type, value_numeric, value_text, unit, observation_date, status)
VALUES ('af211b50-6364-4149-88ba-a94e7e4d4b63', 'calcium', 8.6, NULL, 'mg/dL'::text, CURRENT_TIMESTAMP, 'final');
INSERT INTO observations (patient_id, observation_type, value_numeric, value_text, unit, observation_date, status)
VALUES ('af211b50-6364-4149-88ba-a94e7e4d4b63', 'phosphorus', 7.4, NULL, 'mg/dL'::text, CURRENT_TIMESTAMP, 'final');
INSERT INTO observations (patient_id, observation_type, value_numeric, value_text, unit, observation_date, status)
VALUES ('af211b50-6364-4149-88ba-a94e7e4d4b63', 'albumin', 2.4, NULL, 'g/dL'::text, CURRENT_TIMESTAMP, 'final');
INSERT INTO conditions (patient_id, condition_code, condition_name, clinical_status, onset_date, recorded_date, severity)
VALUES ('af211b50-6364-4149-88ba-a94e7e4d4b63', 'E11.9', 'Type 2 Diabetes Mellitus', 'active', '2022-11-10', CURRENT_TIMESTAMP, 'moderate');
INSERT INTO conditions (patient_id, condition_code, condition_name, clinical_status, onset_date, recorded_date, severity)
VALUES ('af211b50-6364-4149-88ba-a94e7e4d4b63', 'I10', 'Essential Hypertension', 'active', '2022-11-10', CURRENT_TIMESTAMP, 'moderate');
INSERT INTO conditions (patient_id, condition_code, condition_name, clinical_status, onset_date, recorded_date, severity)
VALUES ('af211b50-6364-4149-88ba-a94e7e4d4b63', 'N18.4', 'Chronic Kidney Disease, Stage 4', 'active', '2022-11-10', CURRENT_TIMESTAMP, 'severe');

-- Patient: Terry Fisher
INSERT INTO patients (
    id, medical_record_number, first_name, last_name, date_of_birth, gender, email, phone,
    weight, height, smoking_status, cvd_history, family_history_esrd,
    on_ras_inhibitor, on_sglt2i, nephrotoxic_meds, nephrologist_referral,
    diagnosis_date, last_visit_date, next_visit_date
) VALUES (
    '635eee20-7a4b-4bb6-a253-8cb189f91802', 'MRN142'::text, 'Terry'::text, 'Fisher'::text,
    '1969-11-09', 'male'::text, 'terry.fisher@email.com'::text, '+1-555-0001',
    87.4, 178, 'Former'::text,
    false, false,
    true, false,
    false, false,
    '2024-08-28', '2025-10-13'::text, '2026-04-12'::text
);
INSERT INTO observations (patient_id, observation_type, value_numeric, value_text, unit, observation_date, status)
VALUES ('635eee20-7a4b-4bb6-a253-8cb189f91802', 'eGFR', 66.91, NULL, 'mL/min/1.73m²'::text, CURRENT_TIMESTAMP, 'final');
INSERT INTO observations (patient_id, observation_type, value_numeric, value_text, unit, observation_date, status)
VALUES ('635eee20-7a4b-4bb6-a253-8cb189f91802', 'eGFR_trend', NULL, 'stable'::text, NULL, CURRENT_TIMESTAMP, 'final');
INSERT INTO observations (patient_id, observation_type, value_numeric, value_text, unit, observation_date, status)
VALUES ('635eee20-7a4b-4bb6-a253-8cb189f91802', 'eGFR_change_percent', 0.3, NULL, '%'::text, CURRENT_TIMESTAMP, 'final');
INSERT INTO observations (patient_id, observation_type, value_numeric, value_text, unit, observation_date, status)
VALUES ('635eee20-7a4b-4bb6-a253-8cb189f91802', 'serum_creatinine', 1.27, NULL, 'mg/dL'::text, CURRENT_TIMESTAMP, 'final');
INSERT INTO observations (patient_id, observation_type, value_numeric, value_text, unit, observation_date, status)
VALUES ('635eee20-7a4b-4bb6-a253-8cb189f91802', 'BUN', 93, NULL, 'mg/dL'::text, CURRENT_TIMESTAMP, 'final');
INSERT INTO observations (patient_id, observation_type, value_numeric, value_text, unit, observation_date, status)
VALUES ('635eee20-7a4b-4bb6-a253-8cb189f91802', 'uACR', 128.42, NULL, 'mg/g'::text, CURRENT_TIMESTAMP, 'final');
INSERT INTO observations (patient_id, observation_type, value_numeric, value_text, unit, observation_date, status)
VALUES ('635eee20-7a4b-4bb6-a253-8cb189f91802', 'proteinuria_category', NULL, 'A2'::text, NULL, CURRENT_TIMESTAMP, 'final');
INSERT INTO observations (patient_id, observation_type, value_numeric, value_text, unit, observation_date, status)
VALUES ('635eee20-7a4b-4bb6-a253-8cb189f91802', 'blood_pressure_systolic', 123, NULL, 'mmHg'::text, CURRENT_TIMESTAMP, 'final');
INSERT INTO observations (patient_id, observation_type, value_numeric, value_text, unit, observation_date, status)
VALUES ('635eee20-7a4b-4bb6-a253-8cb189f91802', 'blood_pressure_diastolic', 87, NULL, 'mmHg'::text, CURRENT_TIMESTAMP, 'final');
INSERT INTO observations (patient_id, observation_type, value_numeric, value_text, unit, observation_date, status)
VALUES ('635eee20-7a4b-4bb6-a253-8cb189f91802', 'HbA1c', 8.0, NULL, '%'::text, CURRENT_TIMESTAMP, 'final');
INSERT INTO observations (patient_id, observation_type, value_numeric, value_text, unit, observation_date, status)
VALUES ('635eee20-7a4b-4bb6-a253-8cb189f91802', 'LDL_cholesterol', 112, NULL, 'mg/dL'::text, CURRENT_TIMESTAMP, 'final');
INSERT INTO observations (patient_id, observation_type, value_numeric, value_text, unit, observation_date, status)
VALUES ('635eee20-7a4b-4bb6-a253-8cb189f91802', 'HDL_cholesterol', 41, NULL, 'mg/dL'::text, CURRENT_TIMESTAMP, 'final');
INSERT INTO observations (patient_id, observation_type, value_numeric, value_text, unit, observation_date, status)
VALUES ('635eee20-7a4b-4bb6-a253-8cb189f91802', 'BMI', 27.6, NULL, 'kg/m²'::text, CURRENT_TIMESTAMP, 'final');
INSERT INTO observations (patient_id, observation_type, value_numeric, value_text, unit, observation_date, status)
VALUES ('635eee20-7a4b-4bb6-a253-8cb189f91802', 'hemoglobin', 14.0, NULL, 'g/dL'::text, CURRENT_TIMESTAMP, 'final');
INSERT INTO observations (patient_id, observation_type, value_numeric, value_text, unit, observation_date, status)
VALUES ('635eee20-7a4b-4bb6-a253-8cb189f91802', 'potassium', 4.1, NULL, 'mEq/L'::text, CURRENT_TIMESTAMP, 'final');
INSERT INTO observations (patient_id, observation_type, value_numeric, value_text, unit, observation_date, status)
VALUES ('635eee20-7a4b-4bb6-a253-8cb189f91802', 'calcium', 9.0, NULL, 'mg/dL'::text, CURRENT_TIMESTAMP, 'final');
INSERT INTO observations (patient_id, observation_type, value_numeric, value_text, unit, observation_date, status)
VALUES ('635eee20-7a4b-4bb6-a253-8cb189f91802', 'phosphorus', 3.3, NULL, 'mg/dL'::text, CURRENT_TIMESTAMP, 'final');
INSERT INTO observations (patient_id, observation_type, value_numeric, value_text, unit, observation_date, status)
VALUES ('635eee20-7a4b-4bb6-a253-8cb189f91802', 'albumin', 2.7, NULL, 'g/dL'::text, CURRENT_TIMESTAMP, 'final');
INSERT INTO conditions (patient_id, condition_code, condition_name, clinical_status, onset_date, recorded_date, severity)
VALUES ('635eee20-7a4b-4bb6-a253-8cb189f91802', 'E11.9', 'Type 2 Diabetes Mellitus', 'active', '2024-08-28', CURRENT_TIMESTAMP, 'moderate');
INSERT INTO conditions (patient_id, condition_code, condition_name, clinical_status, onset_date, recorded_date, severity)
VALUES ('635eee20-7a4b-4bb6-a253-8cb189f91802', 'I10', 'Essential Hypertension', 'active', '2024-08-28', CURRENT_TIMESTAMP, 'moderate');
INSERT INTO conditions (patient_id, condition_code, condition_name, clinical_status, onset_date, recorded_date, severity)
VALUES ('635eee20-7a4b-4bb6-a253-8cb189f91802', 'N18.2', 'Chronic Kidney Disease, Stage 2', 'active', '2024-08-28', CURRENT_TIMESTAMP, 'mild');

-- Patient: Nicholas Henry
INSERT INTO patients (
    id, medical_record_number, first_name, last_name, date_of_birth, gender, email, phone,
    weight, height, smoking_status, cvd_history, family_history_esrd,
    on_ras_inhibitor, on_sglt2i, nephrotoxic_meds, nephrologist_referral,
    diagnosis_date, last_visit_date, next_visit_date
) VALUES (
    '6cbbcaf2-3fc8-4478-bf2b-d5574121e8b1', 'MRN143'::text, 'Nicholas'::text, 'Henry'::text,
    '1967-11-09', 'male'::text, 'nicholas.henry@email.com'::text, '+1-555-0001',
    78.2, 179, 'Former'::text,
    false, false,
    false, false,
    false, false,
    '2024-08-28', '2025-10-17'::text, '2026-04-25'::text
);
INSERT INTO observations (patient_id, observation_type, value_numeric, value_text, unit, observation_date, status)
VALUES ('6cbbcaf2-3fc8-4478-bf2b-d5574121e8b1', 'eGFR', 74.19, NULL, 'mL/min/1.73m²'::text, CURRENT_TIMESTAMP, 'final');
INSERT INTO observations (patient_id, observation_type, value_numeric, value_text, unit, observation_date, status)
VALUES ('6cbbcaf2-3fc8-4478-bf2b-d5574121e8b1', 'eGFR_trend', NULL, 'stable'::text, NULL, CURRENT_TIMESTAMP, 'final');
INSERT INTO observations (patient_id, observation_type, value_numeric, value_text, unit, observation_date, status)
VALUES ('6cbbcaf2-3fc8-4478-bf2b-d5574121e8b1', 'eGFR_change_percent', 1.8, NULL, '%'::text, CURRENT_TIMESTAMP, 'final');
INSERT INTO observations (patient_id, observation_type, value_numeric, value_text, unit, observation_date, status)
VALUES ('6cbbcaf2-3fc8-4478-bf2b-d5574121e8b1', 'serum_creatinine', 1.18, NULL, 'mg/dL'::text, CURRENT_TIMESTAMP, 'final');
INSERT INTO observations (patient_id, observation_type, value_numeric, value_text, unit, observation_date, status)
VALUES ('6cbbcaf2-3fc8-4478-bf2b-d5574121e8b1', 'BUN', 91, NULL, 'mg/dL'::text, CURRENT_TIMESTAMP, 'final');
INSERT INTO observations (patient_id, observation_type, value_numeric, value_text, unit, observation_date, status)
VALUES ('6cbbcaf2-3fc8-4478-bf2b-d5574121e8b1', 'uACR', 69.02, NULL, 'mg/g'::text, CURRENT_TIMESTAMP, 'final');
INSERT INTO observations (patient_id, observation_type, value_numeric, value_text, unit, observation_date, status)
VALUES ('6cbbcaf2-3fc8-4478-bf2b-d5574121e8b1', 'proteinuria_category', NULL, 'A1'::text, NULL, CURRENT_TIMESTAMP, 'final');
INSERT INTO observations (patient_id, observation_type, value_numeric, value_text, unit, observation_date, status)
VALUES ('6cbbcaf2-3fc8-4478-bf2b-d5574121e8b1', 'blood_pressure_systolic', 135, NULL, 'mmHg'::text, CURRENT_TIMESTAMP, 'final');
INSERT INTO observations (patient_id, observation_type, value_numeric, value_text, unit, observation_date, status)
VALUES ('6cbbcaf2-3fc8-4478-bf2b-d5574121e8b1', 'blood_pressure_diastolic', 78, NULL, 'mmHg'::text, CURRENT_TIMESTAMP, 'final');
INSERT INTO observations (patient_id, observation_type, value_numeric, value_text, unit, observation_date, status)
VALUES ('6cbbcaf2-3fc8-4478-bf2b-d5574121e8b1', 'HbA1c', 7.8, NULL, '%'::text, CURRENT_TIMESTAMP, 'final');
INSERT INTO observations (patient_id, observation_type, value_numeric, value_text, unit, observation_date, status)
VALUES ('6cbbcaf2-3fc8-4478-bf2b-d5574121e8b1', 'LDL_cholesterol', 154, NULL, 'mg/dL'::text, CURRENT_TIMESTAMP, 'final');
INSERT INTO observations (patient_id, observation_type, value_numeric, value_text, unit, observation_date, status)
VALUES ('6cbbcaf2-3fc8-4478-bf2b-d5574121e8b1', 'HDL_cholesterol', 52, NULL, 'mg/dL'::text, CURRENT_TIMESTAMP, 'final');
INSERT INTO observations (patient_id, observation_type, value_numeric, value_text, unit, observation_date, status)
VALUES ('6cbbcaf2-3fc8-4478-bf2b-d5574121e8b1', 'BMI', 24.4, NULL, 'kg/m²'::text, CURRENT_TIMESTAMP, 'final');
INSERT INTO observations (patient_id, observation_type, value_numeric, value_text, unit, observation_date, status)
VALUES ('6cbbcaf2-3fc8-4478-bf2b-d5574121e8b1', 'hemoglobin', 13.0, NULL, 'g/dL'::text, CURRENT_TIMESTAMP, 'final');
INSERT INTO observations (patient_id, observation_type, value_numeric, value_text, unit, observation_date, status)
VALUES ('6cbbcaf2-3fc8-4478-bf2b-d5574121e8b1', 'potassium', 4.0, NULL, 'mEq/L'::text, CURRENT_TIMESTAMP, 'final');
INSERT INTO observations (patient_id, observation_type, value_numeric, value_text, unit, observation_date, status)
VALUES ('6cbbcaf2-3fc8-4478-bf2b-d5574121e8b1', 'calcium', 9.7, NULL, 'mg/dL'::text, CURRENT_TIMESTAMP, 'final');
INSERT INTO observations (patient_id, observation_type, value_numeric, value_text, unit, observation_date, status)
VALUES ('6cbbcaf2-3fc8-4478-bf2b-d5574121e8b1', 'phosphorus', 4.0, NULL, 'mg/dL'::text, CURRENT_TIMESTAMP, 'final');
INSERT INTO observations (patient_id, observation_type, value_numeric, value_text, unit, observation_date, status)
VALUES ('6cbbcaf2-3fc8-4478-bf2b-d5574121e8b1', 'albumin', 3.0, NULL, 'g/dL'::text, CURRENT_TIMESTAMP, 'final');
INSERT INTO conditions (patient_id, condition_code, condition_name, clinical_status, onset_date, recorded_date, severity)
VALUES ('6cbbcaf2-3fc8-4478-bf2b-d5574121e8b1', 'E11.9', 'Type 2 Diabetes Mellitus', 'active', '2024-08-28', CURRENT_TIMESTAMP, 'moderate');
INSERT INTO conditions (patient_id, condition_code, condition_name, clinical_status, onset_date, recorded_date, severity)
VALUES ('6cbbcaf2-3fc8-4478-bf2b-d5574121e8b1', 'I10', 'Essential Hypertension', 'active', '2024-08-28', CURRENT_TIMESTAMP, 'moderate');
INSERT INTO conditions (patient_id, condition_code, condition_name, clinical_status, onset_date, recorded_date, severity)
VALUES ('6cbbcaf2-3fc8-4478-bf2b-d5574121e8b1', 'N18.2', 'Chronic Kidney Disease, Stage 2', 'active', '2024-08-28', CURRENT_TIMESTAMP, 'mild');

-- Patient: Douglas Ward
INSERT INTO patients (
    id, medical_record_number, first_name, last_name, date_of_birth, gender, email, phone,
    weight, height, smoking_status, cvd_history, family_history_esrd,
    on_ras_inhibitor, on_sglt2i, nephrotoxic_meds, nephrologist_referral,
    diagnosis_date, last_visit_date, next_visit_date
) VALUES (
    'aa361561-bf94-47fd-aa5f-2cb218060393', 'MRN144'::text, 'Douglas'::text, 'Ward'::text,
    '1961-11-09', 'male'::text, 'douglas.ward@email.com'::text, '+1-555-0001',
    76.7, 171, 'Never'::text,
    false, false,
    true, false,
    false, false,
    '2023-08-29', '2025-10-18'::text, '2026-03-20'::text
);
INSERT INTO observations (patient_id, observation_type, value_numeric, value_text, unit, observation_date, status)
VALUES ('aa361561-bf94-47fd-aa5f-2cb218060393', 'eGFR', 102.42, NULL, 'mL/min/1.73m²'::text, CURRENT_TIMESTAMP, 'final');
INSERT INTO observations (patient_id, observation_type, value_numeric, value_text, unit, observation_date, status)
VALUES ('aa361561-bf94-47fd-aa5f-2cb218060393', 'eGFR_trend', NULL, 'up'::text, NULL, CURRENT_TIMESTAMP, 'final');
INSERT INTO observations (patient_id, observation_type, value_numeric, value_text, unit, observation_date, status)
VALUES ('aa361561-bf94-47fd-aa5f-2cb218060393', 'eGFR_change_percent', 4.0, NULL, '%'::text, CURRENT_TIMESTAMP, 'final');
INSERT INTO observations (patient_id, observation_type, value_numeric, value_text, unit, observation_date, status)
VALUES ('aa361561-bf94-47fd-aa5f-2cb218060393', 'serum_creatinine', 0.85, NULL, 'mg/dL'::text, CURRENT_TIMESTAMP, 'final');
INSERT INTO observations (patient_id, observation_type, value_numeric, value_text, unit, observation_date, status)
VALUES ('aa361561-bf94-47fd-aa5f-2cb218060393', 'BUN', 86, NULL, 'mg/dL'::text, CURRENT_TIMESTAMP, 'final');
INSERT INTO observations (patient_id, observation_type, value_numeric, value_text, unit, observation_date, status)
VALUES ('aa361561-bf94-47fd-aa5f-2cb218060393', 'uACR', 39.17, NULL, 'mg/g'::text, CURRENT_TIMESTAMP, 'final');
INSERT INTO observations (patient_id, observation_type, value_numeric, value_text, unit, observation_date, status)
VALUES ('aa361561-bf94-47fd-aa5f-2cb218060393', 'proteinuria_category', NULL, 'A1'::text, NULL, CURRENT_TIMESTAMP, 'final');
INSERT INTO observations (patient_id, observation_type, value_numeric, value_text, unit, observation_date, status)
VALUES ('aa361561-bf94-47fd-aa5f-2cb218060393', 'blood_pressure_systolic', 116, NULL, 'mmHg'::text, CURRENT_TIMESTAMP, 'final');
INSERT INTO observations (patient_id, observation_type, value_numeric, value_text, unit, observation_date, status)
VALUES ('aa361561-bf94-47fd-aa5f-2cb218060393', 'blood_pressure_diastolic', 73, NULL, 'mmHg'::text, CURRENT_TIMESTAMP, 'final');
INSERT INTO observations (patient_id, observation_type, value_numeric, value_text, unit, observation_date, status)
VALUES ('aa361561-bf94-47fd-aa5f-2cb218060393', 'HbA1c', 5.2, NULL, '%'::text, CURRENT_TIMESTAMP, 'final');
INSERT INTO observations (patient_id, observation_type, value_numeric, value_text, unit, observation_date, status)
VALUES ('aa361561-bf94-47fd-aa5f-2cb218060393', 'LDL_cholesterol', 119, NULL, 'mg/dL'::text, CURRENT_TIMESTAMP, 'final');
INSERT INTO observations (patient_id, observation_type, value_numeric, value_text, unit, observation_date, status)
VALUES ('aa361561-bf94-47fd-aa5f-2cb218060393', 'HDL_cholesterol', 50, NULL, 'mg/dL'::text, CURRENT_TIMESTAMP, 'final');
INSERT INTO observations (patient_id, observation_type, value_numeric, value_text, unit, observation_date, status)
VALUES ('aa361561-bf94-47fd-aa5f-2cb218060393', 'BMI', 26.2, NULL, 'kg/m²'::text, CURRENT_TIMESTAMP, 'final');
INSERT INTO observations (patient_id, observation_type, value_numeric, value_text, unit, observation_date, status)
VALUES ('aa361561-bf94-47fd-aa5f-2cb218060393', 'hemoglobin', 12.6, NULL, 'g/dL'::text, CURRENT_TIMESTAMP, 'final');
INSERT INTO observations (patient_id, observation_type, value_numeric, value_text, unit, observation_date, status)
VALUES ('aa361561-bf94-47fd-aa5f-2cb218060393', 'potassium', 4.8, NULL, 'mEq/L'::text, CURRENT_TIMESTAMP, 'final');
INSERT INTO observations (patient_id, observation_type, value_numeric, value_text, unit, observation_date, status)
VALUES ('aa361561-bf94-47fd-aa5f-2cb218060393', 'calcium', 9.6, NULL, 'mg/dL'::text, CURRENT_TIMESTAMP, 'final');
INSERT INTO observations (patient_id, observation_type, value_numeric, value_text, unit, observation_date, status)
VALUES ('aa361561-bf94-47fd-aa5f-2cb218060393', 'phosphorus', 3.7, NULL, 'mg/dL'::text, CURRENT_TIMESTAMP, 'final');
INSERT INTO observations (patient_id, observation_type, value_numeric, value_text, unit, observation_date, status)
VALUES ('aa361561-bf94-47fd-aa5f-2cb218060393', 'albumin', 2.7, NULL, 'g/dL'::text, CURRENT_TIMESTAMP, 'final');
INSERT INTO conditions (patient_id, condition_code, condition_name, clinical_status, onset_date, recorded_date, severity)
VALUES ('aa361561-bf94-47fd-aa5f-2cb218060393', 'N18.1', 'Chronic Kidney Disease, Stage 1', 'active', '2023-08-29', CURRENT_TIMESTAMP, 'mild');

-- Patient: Matthew Chavez
INSERT INTO patients (
    id, medical_record_number, first_name, last_name, date_of_birth, gender, email, phone,
    weight, height, smoking_status, cvd_history, family_history_esrd,
    on_ras_inhibitor, on_sglt2i, nephrotoxic_meds, nephrologist_referral,
    diagnosis_date, last_visit_date, next_visit_date
) VALUES (
    '5ca17615-60b8-4b84-8244-589314b3346f', 'MRN145'::text, 'Matthew'::text, 'Chavez'::text,
    '1954-11-09', 'male'::text, 'matthew.chavez@email.com'::text, '+1-555-0001',
    93.6, 171, 'Never'::text,
    false, false,
    true, true,
    false, true,
    '2020-11-09', '2025-10-28'::text, '2025-12-06'::text
);
INSERT INTO observations (patient_id, observation_type, value_numeric, value_text, unit, observation_date, status)
VALUES ('5ca17615-60b8-4b84-8244-589314b3346f', 'eGFR', 21.75, NULL, 'mL/min/1.73m²'::text, CURRENT_TIMESTAMP, 'final');
INSERT INTO observations (patient_id, observation_type, value_numeric, value_text, unit, observation_date, status)
VALUES ('5ca17615-60b8-4b84-8244-589314b3346f', 'eGFR_trend', NULL, 'down'::text, NULL, CURRENT_TIMESTAMP, 'final');
INSERT INTO observations (patient_id, observation_type, value_numeric, value_text, unit, observation_date, status)
VALUES ('5ca17615-60b8-4b84-8244-589314b3346f', 'eGFR_change_percent', -19.2, NULL, '%'::text, CURRENT_TIMESTAMP, 'final');
INSERT INTO observations (patient_id, observation_type, value_numeric, value_text, unit, observation_date, status)
VALUES ('5ca17615-60b8-4b84-8244-589314b3346f', 'serum_creatinine', 2.14, NULL, 'mg/dL'::text, CURRENT_TIMESTAMP, 'final');
INSERT INTO observations (patient_id, observation_type, value_numeric, value_text, unit, observation_date, status)
VALUES ('5ca17615-60b8-4b84-8244-589314b3346f', 'BUN', 113, NULL, 'mg/dL'::text, CURRENT_TIMESTAMP, 'final');
INSERT INTO observations (patient_id, observation_type, value_numeric, value_text, unit, observation_date, status)
VALUES ('5ca17615-60b8-4b84-8244-589314b3346f', 'uACR', 533.03, NULL, 'mg/g'::text, CURRENT_TIMESTAMP, 'final');
INSERT INTO observations (patient_id, observation_type, value_numeric, value_text, unit, observation_date, status)
VALUES ('5ca17615-60b8-4b84-8244-589314b3346f', 'proteinuria_category', NULL, 'A3'::text, NULL, CURRENT_TIMESTAMP, 'final');
INSERT INTO observations (patient_id, observation_type, value_numeric, value_text, unit, observation_date, status)
VALUES ('5ca17615-60b8-4b84-8244-589314b3346f', 'blood_pressure_systolic', 170, NULL, 'mmHg'::text, CURRENT_TIMESTAMP, 'final');
INSERT INTO observations (patient_id, observation_type, value_numeric, value_text, unit, observation_date, status)
VALUES ('5ca17615-60b8-4b84-8244-589314b3346f', 'blood_pressure_diastolic', 101, NULL, 'mmHg'::text, CURRENT_TIMESTAMP, 'final');
INSERT INTO observations (patient_id, observation_type, value_numeric, value_text, unit, observation_date, status)
VALUES ('5ca17615-60b8-4b84-8244-589314b3346f', 'HbA1c', 7.1, NULL, '%'::text, CURRENT_TIMESTAMP, 'final');
INSERT INTO observations (patient_id, observation_type, value_numeric, value_text, unit, observation_date, status)
VALUES ('5ca17615-60b8-4b84-8244-589314b3346f', 'LDL_cholesterol', 94, NULL, 'mg/dL'::text, CURRENT_TIMESTAMP, 'final');
INSERT INTO observations (patient_id, observation_type, value_numeric, value_text, unit, observation_date, status)
VALUES ('5ca17615-60b8-4b84-8244-589314b3346f', 'HDL_cholesterol', 56, NULL, 'mg/dL'::text, CURRENT_TIMESTAMP, 'final');
INSERT INTO observations (patient_id, observation_type, value_numeric, value_text, unit, observation_date, status)
VALUES ('5ca17615-60b8-4b84-8244-589314b3346f', 'BMI', 32.0, NULL, 'kg/m²'::text, CURRENT_TIMESTAMP, 'final');
INSERT INTO observations (patient_id, observation_type, value_numeric, value_text, unit, observation_date, status)
VALUES ('5ca17615-60b8-4b84-8244-589314b3346f', 'hemoglobin', 10.7, NULL, 'g/dL'::text, CURRENT_TIMESTAMP, 'final');
INSERT INTO observations (patient_id, observation_type, value_numeric, value_text, unit, observation_date, status)
VALUES ('5ca17615-60b8-4b84-8244-589314b3346f', 'potassium', 4.9, NULL, 'mEq/L'::text, CURRENT_TIMESTAMP, 'final');
INSERT INTO observations (patient_id, observation_type, value_numeric, value_text, unit, observation_date, status)
VALUES ('5ca17615-60b8-4b84-8244-589314b3346f', 'calcium', 9.4, NULL, 'mg/dL'::text, CURRENT_TIMESTAMP, 'final');
INSERT INTO observations (patient_id, observation_type, value_numeric, value_text, unit, observation_date, status)
VALUES ('5ca17615-60b8-4b84-8244-589314b3346f', 'phosphorus', 5.0, NULL, 'mg/dL'::text, CURRENT_TIMESTAMP, 'final');
INSERT INTO observations (patient_id, observation_type, value_numeric, value_text, unit, observation_date, status)
VALUES ('5ca17615-60b8-4b84-8244-589314b3346f', 'albumin', 3.6, NULL, 'g/dL'::text, CURRENT_TIMESTAMP, 'final');
INSERT INTO conditions (patient_id, condition_code, condition_name, clinical_status, onset_date, recorded_date, severity)
VALUES ('5ca17615-60b8-4b84-8244-589314b3346f', 'E11.9', 'Type 2 Diabetes Mellitus', 'active', '2020-11-09', CURRENT_TIMESTAMP, 'moderate');
INSERT INTO conditions (patient_id, condition_code, condition_name, clinical_status, onset_date, recorded_date, severity)
VALUES ('5ca17615-60b8-4b84-8244-589314b3346f', 'N18.4', 'Chronic Kidney Disease, Stage 4', 'active', '2020-11-09', CURRENT_TIMESTAMP, 'severe');

-- Patient: Pamela Fisher
INSERT INTO patients (
    id, medical_record_number, first_name, last_name, date_of_birth, gender, email, phone,
    weight, height, smoking_status, cvd_history, family_history_esrd,
    on_ras_inhibitor, on_sglt2i, nephrotoxic_meds, nephrologist_referral,
    diagnosis_date, last_visit_date, next_visit_date
) VALUES (
    '0489dc9f-8523-47f3-9619-a4c154226777', 'MRN146'::text, 'Pamela'::text, 'Fisher'::text,
    '1964-11-09', 'female'::text, 'pamela.fisher@email.com'::text, '+1-555-0001',
    69.5, 169, 'Never'::text,
    false, false,
    true, false,
    false, false,
    '2024-12-16', '2025-10-11'::text, '2026-04-23'::text
);
INSERT INTO observations (patient_id, observation_type, value_numeric, value_text, unit, observation_date, status)
VALUES ('0489dc9f-8523-47f3-9619-a4c154226777', 'eGFR', 119.9, NULL, 'mL/min/1.73m²'::text, CURRENT_TIMESTAMP, 'final');
INSERT INTO observations (patient_id, observation_type, value_numeric, value_text, unit, observation_date, status)
VALUES ('0489dc9f-8523-47f3-9619-a4c154226777', 'eGFR_trend', NULL, 'up'::text, NULL, CURRENT_TIMESTAMP, 'final');
INSERT INTO observations (patient_id, observation_type, value_numeric, value_text, unit, observation_date, status)
VALUES ('0489dc9f-8523-47f3-9619-a4c154226777', 'eGFR_change_percent', 1.0, NULL, '%'::text, CURRENT_TIMESTAMP, 'final');
INSERT INTO observations (patient_id, observation_type, value_numeric, value_text, unit, observation_date, status)
VALUES ('0489dc9f-8523-47f3-9619-a4c154226777', 'serum_creatinine', 0.8, NULL, 'mg/dL'::text, CURRENT_TIMESTAMP, 'final');
INSERT INTO observations (patient_id, observation_type, value_numeric, value_text, unit, observation_date, status)
VALUES ('0489dc9f-8523-47f3-9619-a4c154226777', 'BUN', 107, NULL, 'mg/dL'::text, CURRENT_TIMESTAMP, 'final');
INSERT INTO observations (patient_id, observation_type, value_numeric, value_text, unit, observation_date, status)
VALUES ('0489dc9f-8523-47f3-9619-a4c154226777', 'uACR', 26.35, NULL, 'mg/g'::text, CURRENT_TIMESTAMP, 'final');
INSERT INTO observations (patient_id, observation_type, value_numeric, value_text, unit, observation_date, status)
VALUES ('0489dc9f-8523-47f3-9619-a4c154226777', 'proteinuria_category', NULL, 'A1'::text, NULL, CURRENT_TIMESTAMP, 'final');
INSERT INTO observations (patient_id, observation_type, value_numeric, value_text, unit, observation_date, status)
VALUES ('0489dc9f-8523-47f3-9619-a4c154226777', 'blood_pressure_systolic', 131, NULL, 'mmHg'::text, CURRENT_TIMESTAMP, 'final');
INSERT INTO observations (patient_id, observation_type, value_numeric, value_text, unit, observation_date, status)
VALUES ('0489dc9f-8523-47f3-9619-a4c154226777', 'blood_pressure_diastolic', 76, NULL, 'mmHg'::text, CURRENT_TIMESTAMP, 'final');
INSERT INTO observations (patient_id, observation_type, value_numeric, value_text, unit, observation_date, status)
VALUES ('0489dc9f-8523-47f3-9619-a4c154226777', 'HbA1c', 5.4, NULL, '%'::text, CURRENT_TIMESTAMP, 'final');
INSERT INTO observations (patient_id, observation_type, value_numeric, value_text, unit, observation_date, status)
VALUES ('0489dc9f-8523-47f3-9619-a4c154226777', 'LDL_cholesterol', 173, NULL, 'mg/dL'::text, CURRENT_TIMESTAMP, 'final');
INSERT INTO observations (patient_id, observation_type, value_numeric, value_text, unit, observation_date, status)
VALUES ('0489dc9f-8523-47f3-9619-a4c154226777', 'HDL_cholesterol', 40, NULL, 'mg/dL'::text, CURRENT_TIMESTAMP, 'final');
INSERT INTO observations (patient_id, observation_type, value_numeric, value_text, unit, observation_date, status)
VALUES ('0489dc9f-8523-47f3-9619-a4c154226777', 'BMI', 24.3, NULL, 'kg/m²'::text, CURRENT_TIMESTAMP, 'final');
INSERT INTO observations (patient_id, observation_type, value_numeric, value_text, unit, observation_date, status)
VALUES ('0489dc9f-8523-47f3-9619-a4c154226777', 'hemoglobin', 13.7, NULL, 'g/dL'::text, CURRENT_TIMESTAMP, 'final');
INSERT INTO observations (patient_id, observation_type, value_numeric, value_text, unit, observation_date, status)
VALUES ('0489dc9f-8523-47f3-9619-a4c154226777', 'potassium', 4.9, NULL, 'mEq/L'::text, CURRENT_TIMESTAMP, 'final');
INSERT INTO observations (patient_id, observation_type, value_numeric, value_text, unit, observation_date, status)
VALUES ('0489dc9f-8523-47f3-9619-a4c154226777', 'calcium', 9.6, NULL, 'mg/dL'::text, CURRENT_TIMESTAMP, 'final');
INSERT INTO observations (patient_id, observation_type, value_numeric, value_text, unit, observation_date, status)
VALUES ('0489dc9f-8523-47f3-9619-a4c154226777', 'phosphorus', 3.4, NULL, 'mg/dL'::text, CURRENT_TIMESTAMP, 'final');
INSERT INTO observations (patient_id, observation_type, value_numeric, value_text, unit, observation_date, status)
VALUES ('0489dc9f-8523-47f3-9619-a4c154226777', 'albumin', 3.2, NULL, 'g/dL'::text, CURRENT_TIMESTAMP, 'final');
INSERT INTO conditions (patient_id, condition_code, condition_name, clinical_status, onset_date, recorded_date, severity)
VALUES ('0489dc9f-8523-47f3-9619-a4c154226777', 'N18.1', 'Chronic Kidney Disease, Stage 1', 'active', '2024-12-16', CURRENT_TIMESTAMP, 'mild');

-- Patient: Diane Lawrence
INSERT INTO patients (
    id, medical_record_number, first_name, last_name, date_of_birth, gender, email, phone,
    weight, height, smoking_status, cvd_history, family_history_esrd,
    on_ras_inhibitor, on_sglt2i, nephrotoxic_meds, nephrologist_referral,
    diagnosis_date, last_visit_date, next_visit_date
) VALUES (
    'fd97afc5-dda8-4dd9-abc1-153ab74546a8', 'MRN147'::text, 'Diane'::text, 'Lawrence'::text,
    '1966-11-09', 'female'::text, 'diane.lawrence@email.com'::text, '+1-555-0001',
    99.1, 168, 'Current'::text,
    false, false,
    false, false,
    false, false,
    '2022-05-11', '2025-10-20'::text, '2026-02-05'::text
);
INSERT INTO observations (patient_id, observation_type, value_numeric, value_text, unit, observation_date, status)
VALUES ('fd97afc5-dda8-4dd9-abc1-153ab74546a8', 'eGFR', 44.9, NULL, 'mL/min/1.73m²'::text, CURRENT_TIMESTAMP, 'final');
INSERT INTO observations (patient_id, observation_type, value_numeric, value_text, unit, observation_date, status)
VALUES ('fd97afc5-dda8-4dd9-abc1-153ab74546a8', 'eGFR_trend', NULL, 'down'::text, NULL, CURRENT_TIMESTAMP, 'final');
INSERT INTO observations (patient_id, observation_type, value_numeric, value_text, unit, observation_date, status)
VALUES ('fd97afc5-dda8-4dd9-abc1-153ab74546a8', 'eGFR_change_percent', -3.8, NULL, '%'::text, CURRENT_TIMESTAMP, 'final');
INSERT INTO observations (patient_id, observation_type, value_numeric, value_text, unit, observation_date, status)
VALUES ('fd97afc5-dda8-4dd9-abc1-153ab74546a8', 'serum_creatinine', 1.6, NULL, 'mg/dL'::text, CURRENT_TIMESTAMP, 'final');
INSERT INTO observations (patient_id, observation_type, value_numeric, value_text, unit, observation_date, status)
VALUES ('fd97afc5-dda8-4dd9-abc1-153ab74546a8', 'BUN', 188, NULL, 'mg/dL'::text, CURRENT_TIMESTAMP, 'final');
INSERT INTO observations (patient_id, observation_type, value_numeric, value_text, unit, observation_date, status)
VALUES ('fd97afc5-dda8-4dd9-abc1-153ab74546a8', 'uACR', 146.71, NULL, 'mg/g'::text, CURRENT_TIMESTAMP, 'final');
INSERT INTO observations (patient_id, observation_type, value_numeric, value_text, unit, observation_date, status)
VALUES ('fd97afc5-dda8-4dd9-abc1-153ab74546a8', 'proteinuria_category', NULL, 'A2'::text, NULL, CURRENT_TIMESTAMP, 'final');
INSERT INTO observations (patient_id, observation_type, value_numeric, value_text, unit, observation_date, status)
VALUES ('fd97afc5-dda8-4dd9-abc1-153ab74546a8', 'blood_pressure_systolic', 141, NULL, 'mmHg'::text, CURRENT_TIMESTAMP, 'final');
INSERT INTO observations (patient_id, observation_type, value_numeric, value_text, unit, observation_date, status)
VALUES ('fd97afc5-dda8-4dd9-abc1-153ab74546a8', 'blood_pressure_diastolic', 84, NULL, 'mmHg'::text, CURRENT_TIMESTAMP, 'final');
INSERT INTO observations (patient_id, observation_type, value_numeric, value_text, unit, observation_date, status)
VALUES ('fd97afc5-dda8-4dd9-abc1-153ab74546a8', 'HbA1c', 5.9, NULL, '%'::text, CURRENT_TIMESTAMP, 'final');
INSERT INTO observations (patient_id, observation_type, value_numeric, value_text, unit, observation_date, status)
VALUES ('fd97afc5-dda8-4dd9-abc1-153ab74546a8', 'LDL_cholesterol', 102, NULL, 'mg/dL'::text, CURRENT_TIMESTAMP, 'final');
INSERT INTO observations (patient_id, observation_type, value_numeric, value_text, unit, observation_date, status)
VALUES ('fd97afc5-dda8-4dd9-abc1-153ab74546a8', 'HDL_cholesterol', 40, NULL, 'mg/dL'::text, CURRENT_TIMESTAMP, 'final');
INSERT INTO observations (patient_id, observation_type, value_numeric, value_text, unit, observation_date, status)
VALUES ('fd97afc5-dda8-4dd9-abc1-153ab74546a8', 'BMI', 35.1, NULL, 'kg/m²'::text, CURRENT_TIMESTAMP, 'final');
INSERT INTO observations (patient_id, observation_type, value_numeric, value_text, unit, observation_date, status)
VALUES ('fd97afc5-dda8-4dd9-abc1-153ab74546a8', 'hemoglobin', 12.6, NULL, 'g/dL'::text, CURRENT_TIMESTAMP, 'final');
INSERT INTO observations (patient_id, observation_type, value_numeric, value_text, unit, observation_date, status)
VALUES ('fd97afc5-dda8-4dd9-abc1-153ab74546a8', 'potassium', 3.8, NULL, 'mEq/L'::text, CURRENT_TIMESTAMP, 'final');
INSERT INTO observations (patient_id, observation_type, value_numeric, value_text, unit, observation_date, status)
VALUES ('fd97afc5-dda8-4dd9-abc1-153ab74546a8', 'calcium', 8.5, NULL, 'mg/dL'::text, CURRENT_TIMESTAMP, 'final');
INSERT INTO observations (patient_id, observation_type, value_numeric, value_text, unit, observation_date, status)
VALUES ('fd97afc5-dda8-4dd9-abc1-153ab74546a8', 'phosphorus', 3.9, NULL, 'mg/dL'::text, CURRENT_TIMESTAMP, 'final');
INSERT INTO observations (patient_id, observation_type, value_numeric, value_text, unit, observation_date, status)
VALUES ('fd97afc5-dda8-4dd9-abc1-153ab74546a8', 'albumin', 2.4, NULL, 'g/dL'::text, CURRENT_TIMESTAMP, 'final');
INSERT INTO conditions (patient_id, condition_code, condition_name, clinical_status, onset_date, recorded_date, severity)
VALUES ('fd97afc5-dda8-4dd9-abc1-153ab74546a8', 'N18.3', 'Chronic Kidney Disease, Stage 3', 'active', '2022-05-11', CURRENT_TIMESTAMP, 'moderate');

-- Patient: Billy Webb
INSERT INTO patients (
    id, medical_record_number, first_name, last_name, date_of_birth, gender, email, phone,
    weight, height, smoking_status, cvd_history, family_history_esrd,
    on_ras_inhibitor, on_sglt2i, nephrotoxic_meds, nephrologist_referral,
    diagnosis_date, last_visit_date, next_visit_date
) VALUES (
    '57e1f644-b0e0-499d-8268-326d48c0ac8f', 'MRN148'::text, 'Billy'::text, 'Webb'::text,
    '1962-11-09', 'male'::text, 'billy.webb@email.com'::text, '+1-555-0001',
    102.3, 181, 'Former'::text,
    false, false,
    true, true,
    false, false,
    '2021-07-23', '2025-10-25'::text, '2026-02-11'::text
);
INSERT INTO observations (patient_id, observation_type, value_numeric, value_text, unit, observation_date, status)
VALUES ('57e1f644-b0e0-499d-8268-326d48c0ac8f', 'eGFR', 57.53, NULL, 'mL/min/1.73m²'::text, CURRENT_TIMESTAMP, 'final');
INSERT INTO observations (patient_id, observation_type, value_numeric, value_text, unit, observation_date, status)
VALUES ('57e1f644-b0e0-499d-8268-326d48c0ac8f', 'eGFR_trend', NULL, 'down'::text, NULL, CURRENT_TIMESTAMP, 'final');
INSERT INTO observations (patient_id, observation_type, value_numeric, value_text, unit, observation_date, status)
VALUES ('57e1f644-b0e0-499d-8268-326d48c0ac8f', 'eGFR_change_percent', -4.1, NULL, '%'::text, CURRENT_TIMESTAMP, 'final');
INSERT INTO observations (patient_id, observation_type, value_numeric, value_text, unit, observation_date, status)
VALUES ('57e1f644-b0e0-499d-8268-326d48c0ac8f', 'serum_creatinine', 1.45, NULL, 'mg/dL'::text, CURRENT_TIMESTAMP, 'final');
INSERT INTO observations (patient_id, observation_type, value_numeric, value_text, unit, observation_date, status)
VALUES ('57e1f644-b0e0-499d-8268-326d48c0ac8f', 'BUN', 171, NULL, 'mg/dL'::text, CURRENT_TIMESTAMP, 'final');
INSERT INTO observations (patient_id, observation_type, value_numeric, value_text, unit, observation_date, status)
VALUES ('57e1f644-b0e0-499d-8268-326d48c0ac8f', 'uACR', 101.4, NULL, 'mg/g'::text, CURRENT_TIMESTAMP, 'final');
INSERT INTO observations (patient_id, observation_type, value_numeric, value_text, unit, observation_date, status)
VALUES ('57e1f644-b0e0-499d-8268-326d48c0ac8f', 'proteinuria_category', NULL, 'A2'::text, NULL, CURRENT_TIMESTAMP, 'final');
INSERT INTO observations (patient_id, observation_type, value_numeric, value_text, unit, observation_date, status)
VALUES ('57e1f644-b0e0-499d-8268-326d48c0ac8f', 'blood_pressure_systolic', 134, NULL, 'mmHg'::text, CURRENT_TIMESTAMP, 'final');
INSERT INTO observations (patient_id, observation_type, value_numeric, value_text, unit, observation_date, status)
VALUES ('57e1f644-b0e0-499d-8268-326d48c0ac8f', 'blood_pressure_diastolic', 84, NULL, 'mmHg'::text, CURRENT_TIMESTAMP, 'final');
INSERT INTO observations (patient_id, observation_type, value_numeric, value_text, unit, observation_date, status)
VALUES ('57e1f644-b0e0-499d-8268-326d48c0ac8f', 'HbA1c', 9.4, NULL, '%'::text, CURRENT_TIMESTAMP, 'final');
INSERT INTO observations (patient_id, observation_type, value_numeric, value_text, unit, observation_date, status)
VALUES ('57e1f644-b0e0-499d-8268-326d48c0ac8f', 'LDL_cholesterol', 158, NULL, 'mg/dL'::text, CURRENT_TIMESTAMP, 'final');
INSERT INTO observations (patient_id, observation_type, value_numeric, value_text, unit, observation_date, status)
VALUES ('57e1f644-b0e0-499d-8268-326d48c0ac8f', 'HDL_cholesterol', 50, NULL, 'mg/dL'::text, CURRENT_TIMESTAMP, 'final');
INSERT INTO observations (patient_id, observation_type, value_numeric, value_text, unit, observation_date, status)
VALUES ('57e1f644-b0e0-499d-8268-326d48c0ac8f', 'BMI', 31.2, NULL, 'kg/m²'::text, CURRENT_TIMESTAMP, 'final');
INSERT INTO observations (patient_id, observation_type, value_numeric, value_text, unit, observation_date, status)
VALUES ('57e1f644-b0e0-499d-8268-326d48c0ac8f', 'hemoglobin', 11.6, NULL, 'g/dL'::text, CURRENT_TIMESTAMP, 'final');
INSERT INTO observations (patient_id, observation_type, value_numeric, value_text, unit, observation_date, status)
VALUES ('57e1f644-b0e0-499d-8268-326d48c0ac8f', 'potassium', 4.3, NULL, 'mEq/L'::text, CURRENT_TIMESTAMP, 'final');
INSERT INTO observations (patient_id, observation_type, value_numeric, value_text, unit, observation_date, status)
VALUES ('57e1f644-b0e0-499d-8268-326d48c0ac8f', 'calcium', 8.3, NULL, 'mg/dL'::text, CURRENT_TIMESTAMP, 'final');
INSERT INTO observations (patient_id, observation_type, value_numeric, value_text, unit, observation_date, status)
VALUES ('57e1f644-b0e0-499d-8268-326d48c0ac8f', 'phosphorus', 4.7, NULL, 'mg/dL'::text, CURRENT_TIMESTAMP, 'final');
INSERT INTO observations (patient_id, observation_type, value_numeric, value_text, unit, observation_date, status)
VALUES ('57e1f644-b0e0-499d-8268-326d48c0ac8f', 'albumin', 2.3, NULL, 'g/dL'::text, CURRENT_TIMESTAMP, 'final');
INSERT INTO conditions (patient_id, condition_code, condition_name, clinical_status, onset_date, recorded_date, severity)
VALUES ('57e1f644-b0e0-499d-8268-326d48c0ac8f', 'E11.9', 'Type 2 Diabetes Mellitus', 'active', '2021-07-23', CURRENT_TIMESTAMP, 'moderate');
INSERT INTO conditions (patient_id, condition_code, condition_name, clinical_status, onset_date, recorded_date, severity)
VALUES ('57e1f644-b0e0-499d-8268-326d48c0ac8f', 'I10', 'Essential Hypertension', 'active', '2021-07-23', CURRENT_TIMESTAMP, 'moderate');
INSERT INTO conditions (patient_id, condition_code, condition_name, clinical_status, onset_date, recorded_date, severity)
VALUES ('57e1f644-b0e0-499d-8268-326d48c0ac8f', 'N18.3', 'Chronic Kidney Disease, Stage 3', 'active', '2021-07-23', CURRENT_TIMESTAMP, 'moderate');

-- Patient: Isabella Shaw
INSERT INTO patients (
    id, medical_record_number, first_name, last_name, date_of_birth, gender, email, phone,
    weight, height, smoking_status, cvd_history, family_history_esrd,
    on_ras_inhibitor, on_sglt2i, nephrotoxic_meds, nephrologist_referral,
    diagnosis_date, last_visit_date, next_visit_date
) VALUES (
    '29bccf9c-c9ea-49e9-91d7-f820b57e5006', 'MRN149'::text, 'Isabella'::text, 'Shaw'::text,
    '1969-11-09', 'female'::text, 'isabella.shaw@email.com'::text, '+1-555-0001',
    58.0, 176, 'Current'::text,
    false, false,
    true, false,
    true, true,
    '2022-07-23', '2025-11-03'::text, '2026-01-28'::text
);
INSERT INTO observations (patient_id, observation_type, value_numeric, value_text, unit, observation_date, status)
VALUES ('29bccf9c-c9ea-49e9-91d7-f820b57e5006', 'eGFR', 54.97, NULL, 'mL/min/1.73m²'::text, CURRENT_TIMESTAMP, 'final');
INSERT INTO observations (patient_id, observation_type, value_numeric, value_text, unit, observation_date, status)
VALUES ('29bccf9c-c9ea-49e9-91d7-f820b57e5006', 'eGFR_trend', NULL, 'down'::text, NULL, CURRENT_TIMESTAMP, 'final');
INSERT INTO observations (patient_id, observation_type, value_numeric, value_text, unit, observation_date, status)
VALUES ('29bccf9c-c9ea-49e9-91d7-f820b57e5006', 'eGFR_change_percent', -4.9, NULL, '%'::text, CURRENT_TIMESTAMP, 'final');
INSERT INTO observations (patient_id, observation_type, value_numeric, value_text, unit, observation_date, status)
VALUES ('29bccf9c-c9ea-49e9-91d7-f820b57e5006', 'serum_creatinine', 1.43, NULL, 'mg/dL'::text, CURRENT_TIMESTAMP, 'final');
INSERT INTO observations (patient_id, observation_type, value_numeric, value_text, unit, observation_date, status)
VALUES ('29bccf9c-c9ea-49e9-91d7-f820b57e5006', 'BUN', 107, NULL, 'mg/dL'::text, CURRENT_TIMESTAMP, 'final');
INSERT INTO observations (patient_id, observation_type, value_numeric, value_text, unit, observation_date, status)
VALUES ('29bccf9c-c9ea-49e9-91d7-f820b57e5006', 'uACR', 200.42, NULL, 'mg/g'::text, CURRENT_TIMESTAMP, 'final');
INSERT INTO observations (patient_id, observation_type, value_numeric, value_text, unit, observation_date, status)
VALUES ('29bccf9c-c9ea-49e9-91d7-f820b57e5006', 'proteinuria_category', NULL, 'A2'::text, NULL, CURRENT_TIMESTAMP, 'final');
INSERT INTO observations (patient_id, observation_type, value_numeric, value_text, unit, observation_date, status)
VALUES ('29bccf9c-c9ea-49e9-91d7-f820b57e5006', 'blood_pressure_systolic', 149, NULL, 'mmHg'::text, CURRENT_TIMESTAMP, 'final');
INSERT INTO observations (patient_id, observation_type, value_numeric, value_text, unit, observation_date, status)
VALUES ('29bccf9c-c9ea-49e9-91d7-f820b57e5006', 'blood_pressure_diastolic', 84, NULL, 'mmHg'::text, CURRENT_TIMESTAMP, 'final');
INSERT INTO observations (patient_id, observation_type, value_numeric, value_text, unit, observation_date, status)
VALUES ('29bccf9c-c9ea-49e9-91d7-f820b57e5006', 'HbA1c', 5.8, NULL, '%'::text, CURRENT_TIMESTAMP, 'final');
INSERT INTO observations (patient_id, observation_type, value_numeric, value_text, unit, observation_date, status)
VALUES ('29bccf9c-c9ea-49e9-91d7-f820b57e5006', 'LDL_cholesterol', 172, NULL, 'mg/dL'::text, CURRENT_TIMESTAMP, 'final');
INSERT INTO observations (patient_id, observation_type, value_numeric, value_text, unit, observation_date, status)
VALUES ('29bccf9c-c9ea-49e9-91d7-f820b57e5006', 'HDL_cholesterol', 46, NULL, 'mg/dL'::text, CURRENT_TIMESTAMP, 'final');
INSERT INTO observations (patient_id, observation_type, value_numeric, value_text, unit, observation_date, status)
VALUES ('29bccf9c-c9ea-49e9-91d7-f820b57e5006', 'BMI', 18.7, NULL, 'kg/m²'::text, CURRENT_TIMESTAMP, 'final');
INSERT INTO observations (patient_id, observation_type, value_numeric, value_text, unit, observation_date, status)
VALUES ('29bccf9c-c9ea-49e9-91d7-f820b57e5006', 'hemoglobin', 11.3, NULL, 'g/dL'::text, CURRENT_TIMESTAMP, 'final');
INSERT INTO observations (patient_id, observation_type, value_numeric, value_text, unit, observation_date, status)
VALUES ('29bccf9c-c9ea-49e9-91d7-f820b57e5006', 'potassium', 4.8, NULL, 'mEq/L'::text, CURRENT_TIMESTAMP, 'final');
INSERT INTO observations (patient_id, observation_type, value_numeric, value_text, unit, observation_date, status)
VALUES ('29bccf9c-c9ea-49e9-91d7-f820b57e5006', 'calcium', 9.3, NULL, 'mg/dL'::text, CURRENT_TIMESTAMP, 'final');
INSERT INTO observations (patient_id, observation_type, value_numeric, value_text, unit, observation_date, status)
VALUES ('29bccf9c-c9ea-49e9-91d7-f820b57e5006', 'phosphorus', 4.1, NULL, 'mg/dL'::text, CURRENT_TIMESTAMP, 'final');
INSERT INTO observations (patient_id, observation_type, value_numeric, value_text, unit, observation_date, status)
VALUES ('29bccf9c-c9ea-49e9-91d7-f820b57e5006', 'albumin', 2.3, NULL, 'g/dL'::text, CURRENT_TIMESTAMP, 'final');
INSERT INTO conditions (patient_id, condition_code, condition_name, clinical_status, onset_date, recorded_date, severity)
VALUES ('29bccf9c-c9ea-49e9-91d7-f820b57e5006', 'I10', 'Essential Hypertension', 'active', '2022-07-23', CURRENT_TIMESTAMP, 'moderate');
INSERT INTO conditions (patient_id, condition_code, condition_name, clinical_status, onset_date, recorded_date, severity)
VALUES ('29bccf9c-c9ea-49e9-91d7-f820b57e5006', 'N18.3', 'Chronic Kidney Disease, Stage 3', 'active', '2022-07-23', CURRENT_TIMESTAMP, 'moderate');

-- Patient: Stella Hamilton
INSERT INTO patients (
    id, medical_record_number, first_name, last_name, date_of_birth, gender, email, phone,
    weight, height, smoking_status, cvd_history, family_history_esrd,
    on_ras_inhibitor, on_sglt2i, nephrotoxic_meds, nephrologist_referral,
    diagnosis_date, last_visit_date, next_visit_date
) VALUES (
    'c3de2628-5722-4002-a871-26025dd736ac', 'MRN150'::text, 'Stella'::text, 'Hamilton'::text,
    '1948-11-09', 'female'::text, 'stella.hamilton@email.com'::text, '+1-555-0001',
    85.4, 175, 'Never'::text,
    false, false,
    true, false,
    true, true,
    '2017-06-16', '2025-10-23'::text, '2025-11-30'::text
);
INSERT INTO observations (patient_id, observation_type, value_numeric, value_text, unit, observation_date, status)
VALUES ('c3de2628-5722-4002-a871-26025dd736ac', 'eGFR', 9.55, NULL, 'mL/min/1.73m²'::text, CURRENT_TIMESTAMP, 'final');
INSERT INTO observations (patient_id, observation_type, value_numeric, value_text, unit, observation_date, status)
VALUES ('c3de2628-5722-4002-a871-26025dd736ac', 'eGFR_trend', NULL, 'down'::text, NULL, CURRENT_TIMESTAMP, 'final');
INSERT INTO observations (patient_id, observation_type, value_numeric, value_text, unit, observation_date, status)
VALUES ('c3de2628-5722-4002-a871-26025dd736ac', 'eGFR_change_percent', -19.8, NULL, '%'::text, CURRENT_TIMESTAMP, 'final');
INSERT INTO observations (patient_id, observation_type, value_numeric, value_text, unit, observation_date, status)
VALUES ('c3de2628-5722-4002-a871-26025dd736ac', 'serum_creatinine', 6.59, NULL, 'mg/dL'::text, CURRENT_TIMESTAMP, 'final');
INSERT INTO observations (patient_id, observation_type, value_numeric, value_text, unit, observation_date, status)
VALUES ('c3de2628-5722-4002-a871-26025dd736ac', 'BUN', 99, NULL, 'mg/dL'::text, CURRENT_TIMESTAMP, 'final');
INSERT INTO observations (patient_id, observation_type, value_numeric, value_text, unit, observation_date, status)
VALUES ('c3de2628-5722-4002-a871-26025dd736ac', 'uACR', 822.97, NULL, 'mg/g'::text, CURRENT_TIMESTAMP, 'final');
INSERT INTO observations (patient_id, observation_type, value_numeric, value_text, unit, observation_date, status)
VALUES ('c3de2628-5722-4002-a871-26025dd736ac', 'proteinuria_category', NULL, 'A3'::text, NULL, CURRENT_TIMESTAMP, 'final');
INSERT INTO observations (patient_id, observation_type, value_numeric, value_text, unit, observation_date, status)
VALUES ('c3de2628-5722-4002-a871-26025dd736ac', 'blood_pressure_systolic', 171, NULL, 'mmHg'::text, CURRENT_TIMESTAMP, 'final');
INSERT INTO observations (patient_id, observation_type, value_numeric, value_text, unit, observation_date, status)
VALUES ('c3de2628-5722-4002-a871-26025dd736ac', 'blood_pressure_diastolic', 91, NULL, 'mmHg'::text, CURRENT_TIMESTAMP, 'final');
INSERT INTO observations (patient_id, observation_type, value_numeric, value_text, unit, observation_date, status)
VALUES ('c3de2628-5722-4002-a871-26025dd736ac', 'HbA1c', 5.7, NULL, '%'::text, CURRENT_TIMESTAMP, 'final');
INSERT INTO observations (patient_id, observation_type, value_numeric, value_text, unit, observation_date, status)
VALUES ('c3de2628-5722-4002-a871-26025dd736ac', 'LDL_cholesterol', 88, NULL, 'mg/dL'::text, CURRENT_TIMESTAMP, 'final');
INSERT INTO observations (patient_id, observation_type, value_numeric, value_text, unit, observation_date, status)
VALUES ('c3de2628-5722-4002-a871-26025dd736ac', 'HDL_cholesterol', 64, NULL, 'mg/dL'::text, CURRENT_TIMESTAMP, 'final');
INSERT INTO observations (patient_id, observation_type, value_numeric, value_text, unit, observation_date, status)
VALUES ('c3de2628-5722-4002-a871-26025dd736ac', 'BMI', 27.9, NULL, 'kg/m²'::text, CURRENT_TIMESTAMP, 'final');
INSERT INTO observations (patient_id, observation_type, value_numeric, value_text, unit, observation_date, status)
VALUES ('c3de2628-5722-4002-a871-26025dd736ac', 'hemoglobin', 9.4, NULL, 'g/dL'::text, CURRENT_TIMESTAMP, 'final');
INSERT INTO observations (patient_id, observation_type, value_numeric, value_text, unit, observation_date, status)
VALUES ('c3de2628-5722-4002-a871-26025dd736ac', 'potassium', 5.8, NULL, 'mEq/L'::text, CURRENT_TIMESTAMP, 'final');
INSERT INTO observations (patient_id, observation_type, value_numeric, value_text, unit, observation_date, status)
VALUES ('c3de2628-5722-4002-a871-26025dd736ac', 'calcium', 8.8, NULL, 'mg/dL'::text, CURRENT_TIMESTAMP, 'final');
INSERT INTO observations (patient_id, observation_type, value_numeric, value_text, unit, observation_date, status)
VALUES ('c3de2628-5722-4002-a871-26025dd736ac', 'phosphorus', 6.8, NULL, 'mg/dL'::text, CURRENT_TIMESTAMP, 'final');
INSERT INTO observations (patient_id, observation_type, value_numeric, value_text, unit, observation_date, status)
VALUES ('c3de2628-5722-4002-a871-26025dd736ac', 'albumin', 2.5, NULL, 'g/dL'::text, CURRENT_TIMESTAMP, 'final');
INSERT INTO conditions (patient_id, condition_code, condition_name, clinical_status, onset_date, recorded_date, severity)
VALUES ('c3de2628-5722-4002-a871-26025dd736ac', 'I10', 'Essential Hypertension', 'active', '2017-06-16', CURRENT_TIMESTAMP, 'moderate');
INSERT INTO conditions (patient_id, condition_code, condition_name, clinical_status, onset_date, recorded_date, severity)
VALUES ('c3de2628-5722-4002-a871-26025dd736ac', 'N18.5', 'Chronic Kidney Disease, Stage 5', 'active', '2017-06-16', CURRENT_TIMESTAMP, 'severe');

-- Patient: Heather Ruiz
INSERT INTO patients (
    id, medical_record_number, first_name, last_name, date_of_birth, gender, email, phone,
    weight, height, smoking_status, cvd_history, family_history_esrd,
    on_ras_inhibitor, on_sglt2i, nephrotoxic_meds, nephrologist_referral,
    diagnosis_date, last_visit_date, next_visit_date
) VALUES (
    '23ae4b7a-6aa6-4fd6-aa89-8073abb5743f', 'MRN151'::text, 'Heather'::text, 'Ruiz'::text,
    '1958-11-09', 'female'::text, 'heather.ruiz@email.com'::text, '+1-555-0001',
    78.4, 161, 'Current'::text,
    false, false,
    true, false,
    false, false,
    '2023-02-27', '2025-10-31'::text, '2026-03-08'::text
);
INSERT INTO observations (patient_id, observation_type, value_numeric, value_text, unit, observation_date, status)
VALUES ('23ae4b7a-6aa6-4fd6-aa89-8073abb5743f', 'eGFR', 47.08, NULL, 'mL/min/1.73m²'::text, CURRENT_TIMESTAMP, 'final');
INSERT INTO observations (patient_id, observation_type, value_numeric, value_text, unit, observation_date, status)
VALUES ('23ae4b7a-6aa6-4fd6-aa89-8073abb5743f', 'eGFR_trend', NULL, 'down'::text, NULL, CURRENT_TIMESTAMP, 'final');
INSERT INTO observations (patient_id, observation_type, value_numeric, value_text, unit, observation_date, status)
VALUES ('23ae4b7a-6aa6-4fd6-aa89-8073abb5743f', 'eGFR_change_percent', -0.1, NULL, '%'::text, CURRENT_TIMESTAMP, 'final');
INSERT INTO observations (patient_id, observation_type, value_numeric, value_text, unit, observation_date, status)
VALUES ('23ae4b7a-6aa6-4fd6-aa89-8073abb5743f', 'serum_creatinine', 1.35, NULL, 'mg/dL'::text, CURRENT_TIMESTAMP, 'final');
INSERT INTO observations (patient_id, observation_type, value_numeric, value_text, unit, observation_date, status)
VALUES ('23ae4b7a-6aa6-4fd6-aa89-8073abb5743f', 'BUN', 91, NULL, 'mg/dL'::text, CURRENT_TIMESTAMP, 'final');
INSERT INTO observations (patient_id, observation_type, value_numeric, value_text, unit, observation_date, status)
VALUES ('23ae4b7a-6aa6-4fd6-aa89-8073abb5743f', 'uACR', 134.72, NULL, 'mg/g'::text, CURRENT_TIMESTAMP, 'final');
INSERT INTO observations (patient_id, observation_type, value_numeric, value_text, unit, observation_date, status)
VALUES ('23ae4b7a-6aa6-4fd6-aa89-8073abb5743f', 'proteinuria_category', NULL, 'A2'::text, NULL, CURRENT_TIMESTAMP, 'final');
INSERT INTO observations (patient_id, observation_type, value_numeric, value_text, unit, observation_date, status)
VALUES ('23ae4b7a-6aa6-4fd6-aa89-8073abb5743f', 'blood_pressure_systolic', 144, NULL, 'mmHg'::text, CURRENT_TIMESTAMP, 'final');
INSERT INTO observations (patient_id, observation_type, value_numeric, value_text, unit, observation_date, status)
VALUES ('23ae4b7a-6aa6-4fd6-aa89-8073abb5743f', 'blood_pressure_diastolic', 81, NULL, 'mmHg'::text, CURRENT_TIMESTAMP, 'final');
INSERT INTO observations (patient_id, observation_type, value_numeric, value_text, unit, observation_date, status)
VALUES ('23ae4b7a-6aa6-4fd6-aa89-8073abb5743f', 'HbA1c', 5.0, NULL, '%'::text, CURRENT_TIMESTAMP, 'final');
INSERT INTO observations (patient_id, observation_type, value_numeric, value_text, unit, observation_date, status)
VALUES ('23ae4b7a-6aa6-4fd6-aa89-8073abb5743f', 'LDL_cholesterol', 114, NULL, 'mg/dL'::text, CURRENT_TIMESTAMP, 'final');
INSERT INTO observations (patient_id, observation_type, value_numeric, value_text, unit, observation_date, status)
VALUES ('23ae4b7a-6aa6-4fd6-aa89-8073abb5743f', 'HDL_cholesterol', 48, NULL, 'mg/dL'::text, CURRENT_TIMESTAMP, 'final');
INSERT INTO observations (patient_id, observation_type, value_numeric, value_text, unit, observation_date, status)
VALUES ('23ae4b7a-6aa6-4fd6-aa89-8073abb5743f', 'BMI', 30.2, NULL, 'kg/m²'::text, CURRENT_TIMESTAMP, 'final');
INSERT INTO observations (patient_id, observation_type, value_numeric, value_text, unit, observation_date, status)
VALUES ('23ae4b7a-6aa6-4fd6-aa89-8073abb5743f', 'hemoglobin', 11.7, NULL, 'g/dL'::text, CURRENT_TIMESTAMP, 'final');
INSERT INTO observations (patient_id, observation_type, value_numeric, value_text, unit, observation_date, status)
VALUES ('23ae4b7a-6aa6-4fd6-aa89-8073abb5743f', 'potassium', 4.2, NULL, 'mEq/L'::text, CURRENT_TIMESTAMP, 'final');
INSERT INTO observations (patient_id, observation_type, value_numeric, value_text, unit, observation_date, status)
VALUES ('23ae4b7a-6aa6-4fd6-aa89-8073abb5743f', 'calcium', 8.9, NULL, 'mg/dL'::text, CURRENT_TIMESTAMP, 'final');
INSERT INTO observations (patient_id, observation_type, value_numeric, value_text, unit, observation_date, status)
VALUES ('23ae4b7a-6aa6-4fd6-aa89-8073abb5743f', 'phosphorus', 4.5, NULL, 'mg/dL'::text, CURRENT_TIMESTAMP, 'final');
INSERT INTO observations (patient_id, observation_type, value_numeric, value_text, unit, observation_date, status)
VALUES ('23ae4b7a-6aa6-4fd6-aa89-8073abb5743f', 'albumin', 3.7, NULL, 'g/dL'::text, CURRENT_TIMESTAMP, 'final');
INSERT INTO conditions (patient_id, condition_code, condition_name, clinical_status, onset_date, recorded_date, severity)
VALUES ('23ae4b7a-6aa6-4fd6-aa89-8073abb5743f', 'I10', 'Essential Hypertension', 'active', '2023-02-27', CURRENT_TIMESTAMP, 'moderate');
INSERT INTO conditions (patient_id, condition_code, condition_name, clinical_status, onset_date, recorded_date, severity)
VALUES ('23ae4b7a-6aa6-4fd6-aa89-8073abb5743f', 'N18.3', 'Chronic Kidney Disease, Stage 3', 'active', '2023-02-27', CURRENT_TIMESTAMP, 'moderate');

-- Patient: Madison Ross
INSERT INTO patients (
    id, medical_record_number, first_name, last_name, date_of_birth, gender, email, phone,
    weight, height, smoking_status, cvd_history, family_history_esrd,
    on_ras_inhibitor, on_sglt2i, nephrotoxic_meds, nephrologist_referral,
    diagnosis_date, last_visit_date, next_visit_date
) VALUES (
    '1c8d5ab8-16c5-4e1f-b3a0-e9757fbf2872', 'MRN152'::text, 'Madison'::text, 'Ross'::text,
    '1961-11-09', 'female'::text, 'madison.ross@email.com'::text, '+1-555-0001',
    72.1, 158, 'Never'::text,
    false, false,
    true, false,
    true, true,
    '2024-05-11', '2025-10-12'::text, '2026-02-12'::text
);
INSERT INTO observations (patient_id, observation_type, value_numeric, value_text, unit, observation_date, status)
VALUES ('1c8d5ab8-16c5-4e1f-b3a0-e9757fbf2872', 'eGFR', 56.02, NULL, 'mL/min/1.73m²'::text, CURRENT_TIMESTAMP, 'final');
INSERT INTO observations (patient_id, observation_type, value_numeric, value_text, unit, observation_date, status)
VALUES ('1c8d5ab8-16c5-4e1f-b3a0-e9757fbf2872', 'eGFR_trend', NULL, 'down'::text, NULL, CURRENT_TIMESTAMP, 'final');
INSERT INTO observations (patient_id, observation_type, value_numeric, value_text, unit, observation_date, status)
VALUES ('1c8d5ab8-16c5-4e1f-b3a0-e9757fbf2872', 'eGFR_change_percent', -1.1, NULL, '%'::text, CURRENT_TIMESTAMP, 'final');
INSERT INTO observations (patient_id, observation_type, value_numeric, value_text, unit, observation_date, status)
VALUES ('1c8d5ab8-16c5-4e1f-b3a0-e9757fbf2872', 'serum_creatinine', 1.84, NULL, 'mg/dL'::text, CURRENT_TIMESTAMP, 'final');
INSERT INTO observations (patient_id, observation_type, value_numeric, value_text, unit, observation_date, status)
VALUES ('1c8d5ab8-16c5-4e1f-b3a0-e9757fbf2872', 'BUN', 106, NULL, 'mg/dL'::text, CURRENT_TIMESTAMP, 'final');
INSERT INTO observations (patient_id, observation_type, value_numeric, value_text, unit, observation_date, status)
VALUES ('1c8d5ab8-16c5-4e1f-b3a0-e9757fbf2872', 'uACR', 281.37, NULL, 'mg/g'::text, CURRENT_TIMESTAMP, 'final');
INSERT INTO observations (patient_id, observation_type, value_numeric, value_text, unit, observation_date, status)
VALUES ('1c8d5ab8-16c5-4e1f-b3a0-e9757fbf2872', 'proteinuria_category', NULL, 'A2'::text, NULL, CURRENT_TIMESTAMP, 'final');
INSERT INTO observations (patient_id, observation_type, value_numeric, value_text, unit, observation_date, status)
VALUES ('1c8d5ab8-16c5-4e1f-b3a0-e9757fbf2872', 'blood_pressure_systolic', 150, NULL, 'mmHg'::text, CURRENT_TIMESTAMP, 'final');
INSERT INTO observations (patient_id, observation_type, value_numeric, value_text, unit, observation_date, status)
VALUES ('1c8d5ab8-16c5-4e1f-b3a0-e9757fbf2872', 'blood_pressure_diastolic', 83, NULL, 'mmHg'::text, CURRENT_TIMESTAMP, 'final');
INSERT INTO observations (patient_id, observation_type, value_numeric, value_text, unit, observation_date, status)
VALUES ('1c8d5ab8-16c5-4e1f-b3a0-e9757fbf2872', 'HbA1c', 5.9, NULL, '%'::text, CURRENT_TIMESTAMP, 'final');
INSERT INTO observations (patient_id, observation_type, value_numeric, value_text, unit, observation_date, status)
VALUES ('1c8d5ab8-16c5-4e1f-b3a0-e9757fbf2872', 'LDL_cholesterol', 166, NULL, 'mg/dL'::text, CURRENT_TIMESTAMP, 'final');
INSERT INTO observations (patient_id, observation_type, value_numeric, value_text, unit, observation_date, status)
VALUES ('1c8d5ab8-16c5-4e1f-b3a0-e9757fbf2872', 'HDL_cholesterol', 28, NULL, 'mg/dL'::text, CURRENT_TIMESTAMP, 'final');
INSERT INTO observations (patient_id, observation_type, value_numeric, value_text, unit, observation_date, status)
VALUES ('1c8d5ab8-16c5-4e1f-b3a0-e9757fbf2872', 'BMI', 28.9, NULL, 'kg/m²'::text, CURRENT_TIMESTAMP, 'final');
INSERT INTO observations (patient_id, observation_type, value_numeric, value_text, unit, observation_date, status)
VALUES ('1c8d5ab8-16c5-4e1f-b3a0-e9757fbf2872', 'hemoglobin', 11.9, NULL, 'g/dL'::text, CURRENT_TIMESTAMP, 'final');
INSERT INTO observations (patient_id, observation_type, value_numeric, value_text, unit, observation_date, status)
VALUES ('1c8d5ab8-16c5-4e1f-b3a0-e9757fbf2872', 'potassium', 4.4, NULL, 'mEq/L'::text, CURRENT_TIMESTAMP, 'final');
INSERT INTO observations (patient_id, observation_type, value_numeric, value_text, unit, observation_date, status)
VALUES ('1c8d5ab8-16c5-4e1f-b3a0-e9757fbf2872', 'calcium', 9.2, NULL, 'mg/dL'::text, CURRENT_TIMESTAMP, 'final');
INSERT INTO observations (patient_id, observation_type, value_numeric, value_text, unit, observation_date, status)
VALUES ('1c8d5ab8-16c5-4e1f-b3a0-e9757fbf2872', 'phosphorus', 4.4, NULL, 'mg/dL'::text, CURRENT_TIMESTAMP, 'final');
INSERT INTO observations (patient_id, observation_type, value_numeric, value_text, unit, observation_date, status)
VALUES ('1c8d5ab8-16c5-4e1f-b3a0-e9757fbf2872', 'albumin', 3.1, NULL, 'g/dL'::text, CURRENT_TIMESTAMP, 'final');
INSERT INTO conditions (patient_id, condition_code, condition_name, clinical_status, onset_date, recorded_date, severity)
VALUES ('1c8d5ab8-16c5-4e1f-b3a0-e9757fbf2872', 'N18.3', 'Chronic Kidney Disease, Stage 3', 'active', '2024-05-11', CURRENT_TIMESTAMP, 'moderate');

-- Patient: Katherine Watkins
INSERT INTO patients (
    id, medical_record_number, first_name, last_name, date_of_birth, gender, email, phone,
    weight, height, smoking_status, cvd_history, family_history_esrd,
    on_ras_inhibitor, on_sglt2i, nephrotoxic_meds, nephrologist_referral,
    diagnosis_date, last_visit_date, next_visit_date
) VALUES (
    '96a03625-a78e-417d-a639-e9aa5d2c7aea', 'MRN153'::text, 'Katherine'::text, 'Watkins'::text,
    '1981-11-09', 'female'::text, 'katherine.watkins@email.com'::text, '+1-555-0001',
    50.7, 167, 'Former'::text,
    false, false,
    true, false,
    false, false,
    '2024-07-23', '2025-10-26'::text, '2026-04-09'::text
);
INSERT INTO observations (patient_id, observation_type, value_numeric, value_text, unit, observation_date, status)
VALUES ('96a03625-a78e-417d-a639-e9aa5d2c7aea', 'eGFR', 95.26, NULL, 'mL/min/1.73m²'::text, CURRENT_TIMESTAMP, 'final');
INSERT INTO observations (patient_id, observation_type, value_numeric, value_text, unit, observation_date, status)
VALUES ('96a03625-a78e-417d-a639-e9aa5d2c7aea', 'eGFR_trend', NULL, 'down'::text, NULL, CURRENT_TIMESTAMP, 'final');
INSERT INTO observations (patient_id, observation_type, value_numeric, value_text, unit, observation_date, status)
VALUES ('96a03625-a78e-417d-a639-e9aa5d2c7aea', 'eGFR_change_percent', -0.1, NULL, '%'::text, CURRENT_TIMESTAMP, 'final');
INSERT INTO observations (patient_id, observation_type, value_numeric, value_text, unit, observation_date, status)
VALUES ('96a03625-a78e-417d-a639-e9aa5d2c7aea', 'serum_creatinine', 0.87, NULL, 'mg/dL'::text, CURRENT_TIMESTAMP, 'final');
INSERT INTO observations (patient_id, observation_type, value_numeric, value_text, unit, observation_date, status)
VALUES ('96a03625-a78e-417d-a639-e9aa5d2c7aea', 'BUN', 33, NULL, 'mg/dL'::text, CURRENT_TIMESTAMP, 'final');
INSERT INTO observations (patient_id, observation_type, value_numeric, value_text, unit, observation_date, status)
VALUES ('96a03625-a78e-417d-a639-e9aa5d2c7aea', 'uACR', 26.94, NULL, 'mg/g'::text, CURRENT_TIMESTAMP, 'final');
INSERT INTO observations (patient_id, observation_type, value_numeric, value_text, unit, observation_date, status)
VALUES ('96a03625-a78e-417d-a639-e9aa5d2c7aea', 'proteinuria_category', NULL, 'A1'::text, NULL, CURRENT_TIMESTAMP, 'final');
INSERT INTO observations (patient_id, observation_type, value_numeric, value_text, unit, observation_date, status)
VALUES ('96a03625-a78e-417d-a639-e9aa5d2c7aea', 'blood_pressure_systolic', 126, NULL, 'mmHg'::text, CURRENT_TIMESTAMP, 'final');
INSERT INTO observations (patient_id, observation_type, value_numeric, value_text, unit, observation_date, status)
VALUES ('96a03625-a78e-417d-a639-e9aa5d2c7aea', 'blood_pressure_diastolic', 84, NULL, 'mmHg'::text, CURRENT_TIMESTAMP, 'final');
INSERT INTO observations (patient_id, observation_type, value_numeric, value_text, unit, observation_date, status)
VALUES ('96a03625-a78e-417d-a639-e9aa5d2c7aea', 'HbA1c', 6.2, NULL, '%'::text, CURRENT_TIMESTAMP, 'final');
INSERT INTO observations (patient_id, observation_type, value_numeric, value_text, unit, observation_date, status)
VALUES ('96a03625-a78e-417d-a639-e9aa5d2c7aea', 'LDL_cholesterol', 144, NULL, 'mg/dL'::text, CURRENT_TIMESTAMP, 'final');
INSERT INTO observations (patient_id, observation_type, value_numeric, value_text, unit, observation_date, status)
VALUES ('96a03625-a78e-417d-a639-e9aa5d2c7aea', 'HDL_cholesterol', 44, NULL, 'mg/dL'::text, CURRENT_TIMESTAMP, 'final');
INSERT INTO observations (patient_id, observation_type, value_numeric, value_text, unit, observation_date, status)
VALUES ('96a03625-a78e-417d-a639-e9aa5d2c7aea', 'BMI', 18.2, NULL, 'kg/m²'::text, CURRENT_TIMESTAMP, 'final');
INSERT INTO observations (patient_id, observation_type, value_numeric, value_text, unit, observation_date, status)
VALUES ('96a03625-a78e-417d-a639-e9aa5d2c7aea', 'hemoglobin', 13.1, NULL, 'g/dL'::text, CURRENT_TIMESTAMP, 'final');
INSERT INTO observations (patient_id, observation_type, value_numeric, value_text, unit, observation_date, status)
VALUES ('96a03625-a78e-417d-a639-e9aa5d2c7aea', 'potassium', 4.5, NULL, 'mEq/L'::text, CURRENT_TIMESTAMP, 'final');
INSERT INTO observations (patient_id, observation_type, value_numeric, value_text, unit, observation_date, status)
VALUES ('96a03625-a78e-417d-a639-e9aa5d2c7aea', 'calcium', 8.9, NULL, 'mg/dL'::text, CURRENT_TIMESTAMP, 'final');
INSERT INTO observations (patient_id, observation_type, value_numeric, value_text, unit, observation_date, status)
VALUES ('96a03625-a78e-417d-a639-e9aa5d2c7aea', 'phosphorus', 4.0, NULL, 'mg/dL'::text, CURRENT_TIMESTAMP, 'final');
INSERT INTO observations (patient_id, observation_type, value_numeric, value_text, unit, observation_date, status)
VALUES ('96a03625-a78e-417d-a639-e9aa5d2c7aea', 'albumin', 2.5, NULL, 'g/dL'::text, CURRENT_TIMESTAMP, 'final');
INSERT INTO conditions (patient_id, condition_code, condition_name, clinical_status, onset_date, recorded_date, severity)
VALUES ('96a03625-a78e-417d-a639-e9aa5d2c7aea', 'N18.1', 'Chronic Kidney Disease, Stage 1', 'active', '2024-07-23', CURRENT_TIMESTAMP, 'mild');

-- Patient: Lucy Hayes
INSERT INTO patients (
    id, medical_record_number, first_name, last_name, date_of_birth, gender, email, phone,
    weight, height, smoking_status, cvd_history, family_history_esrd,
    on_ras_inhibitor, on_sglt2i, nephrotoxic_meds, nephrologist_referral,
    diagnosis_date, last_visit_date, next_visit_date
) VALUES (
    '046204f3-98c0-40af-86b6-f86a0d5cd645', 'MRN154'::text, 'Lucy'::text, 'Hayes'::text,
    '1974-11-09', 'female'::text, 'lucy.hayes@email.com'::text, '+1-555-0001',
    103.3, 163, 'Never'::text,
    false, false,
    false, false,
    false, false,
    NULL, '2025-10-12'::text, '2026-03-20'::text
);
INSERT INTO observations (patient_id, observation_type, value_numeric, value_text, unit, observation_date, status)
VALUES ('046204f3-98c0-40af-86b6-f86a0d5cd645', 'eGFR', 101.34, NULL, 'mL/min/1.73m²'::text, CURRENT_TIMESTAMP, 'final');
INSERT INTO observations (patient_id, observation_type, value_numeric, value_text, unit, observation_date, status)
VALUES ('046204f3-98c0-40af-86b6-f86a0d5cd645', 'eGFR_trend', NULL, 'stable'::text, NULL, CURRENT_TIMESTAMP, 'final');
INSERT INTO observations (patient_id, observation_type, value_numeric, value_text, unit, observation_date, status)
VALUES ('046204f3-98c0-40af-86b6-f86a0d5cd645', 'eGFR_change_percent', -1.9, NULL, '%'::text, CURRENT_TIMESTAMP, 'final');
INSERT INTO observations (patient_id, observation_type, value_numeric, value_text, unit, observation_date, status)
VALUES ('046204f3-98c0-40af-86b6-f86a0d5cd645', 'serum_creatinine', 0.93, NULL, 'mg/dL'::text, CURRENT_TIMESTAMP, 'final');
INSERT INTO observations (patient_id, observation_type, value_numeric, value_text, unit, observation_date, status)
VALUES ('046204f3-98c0-40af-86b6-f86a0d5cd645', 'BUN', 51, NULL, 'mg/dL'::text, CURRENT_TIMESTAMP, 'final');
INSERT INTO observations (patient_id, observation_type, value_numeric, value_text, unit, observation_date, status)
VALUES ('046204f3-98c0-40af-86b6-f86a0d5cd645', 'uACR', 16.58, NULL, 'mg/g'::text, CURRENT_TIMESTAMP, 'final');
INSERT INTO observations (patient_id, observation_type, value_numeric, value_text, unit, observation_date, status)
VALUES ('046204f3-98c0-40af-86b6-f86a0d5cd645', 'proteinuria_category', NULL, 'A1'::text, NULL, CURRENT_TIMESTAMP, 'final');
INSERT INTO observations (patient_id, observation_type, value_numeric, value_text, unit, observation_date, status)
VALUES ('046204f3-98c0-40af-86b6-f86a0d5cd645', 'blood_pressure_systolic', 131, NULL, 'mmHg'::text, CURRENT_TIMESTAMP, 'final');
INSERT INTO observations (patient_id, observation_type, value_numeric, value_text, unit, observation_date, status)
VALUES ('046204f3-98c0-40af-86b6-f86a0d5cd645', 'blood_pressure_diastolic', 77, NULL, 'mmHg'::text, CURRENT_TIMESTAMP, 'final');
INSERT INTO observations (patient_id, observation_type, value_numeric, value_text, unit, observation_date, status)
VALUES ('046204f3-98c0-40af-86b6-f86a0d5cd645', 'HbA1c', 5.2, NULL, '%'::text, CURRENT_TIMESTAMP, 'final');
INSERT INTO observations (patient_id, observation_type, value_numeric, value_text, unit, observation_date, status)
VALUES ('046204f3-98c0-40af-86b6-f86a0d5cd645', 'LDL_cholesterol', 90, NULL, 'mg/dL'::text, CURRENT_TIMESTAMP, 'final');
INSERT INTO observations (patient_id, observation_type, value_numeric, value_text, unit, observation_date, status)
VALUES ('046204f3-98c0-40af-86b6-f86a0d5cd645', 'HDL_cholesterol', 37, NULL, 'mg/dL'::text, CURRENT_TIMESTAMP, 'final');
INSERT INTO observations (patient_id, observation_type, value_numeric, value_text, unit, observation_date, status)
VALUES ('046204f3-98c0-40af-86b6-f86a0d5cd645', 'BMI', 38.9, NULL, 'kg/m²'::text, CURRENT_TIMESTAMP, 'final');
INSERT INTO observations (patient_id, observation_type, value_numeric, value_text, unit, observation_date, status)
VALUES ('046204f3-98c0-40af-86b6-f86a0d5cd645', 'hemoglobin', 14.6, NULL, 'g/dL'::text, CURRENT_TIMESTAMP, 'final');
INSERT INTO observations (patient_id, observation_type, value_numeric, value_text, unit, observation_date, status)
VALUES ('046204f3-98c0-40af-86b6-f86a0d5cd645', 'potassium', 4.2, NULL, 'mEq/L'::text, CURRENT_TIMESTAMP, 'final');
INSERT INTO observations (patient_id, observation_type, value_numeric, value_text, unit, observation_date, status)
VALUES ('046204f3-98c0-40af-86b6-f86a0d5cd645', 'calcium', 8.1, NULL, 'mg/dL'::text, CURRENT_TIMESTAMP, 'final');
INSERT INTO observations (patient_id, observation_type, value_numeric, value_text, unit, observation_date, status)
VALUES ('046204f3-98c0-40af-86b6-f86a0d5cd645', 'phosphorus', 3.6, NULL, 'mg/dL'::text, CURRENT_TIMESTAMP, 'final');
INSERT INTO observations (patient_id, observation_type, value_numeric, value_text, unit, observation_date, status)
VALUES ('046204f3-98c0-40af-86b6-f86a0d5cd645', 'albumin', 4.2, NULL, 'g/dL'::text, CURRENT_TIMESTAMP, 'final');

-- Patient: Maya Peters
INSERT INTO patients (
    id, medical_record_number, first_name, last_name, date_of_birth, gender, email, phone,
    weight, height, smoking_status, cvd_history, family_history_esrd,
    on_ras_inhibitor, on_sglt2i, nephrotoxic_meds, nephrologist_referral,
    diagnosis_date, last_visit_date, next_visit_date
) VALUES (
    '9c9469e5-4f75-4986-ab27-b129a0278e29', 'MRN155'::text, 'Maya'::text, 'Peters'::text,
    '1980-11-09', 'female'::text, 'maya.peters@email.com'::text, '+1-555-0001',
    72.5, 168, 'Never'::text,
    false, false,
    false, false,
    false, false,
    '2023-06-17', '2025-11-04'::text, '2026-04-21'::text
);
INSERT INTO observations (patient_id, observation_type, value_numeric, value_text, unit, observation_date, status)
VALUES ('9c9469e5-4f75-4986-ab27-b129a0278e29', 'eGFR', 79.12, NULL, 'mL/min/1.73m²'::text, CURRENT_TIMESTAMP, 'final');
INSERT INTO observations (patient_id, observation_type, value_numeric, value_text, unit, observation_date, status)
VALUES ('9c9469e5-4f75-4986-ab27-b129a0278e29', 'eGFR_trend', NULL, 'down'::text, NULL, CURRENT_TIMESTAMP, 'final');
INSERT INTO observations (patient_id, observation_type, value_numeric, value_text, unit, observation_date, status)
VALUES ('9c9469e5-4f75-4986-ab27-b129a0278e29', 'eGFR_change_percent', -0.9, NULL, '%'::text, CURRENT_TIMESTAMP, 'final');
INSERT INTO observations (patient_id, observation_type, value_numeric, value_text, unit, observation_date, status)
VALUES ('9c9469e5-4f75-4986-ab27-b129a0278e29', 'serum_creatinine', 1.08, NULL, 'mg/dL'::text, CURRENT_TIMESTAMP, 'final');
INSERT INTO observations (patient_id, observation_type, value_numeric, value_text, unit, observation_date, status)
VALUES ('9c9469e5-4f75-4986-ab27-b129a0278e29', 'BUN', 42, NULL, 'mg/dL'::text, CURRENT_TIMESTAMP, 'final');
INSERT INTO observations (patient_id, observation_type, value_numeric, value_text, unit, observation_date, status)
VALUES ('9c9469e5-4f75-4986-ab27-b129a0278e29', 'uACR', 109.64, NULL, 'mg/g'::text, CURRENT_TIMESTAMP, 'final');
INSERT INTO observations (patient_id, observation_type, value_numeric, value_text, unit, observation_date, status)
VALUES ('9c9469e5-4f75-4986-ab27-b129a0278e29', 'proteinuria_category', NULL, 'A1'::text, NULL, CURRENT_TIMESTAMP, 'final');
INSERT INTO observations (patient_id, observation_type, value_numeric, value_text, unit, observation_date, status)
VALUES ('9c9469e5-4f75-4986-ab27-b129a0278e29', 'blood_pressure_systolic', 137, NULL, 'mmHg'::text, CURRENT_TIMESTAMP, 'final');
INSERT INTO observations (patient_id, observation_type, value_numeric, value_text, unit, observation_date, status)
VALUES ('9c9469e5-4f75-4986-ab27-b129a0278e29', 'blood_pressure_diastolic', 79, NULL, 'mmHg'::text, CURRENT_TIMESTAMP, 'final');
INSERT INTO observations (patient_id, observation_type, value_numeric, value_text, unit, observation_date, status)
VALUES ('9c9469e5-4f75-4986-ab27-b129a0278e29', 'HbA1c', 9.4, NULL, '%'::text, CURRENT_TIMESTAMP, 'final');
INSERT INTO observations (patient_id, observation_type, value_numeric, value_text, unit, observation_date, status)
VALUES ('9c9469e5-4f75-4986-ab27-b129a0278e29', 'LDL_cholesterol', 132, NULL, 'mg/dL'::text, CURRENT_TIMESTAMP, 'final');
INSERT INTO observations (patient_id, observation_type, value_numeric, value_text, unit, observation_date, status)
VALUES ('9c9469e5-4f75-4986-ab27-b129a0278e29', 'HDL_cholesterol', 60, NULL, 'mg/dL'::text, CURRENT_TIMESTAMP, 'final');
INSERT INTO observations (patient_id, observation_type, value_numeric, value_text, unit, observation_date, status)
VALUES ('9c9469e5-4f75-4986-ab27-b129a0278e29', 'BMI', 25.7, NULL, 'kg/m²'::text, CURRENT_TIMESTAMP, 'final');
INSERT INTO observations (patient_id, observation_type, value_numeric, value_text, unit, observation_date, status)
VALUES ('9c9469e5-4f75-4986-ab27-b129a0278e29', 'hemoglobin', 14.6, NULL, 'g/dL'::text, CURRENT_TIMESTAMP, 'final');
INSERT INTO observations (patient_id, observation_type, value_numeric, value_text, unit, observation_date, status)
VALUES ('9c9469e5-4f75-4986-ab27-b129a0278e29', 'potassium', 4.7, NULL, 'mEq/L'::text, CURRENT_TIMESTAMP, 'final');
INSERT INTO observations (patient_id, observation_type, value_numeric, value_text, unit, observation_date, status)
VALUES ('9c9469e5-4f75-4986-ab27-b129a0278e29', 'calcium', 8.7, NULL, 'mg/dL'::text, CURRENT_TIMESTAMP, 'final');
INSERT INTO observations (patient_id, observation_type, value_numeric, value_text, unit, observation_date, status)
VALUES ('9c9469e5-4f75-4986-ab27-b129a0278e29', 'phosphorus', 3.3, NULL, 'mg/dL'::text, CURRENT_TIMESTAMP, 'final');
INSERT INTO observations (patient_id, observation_type, value_numeric, value_text, unit, observation_date, status)
VALUES ('9c9469e5-4f75-4986-ab27-b129a0278e29', 'albumin', 2.3, NULL, 'g/dL'::text, CURRENT_TIMESTAMP, 'final');
INSERT INTO conditions (patient_id, condition_code, condition_name, clinical_status, onset_date, recorded_date, severity)
VALUES ('9c9469e5-4f75-4986-ab27-b129a0278e29', 'E11.9', 'Type 2 Diabetes Mellitus', 'active', '2023-06-17', CURRENT_TIMESTAMP, 'moderate');
INSERT INTO conditions (patient_id, condition_code, condition_name, clinical_status, onset_date, recorded_date, severity)
VALUES ('9c9469e5-4f75-4986-ab27-b129a0278e29', 'I10', 'Essential Hypertension', 'active', '2023-06-17', CURRENT_TIMESTAMP, 'moderate');
INSERT INTO conditions (patient_id, condition_code, condition_name, clinical_status, onset_date, recorded_date, severity)
VALUES ('9c9469e5-4f75-4986-ab27-b129a0278e29', 'N18.2', 'Chronic Kidney Disease, Stage 2', 'active', '2023-06-17', CURRENT_TIMESTAMP, 'mild');

-- Patient: Harold Knight
INSERT INTO patients (
    id, medical_record_number, first_name, last_name, date_of_birth, gender, email, phone,
    weight, height, smoking_status, cvd_history, family_history_esrd,
    on_ras_inhibitor, on_sglt2i, nephrotoxic_meds, nephrologist_referral,
    diagnosis_date, last_visit_date, next_visit_date
) VALUES (
    '8b7a878b-0133-464a-be53-39b990317475', 'MRN156'::text, 'Harold'::text, 'Knight'::text,
    '1980-11-09', 'male'::text, 'harold.knight@email.com'::text, '+1-555-0001',
    96.0, 186, 'Never'::text,
    false, false,
    true, false,
    false, false,
    '2023-08-29', '2025-10-13'::text, '2026-04-23'::text
);
INSERT INTO observations (patient_id, observation_type, value_numeric, value_text, unit, observation_date, status)
VALUES ('8b7a878b-0133-464a-be53-39b990317475', 'eGFR', 88.34, NULL, 'mL/min/1.73m²'::text, CURRENT_TIMESTAMP, 'final');
INSERT INTO observations (patient_id, observation_type, value_numeric, value_text, unit, observation_date, status)
VALUES ('8b7a878b-0133-464a-be53-39b990317475', 'eGFR_trend', NULL, 'up'::text, NULL, CURRENT_TIMESTAMP, 'final');
INSERT INTO observations (patient_id, observation_type, value_numeric, value_text, unit, observation_date, status)
VALUES ('8b7a878b-0133-464a-be53-39b990317475', 'eGFR_change_percent', 1.2, NULL, '%'::text, CURRENT_TIMESTAMP, 'final');
INSERT INTO observations (patient_id, observation_type, value_numeric, value_text, unit, observation_date, status)
VALUES ('8b7a878b-0133-464a-be53-39b990317475', 'serum_creatinine', 1.3, NULL, 'mg/dL'::text, CURRENT_TIMESTAMP, 'final');
INSERT INTO observations (patient_id, observation_type, value_numeric, value_text, unit, observation_date, status)
VALUES ('8b7a878b-0133-464a-be53-39b990317475', 'BUN', 87, NULL, 'mg/dL'::text, CURRENT_TIMESTAMP, 'final');
INSERT INTO observations (patient_id, observation_type, value_numeric, value_text, unit, observation_date, status)
VALUES ('8b7a878b-0133-464a-be53-39b990317475', 'uACR', 103.52, NULL, 'mg/g'::text, CURRENT_TIMESTAMP, 'final');
INSERT INTO observations (patient_id, observation_type, value_numeric, value_text, unit, observation_date, status)
VALUES ('8b7a878b-0133-464a-be53-39b990317475', 'proteinuria_category', NULL, 'A2'::text, NULL, CURRENT_TIMESTAMP, 'final');
INSERT INTO observations (patient_id, observation_type, value_numeric, value_text, unit, observation_date, status)
VALUES ('8b7a878b-0133-464a-be53-39b990317475', 'blood_pressure_systolic', 140, NULL, 'mmHg'::text, CURRENT_TIMESTAMP, 'final');
INSERT INTO observations (patient_id, observation_type, value_numeric, value_text, unit, observation_date, status)
VALUES ('8b7a878b-0133-464a-be53-39b990317475', 'blood_pressure_diastolic', 81, NULL, 'mmHg'::text, CURRENT_TIMESTAMP, 'final');
INSERT INTO observations (patient_id, observation_type, value_numeric, value_text, unit, observation_date, status)
VALUES ('8b7a878b-0133-464a-be53-39b990317475', 'HbA1c', 6.1, NULL, '%'::text, CURRENT_TIMESTAMP, 'final');
INSERT INTO observations (patient_id, observation_type, value_numeric, value_text, unit, observation_date, status)
VALUES ('8b7a878b-0133-464a-be53-39b990317475', 'LDL_cholesterol', 100, NULL, 'mg/dL'::text, CURRENT_TIMESTAMP, 'final');
INSERT INTO observations (patient_id, observation_type, value_numeric, value_text, unit, observation_date, status)
VALUES ('8b7a878b-0133-464a-be53-39b990317475', 'HDL_cholesterol', 31, NULL, 'mg/dL'::text, CURRENT_TIMESTAMP, 'final');
INSERT INTO observations (patient_id, observation_type, value_numeric, value_text, unit, observation_date, status)
VALUES ('8b7a878b-0133-464a-be53-39b990317475', 'BMI', 27.7, NULL, 'kg/m²'::text, CURRENT_TIMESTAMP, 'final');
INSERT INTO observations (patient_id, observation_type, value_numeric, value_text, unit, observation_date, status)
VALUES ('8b7a878b-0133-464a-be53-39b990317475', 'hemoglobin', 14.4, NULL, 'g/dL'::text, CURRENT_TIMESTAMP, 'final');
INSERT INTO observations (patient_id, observation_type, value_numeric, value_text, unit, observation_date, status)
VALUES ('8b7a878b-0133-464a-be53-39b990317475', 'potassium', 3.9, NULL, 'mEq/L'::text, CURRENT_TIMESTAMP, 'final');
INSERT INTO observations (patient_id, observation_type, value_numeric, value_text, unit, observation_date, status)
VALUES ('8b7a878b-0133-464a-be53-39b990317475', 'calcium', 8.9, NULL, 'mg/dL'::text, CURRENT_TIMESTAMP, 'final');
INSERT INTO observations (patient_id, observation_type, value_numeric, value_text, unit, observation_date, status)
VALUES ('8b7a878b-0133-464a-be53-39b990317475', 'phosphorus', 4.0, NULL, 'mg/dL'::text, CURRENT_TIMESTAMP, 'final');
INSERT INTO observations (patient_id, observation_type, value_numeric, value_text, unit, observation_date, status)
VALUES ('8b7a878b-0133-464a-be53-39b990317475', 'albumin', 2.4, NULL, 'g/dL'::text, CURRENT_TIMESTAMP, 'final');
INSERT INTO conditions (patient_id, condition_code, condition_name, clinical_status, onset_date, recorded_date, severity)
VALUES ('8b7a878b-0133-464a-be53-39b990317475', 'N18.2', 'Chronic Kidney Disease, Stage 2', 'active', '2023-08-29', CURRENT_TIMESTAMP, 'mild');

-- Patient: Maya Arnold
INSERT INTO patients (
    id, medical_record_number, first_name, last_name, date_of_birth, gender, email, phone,
    weight, height, smoking_status, cvd_history, family_history_esrd,
    on_ras_inhibitor, on_sglt2i, nephrotoxic_meds, nephrologist_referral,
    diagnosis_date, last_visit_date, next_visit_date
) VALUES (
    '8b8f63df-4768-4ffb-b716-de6b71044456', 'MRN157'::text, 'Maya'::text, 'Arnold'::text,
    '1974-11-09', 'female'::text, 'maya.arnold@email.com'::text, '+1-555-0001',
    64.2, 161, 'Never'::text,
    false, false,
    false, false,
    false, false,
    NULL, '2025-10-12'::text, '2026-03-19'::text
);
INSERT INTO observations (patient_id, observation_type, value_numeric, value_text, unit, observation_date, status)
VALUES ('8b8f63df-4768-4ffb-b716-de6b71044456', 'eGFR', 112.38, NULL, 'mL/min/1.73m²'::text, CURRENT_TIMESTAMP, 'final');
INSERT INTO observations (patient_id, observation_type, value_numeric, value_text, unit, observation_date, status)
VALUES ('8b8f63df-4768-4ffb-b716-de6b71044456', 'eGFR_trend', NULL, 'stable'::text, NULL, CURRENT_TIMESTAMP, 'final');
INSERT INTO observations (patient_id, observation_type, value_numeric, value_text, unit, observation_date, status)
VALUES ('8b8f63df-4768-4ffb-b716-de6b71044456', 'eGFR_change_percent', 3.5, NULL, '%'::text, CURRENT_TIMESTAMP, 'final');
INSERT INTO observations (patient_id, observation_type, value_numeric, value_text, unit, observation_date, status)
VALUES ('8b8f63df-4768-4ffb-b716-de6b71044456', 'serum_creatinine', 0.97, NULL, 'mg/dL'::text, CURRENT_TIMESTAMP, 'final');
INSERT INTO observations (patient_id, observation_type, value_numeric, value_text, unit, observation_date, status)
VALUES ('8b8f63df-4768-4ffb-b716-de6b71044456', 'BUN', 86, NULL, 'mg/dL'::text, CURRENT_TIMESTAMP, 'final');
INSERT INTO observations (patient_id, observation_type, value_numeric, value_text, unit, observation_date, status)
VALUES ('8b8f63df-4768-4ffb-b716-de6b71044456', 'uACR', 23.5, NULL, 'mg/g'::text, CURRENT_TIMESTAMP, 'final');
INSERT INTO observations (patient_id, observation_type, value_numeric, value_text, unit, observation_date, status)
VALUES ('8b8f63df-4768-4ffb-b716-de6b71044456', 'proteinuria_category', NULL, 'A1'::text, NULL, CURRENT_TIMESTAMP, 'final');
INSERT INTO observations (patient_id, observation_type, value_numeric, value_text, unit, observation_date, status)
VALUES ('8b8f63df-4768-4ffb-b716-de6b71044456', 'blood_pressure_systolic', 126, NULL, 'mmHg'::text, CURRENT_TIMESTAMP, 'final');
INSERT INTO observations (patient_id, observation_type, value_numeric, value_text, unit, observation_date, status)
VALUES ('8b8f63df-4768-4ffb-b716-de6b71044456', 'blood_pressure_diastolic', 81, NULL, 'mmHg'::text, CURRENT_TIMESTAMP, 'final');
INSERT INTO observations (patient_id, observation_type, value_numeric, value_text, unit, observation_date, status)
VALUES ('8b8f63df-4768-4ffb-b716-de6b71044456', 'HbA1c', 6.0, NULL, '%'::text, CURRENT_TIMESTAMP, 'final');
INSERT INTO observations (patient_id, observation_type, value_numeric, value_text, unit, observation_date, status)
VALUES ('8b8f63df-4768-4ffb-b716-de6b71044456', 'LDL_cholesterol', 126, NULL, 'mg/dL'::text, CURRENT_TIMESTAMP, 'final');
INSERT INTO observations (patient_id, observation_type, value_numeric, value_text, unit, observation_date, status)
VALUES ('8b8f63df-4768-4ffb-b716-de6b71044456', 'HDL_cholesterol', 33, NULL, 'mg/dL'::text, CURRENT_TIMESTAMP, 'final');
INSERT INTO observations (patient_id, observation_type, value_numeric, value_text, unit, observation_date, status)
VALUES ('8b8f63df-4768-4ffb-b716-de6b71044456', 'BMI', 24.8, NULL, 'kg/m²'::text, CURRENT_TIMESTAMP, 'final');
INSERT INTO observations (patient_id, observation_type, value_numeric, value_text, unit, observation_date, status)
VALUES ('8b8f63df-4768-4ffb-b716-de6b71044456', 'hemoglobin', 13.4, NULL, 'g/dL'::text, CURRENT_TIMESTAMP, 'final');
INSERT INTO observations (patient_id, observation_type, value_numeric, value_text, unit, observation_date, status)
VALUES ('8b8f63df-4768-4ffb-b716-de6b71044456', 'potassium', 4.3, NULL, 'mEq/L'::text, CURRENT_TIMESTAMP, 'final');
INSERT INTO observations (patient_id, observation_type, value_numeric, value_text, unit, observation_date, status)
VALUES ('8b8f63df-4768-4ffb-b716-de6b71044456', 'calcium', 9.5, NULL, 'mg/dL'::text, CURRENT_TIMESTAMP, 'final');
INSERT INTO observations (patient_id, observation_type, value_numeric, value_text, unit, observation_date, status)
VALUES ('8b8f63df-4768-4ffb-b716-de6b71044456', 'phosphorus', 3.6, NULL, 'mg/dL'::text, CURRENT_TIMESTAMP, 'final');
INSERT INTO observations (patient_id, observation_type, value_numeric, value_text, unit, observation_date, status)
VALUES ('8b8f63df-4768-4ffb-b716-de6b71044456', 'albumin', 3.9, NULL, 'g/dL'::text, CURRENT_TIMESTAMP, 'final');

-- Patient: Stephanie Freeman
INSERT INTO patients (
    id, medical_record_number, first_name, last_name, date_of_birth, gender, email, phone,
    weight, height, smoking_status, cvd_history, family_history_esrd,
    on_ras_inhibitor, on_sglt2i, nephrotoxic_meds, nephrologist_referral,
    diagnosis_date, last_visit_date, next_visit_date
) VALUES (
    '23768525-2de4-49b7-9da8-875b6f1b97be', 'MRN158'::text, 'Stephanie'::text, 'Freeman'::text,
    '1978-11-09', 'female'::text, 'stephanie.freeman@email.com'::text, '+1-555-0001',
    76.9, 166, 'Never'::text,
    false, false,
    false, false,
    false, false,
    NULL, '2025-10-26'::text, '2026-03-19'::text
);
INSERT INTO observations (patient_id, observation_type, value_numeric, value_text, unit, observation_date, status)
VALUES ('23768525-2de4-49b7-9da8-875b6f1b97be', 'eGFR', 113.06, NULL, 'mL/min/1.73m²'::text, CURRENT_TIMESTAMP, 'final');
INSERT INTO observations (patient_id, observation_type, value_numeric, value_text, unit, observation_date, status)
VALUES ('23768525-2de4-49b7-9da8-875b6f1b97be', 'eGFR_trend', NULL, 'down'::text, NULL, CURRENT_TIMESTAMP, 'final');
INSERT INTO observations (patient_id, observation_type, value_numeric, value_text, unit, observation_date, status)
VALUES ('23768525-2de4-49b7-9da8-875b6f1b97be', 'eGFR_change_percent', 2.8, NULL, '%'::text, CURRENT_TIMESTAMP, 'final');
INSERT INTO observations (patient_id, observation_type, value_numeric, value_text, unit, observation_date, status)
VALUES ('23768525-2de4-49b7-9da8-875b6f1b97be', 'serum_creatinine', 0.71, NULL, 'mg/dL'::text, CURRENT_TIMESTAMP, 'final');
INSERT INTO observations (patient_id, observation_type, value_numeric, value_text, unit, observation_date, status)
VALUES ('23768525-2de4-49b7-9da8-875b6f1b97be', 'BUN', 76, NULL, 'mg/dL'::text, CURRENT_TIMESTAMP, 'final');
INSERT INTO observations (patient_id, observation_type, value_numeric, value_text, unit, observation_date, status)
VALUES ('23768525-2de4-49b7-9da8-875b6f1b97be', 'uACR', 22.51, NULL, 'mg/g'::text, CURRENT_TIMESTAMP, 'final');
INSERT INTO observations (patient_id, observation_type, value_numeric, value_text, unit, observation_date, status)
VALUES ('23768525-2de4-49b7-9da8-875b6f1b97be', 'proteinuria_category', NULL, 'A1'::text, NULL, CURRENT_TIMESTAMP, 'final');
INSERT INTO observations (patient_id, observation_type, value_numeric, value_text, unit, observation_date, status)
VALUES ('23768525-2de4-49b7-9da8-875b6f1b97be', 'blood_pressure_systolic', 133, NULL, 'mmHg'::text, CURRENT_TIMESTAMP, 'final');
INSERT INTO observations (patient_id, observation_type, value_numeric, value_text, unit, observation_date, status)
VALUES ('23768525-2de4-49b7-9da8-875b6f1b97be', 'blood_pressure_diastolic', 77, NULL, 'mmHg'::text, CURRENT_TIMESTAMP, 'final');
INSERT INTO observations (patient_id, observation_type, value_numeric, value_text, unit, observation_date, status)
VALUES ('23768525-2de4-49b7-9da8-875b6f1b97be', 'HbA1c', 5.5, NULL, '%'::text, CURRENT_TIMESTAMP, 'final');
INSERT INTO observations (patient_id, observation_type, value_numeric, value_text, unit, observation_date, status)
VALUES ('23768525-2de4-49b7-9da8-875b6f1b97be', 'LDL_cholesterol', 113, NULL, 'mg/dL'::text, CURRENT_TIMESTAMP, 'final');
INSERT INTO observations (patient_id, observation_type, value_numeric, value_text, unit, observation_date, status)
VALUES ('23768525-2de4-49b7-9da8-875b6f1b97be', 'HDL_cholesterol', 36, NULL, 'mg/dL'::text, CURRENT_TIMESTAMP, 'final');
INSERT INTO observations (patient_id, observation_type, value_numeric, value_text, unit, observation_date, status)
VALUES ('23768525-2de4-49b7-9da8-875b6f1b97be', 'BMI', 27.9, NULL, 'kg/m²'::text, CURRENT_TIMESTAMP, 'final');
INSERT INTO observations (patient_id, observation_type, value_numeric, value_text, unit, observation_date, status)
VALUES ('23768525-2de4-49b7-9da8-875b6f1b97be', 'hemoglobin', 15.0, NULL, 'g/dL'::text, CURRENT_TIMESTAMP, 'final');
INSERT INTO observations (patient_id, observation_type, value_numeric, value_text, unit, observation_date, status)
VALUES ('23768525-2de4-49b7-9da8-875b6f1b97be', 'potassium', 4.4, NULL, 'mEq/L'::text, CURRENT_TIMESTAMP, 'final');
INSERT INTO observations (patient_id, observation_type, value_numeric, value_text, unit, observation_date, status)
VALUES ('23768525-2de4-49b7-9da8-875b6f1b97be', 'calcium', 9.4, NULL, 'mg/dL'::text, CURRENT_TIMESTAMP, 'final');
INSERT INTO observations (patient_id, observation_type, value_numeric, value_text, unit, observation_date, status)
VALUES ('23768525-2de4-49b7-9da8-875b6f1b97be', 'phosphorus', 3.6, NULL, 'mg/dL'::text, CURRENT_TIMESTAMP, 'final');
INSERT INTO observations (patient_id, observation_type, value_numeric, value_text, unit, observation_date, status)
VALUES ('23768525-2de4-49b7-9da8-875b6f1b97be', 'albumin', 2.8, NULL, 'g/dL'::text, CURRENT_TIMESTAMP, 'final');

-- Patient: Gerald Ferguson
INSERT INTO patients (
    id, medical_record_number, first_name, last_name, date_of_birth, gender, email, phone,
    weight, height, smoking_status, cvd_history, family_history_esrd,
    on_ras_inhibitor, on_sglt2i, nephrotoxic_meds, nephrologist_referral,
    diagnosis_date, last_visit_date, next_visit_date
) VALUES (
    'cf6fa37a-3abc-4fe5-b143-ee9400d64beb', 'MRN159'::text, 'Gerald'::text, 'Ferguson'::text,
    '1956-11-09', 'male'::text, 'gerald.ferguson@email.com'::text, '+1-555-0001',
    109.2, 173, 'Never'::text,
    true, false,
    false, false,
    false, true,
    '2017-07-23', '2025-10-27'::text, '2025-11-26'::text
);
INSERT INTO observations (patient_id, observation_type, value_numeric, value_text, unit, observation_date, status)
VALUES ('cf6fa37a-3abc-4fe5-b143-ee9400d64beb', 'eGFR', 13.8, NULL, 'mL/min/1.73m²'::text, CURRENT_TIMESTAMP, 'final');
INSERT INTO observations (patient_id, observation_type, value_numeric, value_text, unit, observation_date, status)
VALUES ('cf6fa37a-3abc-4fe5-b143-ee9400d64beb', 'eGFR_trend', NULL, 'down'::text, NULL, CURRENT_TIMESTAMP, 'final');
INSERT INTO observations (patient_id, observation_type, value_numeric, value_text, unit, observation_date, status)
VALUES ('cf6fa37a-3abc-4fe5-b143-ee9400d64beb', 'eGFR_change_percent', -18.2, NULL, '%'::text, CURRENT_TIMESTAMP, 'final');
INSERT INTO observations (patient_id, observation_type, value_numeric, value_text, unit, observation_date, status)
VALUES ('cf6fa37a-3abc-4fe5-b143-ee9400d64beb', 'serum_creatinine', 4.64, NULL, 'mg/dL'::text, CURRENT_TIMESTAMP, 'final');
INSERT INTO observations (patient_id, observation_type, value_numeric, value_text, unit, observation_date, status)
VALUES ('cf6fa37a-3abc-4fe5-b143-ee9400d64beb', 'BUN', 210, NULL, 'mg/dL'::text, CURRENT_TIMESTAMP, 'final');
INSERT INTO observations (patient_id, observation_type, value_numeric, value_text, unit, observation_date, status)
VALUES ('cf6fa37a-3abc-4fe5-b143-ee9400d64beb', 'uACR', 995.18, NULL, 'mg/g'::text, CURRENT_TIMESTAMP, 'final');
INSERT INTO observations (patient_id, observation_type, value_numeric, value_text, unit, observation_date, status)
VALUES ('cf6fa37a-3abc-4fe5-b143-ee9400d64beb', 'proteinuria_category', NULL, 'A3'::text, NULL, CURRENT_TIMESTAMP, 'final');
INSERT INTO observations (patient_id, observation_type, value_numeric, value_text, unit, observation_date, status)
VALUES ('cf6fa37a-3abc-4fe5-b143-ee9400d64beb', 'blood_pressure_systolic', 165, NULL, 'mmHg'::text, CURRENT_TIMESTAMP, 'final');
INSERT INTO observations (patient_id, observation_type, value_numeric, value_text, unit, observation_date, status)
VALUES ('cf6fa37a-3abc-4fe5-b143-ee9400d64beb', 'blood_pressure_diastolic', 110, NULL, 'mmHg'::text, CURRENT_TIMESTAMP, 'final');
INSERT INTO observations (patient_id, observation_type, value_numeric, value_text, unit, observation_date, status)
VALUES ('cf6fa37a-3abc-4fe5-b143-ee9400d64beb', 'HbA1c', 5.9, NULL, '%'::text, CURRENT_TIMESTAMP, 'final');
INSERT INTO observations (patient_id, observation_type, value_numeric, value_text, unit, observation_date, status)
VALUES ('cf6fa37a-3abc-4fe5-b143-ee9400d64beb', 'LDL_cholesterol', 146, NULL, 'mg/dL'::text, CURRENT_TIMESTAMP, 'final');
INSERT INTO observations (patient_id, observation_type, value_numeric, value_text, unit, observation_date, status)
VALUES ('cf6fa37a-3abc-4fe5-b143-ee9400d64beb', 'HDL_cholesterol', 42, NULL, 'mg/dL'::text, CURRENT_TIMESTAMP, 'final');
INSERT INTO observations (patient_id, observation_type, value_numeric, value_text, unit, observation_date, status)
VALUES ('cf6fa37a-3abc-4fe5-b143-ee9400d64beb', 'BMI', 36.5, NULL, 'kg/m²'::text, CURRENT_TIMESTAMP, 'final');
INSERT INTO observations (patient_id, observation_type, value_numeric, value_text, unit, observation_date, status)
VALUES ('cf6fa37a-3abc-4fe5-b143-ee9400d64beb', 'hemoglobin', 11.0, NULL, 'g/dL'::text, CURRENT_TIMESTAMP, 'final');
INSERT INTO observations (patient_id, observation_type, value_numeric, value_text, unit, observation_date, status)
VALUES ('cf6fa37a-3abc-4fe5-b143-ee9400d64beb', 'potassium', 6.3, NULL, 'mEq/L'::text, CURRENT_TIMESTAMP, 'final');
INSERT INTO observations (patient_id, observation_type, value_numeric, value_text, unit, observation_date, status)
VALUES ('cf6fa37a-3abc-4fe5-b143-ee9400d64beb', 'calcium', 8.3, NULL, 'mg/dL'::text, CURRENT_TIMESTAMP, 'final');
INSERT INTO observations (patient_id, observation_type, value_numeric, value_text, unit, observation_date, status)
VALUES ('cf6fa37a-3abc-4fe5-b143-ee9400d64beb', 'phosphorus', 6.6, NULL, 'mg/dL'::text, CURRENT_TIMESTAMP, 'final');
INSERT INTO observations (patient_id, observation_type, value_numeric, value_text, unit, observation_date, status)
VALUES ('cf6fa37a-3abc-4fe5-b143-ee9400d64beb', 'albumin', 3.0, NULL, 'g/dL'::text, CURRENT_TIMESTAMP, 'final');
INSERT INTO conditions (patient_id, condition_code, condition_name, clinical_status, onset_date, recorded_date, severity)
VALUES ('cf6fa37a-3abc-4fe5-b143-ee9400d64beb', 'N18.5', 'Chronic Kidney Disease, Stage 5', 'active', '2017-07-23', CURRENT_TIMESTAMP, 'severe');
INSERT INTO conditions (patient_id, condition_code, condition_name, clinical_status, onset_date, recorded_date, severity)
VALUES ('cf6fa37a-3abc-4fe5-b143-ee9400d64beb', 'I25.10', 'Coronary Artery Disease', 'active', '2017-07-23', CURRENT_TIMESTAMP, 'moderate');

-- Patient: Keith Riley
INSERT INTO patients (
    id, medical_record_number, first_name, last_name, date_of_birth, gender, email, phone,
    weight, height, smoking_status, cvd_history, family_history_esrd,
    on_ras_inhibitor, on_sglt2i, nephrotoxic_meds, nephrologist_referral,
    diagnosis_date, last_visit_date, next_visit_date
) VALUES (
    'aa27ba2a-fb1d-4783-9410-d9abfd4096a5', 'MRN160'::text, 'Keith'::text, 'Riley'::text,
    '1958-11-09', 'male'::text, 'keith.riley@email.com'::text, '+1-555-0001',
    88.6, 177, 'Never'::text,
    false, false,
    true, false,
    false, true,
    '2019-05-11', '2025-10-19'::text, '2025-12-05'::text
);
INSERT INTO observations (patient_id, observation_type, value_numeric, value_text, unit, observation_date, status)
VALUES ('aa27ba2a-fb1d-4783-9410-d9abfd4096a5', 'eGFR', 26.26, NULL, 'mL/min/1.73m²'::text, CURRENT_TIMESTAMP, 'final');
INSERT INTO observations (patient_id, observation_type, value_numeric, value_text, unit, observation_date, status)
VALUES ('aa27ba2a-fb1d-4783-9410-d9abfd4096a5', 'eGFR_trend', NULL, 'down'::text, NULL, CURRENT_TIMESTAMP, 'final');
INSERT INTO observations (patient_id, observation_type, value_numeric, value_text, unit, observation_date, status)
VALUES ('aa27ba2a-fb1d-4783-9410-d9abfd4096a5', 'eGFR_change_percent', -8.1, NULL, '%'::text, CURRENT_TIMESTAMP, 'final');
INSERT INTO observations (patient_id, observation_type, value_numeric, value_text, unit, observation_date, status)
VALUES ('aa27ba2a-fb1d-4783-9410-d9abfd4096a5', 'serum_creatinine', 3.18, NULL, 'mg/dL'::text, CURRENT_TIMESTAMP, 'final');
INSERT INTO observations (patient_id, observation_type, value_numeric, value_text, unit, observation_date, status)
VALUES ('aa27ba2a-fb1d-4783-9410-d9abfd4096a5', 'BUN', 186, NULL, 'mg/dL'::text, CURRENT_TIMESTAMP, 'final');
INSERT INTO observations (patient_id, observation_type, value_numeric, value_text, unit, observation_date, status)
VALUES ('aa27ba2a-fb1d-4783-9410-d9abfd4096a5', 'uACR', 235.86, NULL, 'mg/g'::text, CURRENT_TIMESTAMP, 'final');
INSERT INTO observations (patient_id, observation_type, value_numeric, value_text, unit, observation_date, status)
VALUES ('aa27ba2a-fb1d-4783-9410-d9abfd4096a5', 'proteinuria_category', NULL, 'A3'::text, NULL, CURRENT_TIMESTAMP, 'final');
INSERT INTO observations (patient_id, observation_type, value_numeric, value_text, unit, observation_date, status)
VALUES ('aa27ba2a-fb1d-4783-9410-d9abfd4096a5', 'blood_pressure_systolic', 175, NULL, 'mmHg'::text, CURRENT_TIMESTAMP, 'final');
INSERT INTO observations (patient_id, observation_type, value_numeric, value_text, unit, observation_date, status)
VALUES ('aa27ba2a-fb1d-4783-9410-d9abfd4096a5', 'blood_pressure_diastolic', 98, NULL, 'mmHg'::text, CURRENT_TIMESTAMP, 'final');
INSERT INTO observations (patient_id, observation_type, value_numeric, value_text, unit, observation_date, status)
VALUES ('aa27ba2a-fb1d-4783-9410-d9abfd4096a5', 'HbA1c', 5.6, NULL, '%'::text, CURRENT_TIMESTAMP, 'final');
INSERT INTO observations (patient_id, observation_type, value_numeric, value_text, unit, observation_date, status)
VALUES ('aa27ba2a-fb1d-4783-9410-d9abfd4096a5', 'LDL_cholesterol', 146, NULL, 'mg/dL'::text, CURRENT_TIMESTAMP, 'final');
INSERT INTO observations (patient_id, observation_type, value_numeric, value_text, unit, observation_date, status)
VALUES ('aa27ba2a-fb1d-4783-9410-d9abfd4096a5', 'HDL_cholesterol', 32, NULL, 'mg/dL'::text, CURRENT_TIMESTAMP, 'final');
INSERT INTO observations (patient_id, observation_type, value_numeric, value_text, unit, observation_date, status)
VALUES ('aa27ba2a-fb1d-4783-9410-d9abfd4096a5', 'BMI', 28.3, NULL, 'kg/m²'::text, CURRENT_TIMESTAMP, 'final');
INSERT INTO observations (patient_id, observation_type, value_numeric, value_text, unit, observation_date, status)
VALUES ('aa27ba2a-fb1d-4783-9410-d9abfd4096a5', 'hemoglobin', 8.1, NULL, 'g/dL'::text, CURRENT_TIMESTAMP, 'final');
INSERT INTO observations (patient_id, observation_type, value_numeric, value_text, unit, observation_date, status)
VALUES ('aa27ba2a-fb1d-4783-9410-d9abfd4096a5', 'potassium', 5.9, NULL, 'mEq/L'::text, CURRENT_TIMESTAMP, 'final');
INSERT INTO observations (patient_id, observation_type, value_numeric, value_text, unit, observation_date, status)
VALUES ('aa27ba2a-fb1d-4783-9410-d9abfd4096a5', 'calcium', 8.5, NULL, 'mg/dL'::text, CURRENT_TIMESTAMP, 'final');
INSERT INTO observations (patient_id, observation_type, value_numeric, value_text, unit, observation_date, status)
VALUES ('aa27ba2a-fb1d-4783-9410-d9abfd4096a5', 'phosphorus', 4.6, NULL, 'mg/dL'::text, CURRENT_TIMESTAMP, 'final');
INSERT INTO observations (patient_id, observation_type, value_numeric, value_text, unit, observation_date, status)
VALUES ('aa27ba2a-fb1d-4783-9410-d9abfd4096a5', 'albumin', 3.3, NULL, 'g/dL'::text, CURRENT_TIMESTAMP, 'final');
INSERT INTO conditions (patient_id, condition_code, condition_name, clinical_status, onset_date, recorded_date, severity)
VALUES ('aa27ba2a-fb1d-4783-9410-d9abfd4096a5', 'N18.4', 'Chronic Kidney Disease, Stage 4', 'active', '2019-05-11', CURRENT_TIMESTAMP, 'severe');

-- Patient: Charlotte Alexander
INSERT INTO patients (
    id, medical_record_number, first_name, last_name, date_of_birth, gender, email, phone,
    weight, height, smoking_status, cvd_history, family_history_esrd,
    on_ras_inhibitor, on_sglt2i, nephrotoxic_meds, nephrologist_referral,
    diagnosis_date, last_visit_date, next_visit_date
) VALUES (
    '7af91f0d-7e1b-4072-ae74-4b69aa85eea5', 'MRN161'::text, 'Charlotte'::text, 'Alexander'::text,
    '1960-11-09', 'female'::text, 'charlotte.alexander@email.com'::text, '+1-555-0001',
    84.9, 178, 'Never'::text,
    false, false,
    true, false,
    false, false,
    '2023-04-05', '2025-10-29'::text, '2026-02-20'::text
);
INSERT INTO observations (patient_id, observation_type, value_numeric, value_text, unit, observation_date, status)
VALUES ('7af91f0d-7e1b-4072-ae74-4b69aa85eea5', 'eGFR', 58.25, NULL, 'mL/min/1.73m²'::text, CURRENT_TIMESTAMP, 'final');
INSERT INTO observations (patient_id, observation_type, value_numeric, value_text, unit, observation_date, status)
VALUES ('7af91f0d-7e1b-4072-ae74-4b69aa85eea5', 'eGFR_trend', NULL, 'stable'::text, NULL, CURRENT_TIMESTAMP, 'final');
INSERT INTO observations (patient_id, observation_type, value_numeric, value_text, unit, observation_date, status)
VALUES ('7af91f0d-7e1b-4072-ae74-4b69aa85eea5', 'eGFR_change_percent', 0.3, NULL, '%'::text, CURRENT_TIMESTAMP, 'final');
INSERT INTO observations (patient_id, observation_type, value_numeric, value_text, unit, observation_date, status)
VALUES ('7af91f0d-7e1b-4072-ae74-4b69aa85eea5', 'serum_creatinine', 1.51, NULL, 'mg/dL'::text, CURRENT_TIMESTAMP, 'final');
INSERT INTO observations (patient_id, observation_type, value_numeric, value_text, unit, observation_date, status)
VALUES ('7af91f0d-7e1b-4072-ae74-4b69aa85eea5', 'BUN', 175, NULL, 'mg/dL'::text, CURRENT_TIMESTAMP, 'final');
INSERT INTO observations (patient_id, observation_type, value_numeric, value_text, unit, observation_date, status)
VALUES ('7af91f0d-7e1b-4072-ae74-4b69aa85eea5', 'uACR', 82.59, NULL, 'mg/g'::text, CURRENT_TIMESTAMP, 'final');
INSERT INTO observations (patient_id, observation_type, value_numeric, value_text, unit, observation_date, status)
VALUES ('7af91f0d-7e1b-4072-ae74-4b69aa85eea5', 'proteinuria_category', NULL, 'A3'::text, NULL, CURRENT_TIMESTAMP, 'final');
INSERT INTO observations (patient_id, observation_type, value_numeric, value_text, unit, observation_date, status)
VALUES ('7af91f0d-7e1b-4072-ae74-4b69aa85eea5', 'blood_pressure_systolic', 154, NULL, 'mmHg'::text, CURRENT_TIMESTAMP, 'final');
INSERT INTO observations (patient_id, observation_type, value_numeric, value_text, unit, observation_date, status)
VALUES ('7af91f0d-7e1b-4072-ae74-4b69aa85eea5', 'blood_pressure_diastolic', 93, NULL, 'mmHg'::text, CURRENT_TIMESTAMP, 'final');
INSERT INTO observations (patient_id, observation_type, value_numeric, value_text, unit, observation_date, status)
VALUES ('7af91f0d-7e1b-4072-ae74-4b69aa85eea5', 'HbA1c', 6.9, NULL, '%'::text, CURRENT_TIMESTAMP, 'final');
INSERT INTO observations (patient_id, observation_type, value_numeric, value_text, unit, observation_date, status)
VALUES ('7af91f0d-7e1b-4072-ae74-4b69aa85eea5', 'LDL_cholesterol', 128, NULL, 'mg/dL'::text, CURRENT_TIMESTAMP, 'final');
INSERT INTO observations (patient_id, observation_type, value_numeric, value_text, unit, observation_date, status)
VALUES ('7af91f0d-7e1b-4072-ae74-4b69aa85eea5', 'HDL_cholesterol', 37, NULL, 'mg/dL'::text, CURRENT_TIMESTAMP, 'final');
INSERT INTO observations (patient_id, observation_type, value_numeric, value_text, unit, observation_date, status)
VALUES ('7af91f0d-7e1b-4072-ae74-4b69aa85eea5', 'BMI', 26.8, NULL, 'kg/m²'::text, CURRENT_TIMESTAMP, 'final');
INSERT INTO observations (patient_id, observation_type, value_numeric, value_text, unit, observation_date, status)
VALUES ('7af91f0d-7e1b-4072-ae74-4b69aa85eea5', 'hemoglobin', 10.9, NULL, 'g/dL'::text, CURRENT_TIMESTAMP, 'final');
INSERT INTO observations (patient_id, observation_type, value_numeric, value_text, unit, observation_date, status)
VALUES ('7af91f0d-7e1b-4072-ae74-4b69aa85eea5', 'potassium', 4.6, NULL, 'mEq/L'::text, CURRENT_TIMESTAMP, 'final');
INSERT INTO observations (patient_id, observation_type, value_numeric, value_text, unit, observation_date, status)
VALUES ('7af91f0d-7e1b-4072-ae74-4b69aa85eea5', 'calcium', 9.6, NULL, 'mg/dL'::text, CURRENT_TIMESTAMP, 'final');
INSERT INTO observations (patient_id, observation_type, value_numeric, value_text, unit, observation_date, status)
VALUES ('7af91f0d-7e1b-4072-ae74-4b69aa85eea5', 'phosphorus', 4.2, NULL, 'mg/dL'::text, CURRENT_TIMESTAMP, 'final');
INSERT INTO observations (patient_id, observation_type, value_numeric, value_text, unit, observation_date, status)
VALUES ('7af91f0d-7e1b-4072-ae74-4b69aa85eea5', 'albumin', 3.0, NULL, 'g/dL'::text, CURRENT_TIMESTAMP, 'final');
INSERT INTO conditions (patient_id, condition_code, condition_name, clinical_status, onset_date, recorded_date, severity)
VALUES ('7af91f0d-7e1b-4072-ae74-4b69aa85eea5', 'E11.9', 'Type 2 Diabetes Mellitus', 'active', '2023-04-05', CURRENT_TIMESTAMP, 'moderate');
INSERT INTO conditions (patient_id, condition_code, condition_name, clinical_status, onset_date, recorded_date, severity)
VALUES ('7af91f0d-7e1b-4072-ae74-4b69aa85eea5', 'I10', 'Essential Hypertension', 'active', '2023-04-05', CURRENT_TIMESTAMP, 'moderate');
INSERT INTO conditions (patient_id, condition_code, condition_name, clinical_status, onset_date, recorded_date, severity)
VALUES ('7af91f0d-7e1b-4072-ae74-4b69aa85eea5', 'N18.3', 'Chronic Kidney Disease, Stage 3', 'active', '2023-04-05', CURRENT_TIMESTAMP, 'moderate');

-- Patient: Logan Foster
INSERT INTO patients (
    id, medical_record_number, first_name, last_name, date_of_birth, gender, email, phone,
    weight, height, smoking_status, cvd_history, family_history_esrd,
    on_ras_inhibitor, on_sglt2i, nephrotoxic_meds, nephrologist_referral,
    diagnosis_date, last_visit_date, next_visit_date
) VALUES (
    'eede89f3-79c9-4ea9-8016-491323e688c6', 'MRN162'::text, 'Logan'::text, 'Foster'::text,
    '1962-11-09', 'male'::text, 'logan.foster@email.com'::text, '+1-555-0001',
    85.8, 171, 'Former'::text,
    false, false,
    true, true,
    false, false,
    '2024-08-28', '2025-10-28'::text, '2026-03-16'::text
);
INSERT INTO observations (patient_id, observation_type, value_numeric, value_text, unit, observation_date, status)
VALUES ('eede89f3-79c9-4ea9-8016-491323e688c6', 'eGFR', 84.5, NULL, 'mL/min/1.73m²'::text, CURRENT_TIMESTAMP, 'final');
INSERT INTO observations (patient_id, observation_type, value_numeric, value_text, unit, observation_date, status)
VALUES ('eede89f3-79c9-4ea9-8016-491323e688c6', 'eGFR_trend', NULL, 'stable'::text, NULL, CURRENT_TIMESTAMP, 'final');
INSERT INTO observations (patient_id, observation_type, value_numeric, value_text, unit, observation_date, status)
VALUES ('eede89f3-79c9-4ea9-8016-491323e688c6', 'eGFR_change_percent', 1.9, NULL, '%'::text, CURRENT_TIMESTAMP, 'final');
INSERT INTO observations (patient_id, observation_type, value_numeric, value_text, unit, observation_date, status)
VALUES ('eede89f3-79c9-4ea9-8016-491323e688c6', 'serum_creatinine', 1.18, NULL, 'mg/dL'::text, CURRENT_TIMESTAMP, 'final');
INSERT INTO observations (patient_id, observation_type, value_numeric, value_text, unit, observation_date, status)
VALUES ('eede89f3-79c9-4ea9-8016-491323e688c6', 'BUN', 122, NULL, 'mg/dL'::text, CURRENT_TIMESTAMP, 'final');
INSERT INTO observations (patient_id, observation_type, value_numeric, value_text, unit, observation_date, status)
VALUES ('eede89f3-79c9-4ea9-8016-491323e688c6', 'uACR', 91.52, NULL, 'mg/g'::text, CURRENT_TIMESTAMP, 'final');
INSERT INTO observations (patient_id, observation_type, value_numeric, value_text, unit, observation_date, status)
VALUES ('eede89f3-79c9-4ea9-8016-491323e688c6', 'proteinuria_category', NULL, 'A2'::text, NULL, CURRENT_TIMESTAMP, 'final');
INSERT INTO observations (patient_id, observation_type, value_numeric, value_text, unit, observation_date, status)
VALUES ('eede89f3-79c9-4ea9-8016-491323e688c6', 'blood_pressure_systolic', 122, NULL, 'mmHg'::text, CURRENT_TIMESTAMP, 'final');
INSERT INTO observations (patient_id, observation_type, value_numeric, value_text, unit, observation_date, status)
VALUES ('eede89f3-79c9-4ea9-8016-491323e688c6', 'blood_pressure_diastolic', 82, NULL, 'mmHg'::text, CURRENT_TIMESTAMP, 'final');
INSERT INTO observations (patient_id, observation_type, value_numeric, value_text, unit, observation_date, status)
VALUES ('eede89f3-79c9-4ea9-8016-491323e688c6', 'HbA1c', 9.0, NULL, '%'::text, CURRENT_TIMESTAMP, 'final');
INSERT INTO observations (patient_id, observation_type, value_numeric, value_text, unit, observation_date, status)
VALUES ('eede89f3-79c9-4ea9-8016-491323e688c6', 'LDL_cholesterol', 141, NULL, 'mg/dL'::text, CURRENT_TIMESTAMP, 'final');
INSERT INTO observations (patient_id, observation_type, value_numeric, value_text, unit, observation_date, status)
VALUES ('eede89f3-79c9-4ea9-8016-491323e688c6', 'HDL_cholesterol', 67, NULL, 'mg/dL'::text, CURRENT_TIMESTAMP, 'final');
INSERT INTO observations (patient_id, observation_type, value_numeric, value_text, unit, observation_date, status)
VALUES ('eede89f3-79c9-4ea9-8016-491323e688c6', 'BMI', 29.3, NULL, 'kg/m²'::text, CURRENT_TIMESTAMP, 'final');
INSERT INTO observations (patient_id, observation_type, value_numeric, value_text, unit, observation_date, status)
VALUES ('eede89f3-79c9-4ea9-8016-491323e688c6', 'hemoglobin', 13.9, NULL, 'g/dL'::text, CURRENT_TIMESTAMP, 'final');
INSERT INTO observations (patient_id, observation_type, value_numeric, value_text, unit, observation_date, status)
VALUES ('eede89f3-79c9-4ea9-8016-491323e688c6', 'potassium', 4.1, NULL, 'mEq/L'::text, CURRENT_TIMESTAMP, 'final');
INSERT INTO observations (patient_id, observation_type, value_numeric, value_text, unit, observation_date, status)
VALUES ('eede89f3-79c9-4ea9-8016-491323e688c6', 'calcium', 8.6, NULL, 'mg/dL'::text, CURRENT_TIMESTAMP, 'final');
INSERT INTO observations (patient_id, observation_type, value_numeric, value_text, unit, observation_date, status)
VALUES ('eede89f3-79c9-4ea9-8016-491323e688c6', 'phosphorus', 4.0, NULL, 'mg/dL'::text, CURRENT_TIMESTAMP, 'final');
INSERT INTO observations (patient_id, observation_type, value_numeric, value_text, unit, observation_date, status)
VALUES ('eede89f3-79c9-4ea9-8016-491323e688c6', 'albumin', 2.3, NULL, 'g/dL'::text, CURRENT_TIMESTAMP, 'final');
INSERT INTO conditions (patient_id, condition_code, condition_name, clinical_status, onset_date, recorded_date, severity)
VALUES ('eede89f3-79c9-4ea9-8016-491323e688c6', 'E11.9', 'Type 2 Diabetes Mellitus', 'active', '2024-08-28', CURRENT_TIMESTAMP, 'moderate');
INSERT INTO conditions (patient_id, condition_code, condition_name, clinical_status, onset_date, recorded_date, severity)
VALUES ('eede89f3-79c9-4ea9-8016-491323e688c6', 'I10', 'Essential Hypertension', 'active', '2024-08-28', CURRENT_TIMESTAMP, 'moderate');
INSERT INTO conditions (patient_id, condition_code, condition_name, clinical_status, onset_date, recorded_date, severity)
VALUES ('eede89f3-79c9-4ea9-8016-491323e688c6', 'N18.2', 'Chronic Kidney Disease, Stage 2', 'active', '2024-08-28', CURRENT_TIMESTAMP, 'mild');

-- Patient: Diana Wagner
INSERT INTO patients (
    id, medical_record_number, first_name, last_name, date_of_birth, gender, email, phone,
    weight, height, smoking_status, cvd_history, family_history_esrd,
    on_ras_inhibitor, on_sglt2i, nephrotoxic_meds, nephrologist_referral,
    diagnosis_date, last_visit_date, next_visit_date
) VALUES (
    '79659a9f-b8a4-4cae-8971-9dac1c18e214', 'MRN163'::text, 'Diana'::text, 'Wagner'::text,
    '1975-11-09', 'female'::text, 'diana.wagner@email.com'::text, '+1-555-0001',
    60.9, 173, 'Never'::text,
    false, false,
    false, false,
    false, true,
    '2023-11-10', '2025-11-03'::text, '2026-01-24'::text
);
INSERT INTO observations (patient_id, observation_type, value_numeric, value_text, unit, observation_date, status)
VALUES ('79659a9f-b8a4-4cae-8971-9dac1c18e214', 'eGFR', 40.68, NULL, 'mL/min/1.73m²'::text, CURRENT_TIMESTAMP, 'final');
INSERT INTO observations (patient_id, observation_type, value_numeric, value_text, unit, observation_date, status)
VALUES ('79659a9f-b8a4-4cae-8971-9dac1c18e214', 'eGFR_trend', NULL, 'stable'::text, NULL, CURRENT_TIMESTAMP, 'final');
INSERT INTO observations (patient_id, observation_type, value_numeric, value_text, unit, observation_date, status)
VALUES ('79659a9f-b8a4-4cae-8971-9dac1c18e214', 'eGFR_change_percent', -0.9, NULL, '%'::text, CURRENT_TIMESTAMP, 'final');
INSERT INTO observations (patient_id, observation_type, value_numeric, value_text, unit, observation_date, status)
VALUES ('79659a9f-b8a4-4cae-8971-9dac1c18e214', 'serum_creatinine', 1.79, NULL, 'mg/dL'::text, CURRENT_TIMESTAMP, 'final');
INSERT INTO observations (patient_id, observation_type, value_numeric, value_text, unit, observation_date, status)
VALUES ('79659a9f-b8a4-4cae-8971-9dac1c18e214', 'BUN', 59, NULL, 'mg/dL'::text, CURRENT_TIMESTAMP, 'final');
INSERT INTO observations (patient_id, observation_type, value_numeric, value_text, unit, observation_date, status)
VALUES ('79659a9f-b8a4-4cae-8971-9dac1c18e214', 'uACR', 284.89, NULL, 'mg/g'::text, CURRENT_TIMESTAMP, 'final');
INSERT INTO observations (patient_id, observation_type, value_numeric, value_text, unit, observation_date, status)
VALUES ('79659a9f-b8a4-4cae-8971-9dac1c18e214', 'proteinuria_category', NULL, 'A3'::text, NULL, CURRENT_TIMESTAMP, 'final');
INSERT INTO observations (patient_id, observation_type, value_numeric, value_text, unit, observation_date, status)
VALUES ('79659a9f-b8a4-4cae-8971-9dac1c18e214', 'blood_pressure_systolic', 134, NULL, 'mmHg'::text, CURRENT_TIMESTAMP, 'final');
INSERT INTO observations (patient_id, observation_type, value_numeric, value_text, unit, observation_date, status)
VALUES ('79659a9f-b8a4-4cae-8971-9dac1c18e214', 'blood_pressure_diastolic', 86, NULL, 'mmHg'::text, CURRENT_TIMESTAMP, 'final');
INSERT INTO observations (patient_id, observation_type, value_numeric, value_text, unit, observation_date, status)
VALUES ('79659a9f-b8a4-4cae-8971-9dac1c18e214', 'HbA1c', 5.0, NULL, '%'::text, CURRENT_TIMESTAMP, 'final');
INSERT INTO observations (patient_id, observation_type, value_numeric, value_text, unit, observation_date, status)
VALUES ('79659a9f-b8a4-4cae-8971-9dac1c18e214', 'LDL_cholesterol', 98, NULL, 'mg/dL'::text, CURRENT_TIMESTAMP, 'final');
INSERT INTO observations (patient_id, observation_type, value_numeric, value_text, unit, observation_date, status)
VALUES ('79659a9f-b8a4-4cae-8971-9dac1c18e214', 'HDL_cholesterol', 58, NULL, 'mg/dL'::text, CURRENT_TIMESTAMP, 'final');
INSERT INTO observations (patient_id, observation_type, value_numeric, value_text, unit, observation_date, status)
VALUES ('79659a9f-b8a4-4cae-8971-9dac1c18e214', 'BMI', 20.3, NULL, 'kg/m²'::text, CURRENT_TIMESTAMP, 'final');
INSERT INTO observations (patient_id, observation_type, value_numeric, value_text, unit, observation_date, status)
VALUES ('79659a9f-b8a4-4cae-8971-9dac1c18e214', 'hemoglobin', 11.2, NULL, 'g/dL'::text, CURRENT_TIMESTAMP, 'final');
INSERT INTO observations (patient_id, observation_type, value_numeric, value_text, unit, observation_date, status)
VALUES ('79659a9f-b8a4-4cae-8971-9dac1c18e214', 'potassium', 4.3, NULL, 'mEq/L'::text, CURRENT_TIMESTAMP, 'final');
INSERT INTO observations (patient_id, observation_type, value_numeric, value_text, unit, observation_date, status)
VALUES ('79659a9f-b8a4-4cae-8971-9dac1c18e214', 'calcium', 9.6, NULL, 'mg/dL'::text, CURRENT_TIMESTAMP, 'final');
INSERT INTO observations (patient_id, observation_type, value_numeric, value_text, unit, observation_date, status)
VALUES ('79659a9f-b8a4-4cae-8971-9dac1c18e214', 'phosphorus', 4.9, NULL, 'mg/dL'::text, CURRENT_TIMESTAMP, 'final');
INSERT INTO observations (patient_id, observation_type, value_numeric, value_text, unit, observation_date, status)
VALUES ('79659a9f-b8a4-4cae-8971-9dac1c18e214', 'albumin', 3.0, NULL, 'g/dL'::text, CURRENT_TIMESTAMP, 'final');
INSERT INTO conditions (patient_id, condition_code, condition_name, clinical_status, onset_date, recorded_date, severity)
VALUES ('79659a9f-b8a4-4cae-8971-9dac1c18e214', 'N18.3', 'Chronic Kidney Disease, Stage 3', 'active', '2023-11-10', CURRENT_TIMESTAMP, 'moderate');

-- Patient: Abigail Ellis
INSERT INTO patients (
    id, medical_record_number, first_name, last_name, date_of_birth, gender, email, phone,
    weight, height, smoking_status, cvd_history, family_history_esrd,
    on_ras_inhibitor, on_sglt2i, nephrotoxic_meds, nephrologist_referral,
    diagnosis_date, last_visit_date, next_visit_date
) VALUES (
    '90cc81c8-0e6d-4f42-9a1a-aaf31c4bc4cf', 'MRN164'::text, 'Abigail'::text, 'Ellis'::text,
    '1985-11-09', 'female'::text, 'abigail.ellis@email.com'::text, '+1-555-0001',
    81.6, 167, 'Current'::text,
    false, false,
    false, false,
    false, false,
    NULL, '2025-11-02'::text, '2026-04-29'::text
);
INSERT INTO observations (patient_id, observation_type, value_numeric, value_text, unit, observation_date, status)
VALUES ('90cc81c8-0e6d-4f42-9a1a-aaf31c4bc4cf', 'eGFR', 101.7, NULL, 'mL/min/1.73m²'::text, CURRENT_TIMESTAMP, 'final');
INSERT INTO observations (patient_id, observation_type, value_numeric, value_text, unit, observation_date, status)
VALUES ('90cc81c8-0e6d-4f42-9a1a-aaf31c4bc4cf', 'eGFR_trend', NULL, 'stable'::text, NULL, CURRENT_TIMESTAMP, 'final');
INSERT INTO observations (patient_id, observation_type, value_numeric, value_text, unit, observation_date, status)
VALUES ('90cc81c8-0e6d-4f42-9a1a-aaf31c4bc4cf', 'eGFR_change_percent', -0.5, NULL, '%'::text, CURRENT_TIMESTAMP, 'final');
INSERT INTO observations (patient_id, observation_type, value_numeric, value_text, unit, observation_date, status)
VALUES ('90cc81c8-0e6d-4f42-9a1a-aaf31c4bc4cf', 'serum_creatinine', 0.97, NULL, 'mg/dL'::text, CURRENT_TIMESTAMP, 'final');
INSERT INTO observations (patient_id, observation_type, value_numeric, value_text, unit, observation_date, status)
VALUES ('90cc81c8-0e6d-4f42-9a1a-aaf31c4bc4cf', 'BUN', 29, NULL, 'mg/dL'::text, CURRENT_TIMESTAMP, 'final');
INSERT INTO observations (patient_id, observation_type, value_numeric, value_text, unit, observation_date, status)
VALUES ('90cc81c8-0e6d-4f42-9a1a-aaf31c4bc4cf', 'uACR', 13.95, NULL, 'mg/g'::text, CURRENT_TIMESTAMP, 'final');
INSERT INTO observations (patient_id, observation_type, value_numeric, value_text, unit, observation_date, status)
VALUES ('90cc81c8-0e6d-4f42-9a1a-aaf31c4bc4cf', 'proteinuria_category', NULL, 'A1'::text, NULL, CURRENT_TIMESTAMP, 'final');
INSERT INTO observations (patient_id, observation_type, value_numeric, value_text, unit, observation_date, status)
VALUES ('90cc81c8-0e6d-4f42-9a1a-aaf31c4bc4cf', 'blood_pressure_systolic', 117, NULL, 'mmHg'::text, CURRENT_TIMESTAMP, 'final');
INSERT INTO observations (patient_id, observation_type, value_numeric, value_text, unit, observation_date, status)
VALUES ('90cc81c8-0e6d-4f42-9a1a-aaf31c4bc4cf', 'blood_pressure_diastolic', 79, NULL, 'mmHg'::text, CURRENT_TIMESTAMP, 'final');
INSERT INTO observations (patient_id, observation_type, value_numeric, value_text, unit, observation_date, status)
VALUES ('90cc81c8-0e6d-4f42-9a1a-aaf31c4bc4cf', 'HbA1c', 5.0, NULL, '%'::text, CURRENT_TIMESTAMP, 'final');
INSERT INTO observations (patient_id, observation_type, value_numeric, value_text, unit, observation_date, status)
VALUES ('90cc81c8-0e6d-4f42-9a1a-aaf31c4bc4cf', 'LDL_cholesterol', 108, NULL, 'mg/dL'::text, CURRENT_TIMESTAMP, 'final');
INSERT INTO observations (patient_id, observation_type, value_numeric, value_text, unit, observation_date, status)
VALUES ('90cc81c8-0e6d-4f42-9a1a-aaf31c4bc4cf', 'HDL_cholesterol', 57, NULL, 'mg/dL'::text, CURRENT_TIMESTAMP, 'final');
INSERT INTO observations (patient_id, observation_type, value_numeric, value_text, unit, observation_date, status)
VALUES ('90cc81c8-0e6d-4f42-9a1a-aaf31c4bc4cf', 'BMI', 29.3, NULL, 'kg/m²'::text, CURRENT_TIMESTAMP, 'final');
INSERT INTO observations (patient_id, observation_type, value_numeric, value_text, unit, observation_date, status)
VALUES ('90cc81c8-0e6d-4f42-9a1a-aaf31c4bc4cf', 'hemoglobin', 14.3, NULL, 'g/dL'::text, CURRENT_TIMESTAMP, 'final');
INSERT INTO observations (patient_id, observation_type, value_numeric, value_text, unit, observation_date, status)
VALUES ('90cc81c8-0e6d-4f42-9a1a-aaf31c4bc4cf', 'potassium', 4.1, NULL, 'mEq/L'::text, CURRENT_TIMESTAMP, 'final');
INSERT INTO observations (patient_id, observation_type, value_numeric, value_text, unit, observation_date, status)
VALUES ('90cc81c8-0e6d-4f42-9a1a-aaf31c4bc4cf', 'calcium', 9.3, NULL, 'mg/dL'::text, CURRENT_TIMESTAMP, 'final');
INSERT INTO observations (patient_id, observation_type, value_numeric, value_text, unit, observation_date, status)
VALUES ('90cc81c8-0e6d-4f42-9a1a-aaf31c4bc4cf', 'phosphorus', 3.7, NULL, 'mg/dL'::text, CURRENT_TIMESTAMP, 'final');
INSERT INTO observations (patient_id, observation_type, value_numeric, value_text, unit, observation_date, status)
VALUES ('90cc81c8-0e6d-4f42-9a1a-aaf31c4bc4cf', 'albumin', 3.2, NULL, 'g/dL'::text, CURRENT_TIMESTAMP, 'final');

-- Patient: Ruth Berry
INSERT INTO patients (
    id, medical_record_number, first_name, last_name, date_of_birth, gender, email, phone,
    weight, height, smoking_status, cvd_history, family_history_esrd,
    on_ras_inhibitor, on_sglt2i, nephrotoxic_meds, nephrologist_referral,
    diagnosis_date, last_visit_date, next_visit_date
) VALUES (
    'dc4b976b-29b4-476b-b638-409dbe83d09f', 'MRN165'::text, 'Ruth'::text, 'Berry'::text,
    '1950-11-09', 'female'::text, 'ruth.berry@email.com'::text, '+1-555-0001',
    71.1, 159, 'Former'::text,
    false, false,
    true, false,
    false, true,
    '2022-07-23', '2025-11-03'::text, '2025-11-26'::text
);
INSERT INTO observations (patient_id, observation_type, value_numeric, value_text, unit, observation_date, status)
VALUES ('dc4b976b-29b4-476b-b638-409dbe83d09f', 'eGFR', 24.55, NULL, 'mL/min/1.73m²'::text, CURRENT_TIMESTAMP, 'final');
INSERT INTO observations (patient_id, observation_type, value_numeric, value_text, unit, observation_date, status)
VALUES ('dc4b976b-29b4-476b-b638-409dbe83d09f', 'eGFR_trend', NULL, 'down'::text, NULL, CURRENT_TIMESTAMP, 'final');
INSERT INTO observations (patient_id, observation_type, value_numeric, value_text, unit, observation_date, status)
VALUES ('dc4b976b-29b4-476b-b638-409dbe83d09f', 'eGFR_change_percent', -6.3, NULL, '%'::text, CURRENT_TIMESTAMP, 'final');
INSERT INTO observations (patient_id, observation_type, value_numeric, value_text, unit, observation_date, status)
VALUES ('dc4b976b-29b4-476b-b638-409dbe83d09f', 'serum_creatinine', 3.17, NULL, 'mg/dL'::text, CURRENT_TIMESTAMP, 'final');
INSERT INTO observations (patient_id, observation_type, value_numeric, value_text, unit, observation_date, status)
VALUES ('dc4b976b-29b4-476b-b638-409dbe83d09f', 'BUN', 74, NULL, 'mg/dL'::text, CURRENT_TIMESTAMP, 'final');
INSERT INTO observations (patient_id, observation_type, value_numeric, value_text, unit, observation_date, status)
VALUES ('dc4b976b-29b4-476b-b638-409dbe83d09f', 'uACR', 674.0, NULL, 'mg/g'::text, CURRENT_TIMESTAMP, 'final');
INSERT INTO observations (patient_id, observation_type, value_numeric, value_text, unit, observation_date, status)
VALUES ('dc4b976b-29b4-476b-b638-409dbe83d09f', 'proteinuria_category', NULL, 'A3'::text, NULL, CURRENT_TIMESTAMP, 'final');
INSERT INTO observations (patient_id, observation_type, value_numeric, value_text, unit, observation_date, status)
VALUES ('dc4b976b-29b4-476b-b638-409dbe83d09f', 'blood_pressure_systolic', 163, NULL, 'mmHg'::text, CURRENT_TIMESTAMP, 'final');
INSERT INTO observations (patient_id, observation_type, value_numeric, value_text, unit, observation_date, status)
VALUES ('dc4b976b-29b4-476b-b638-409dbe83d09f', 'blood_pressure_diastolic', 106, NULL, 'mmHg'::text, CURRENT_TIMESTAMP, 'final');
INSERT INTO observations (patient_id, observation_type, value_numeric, value_text, unit, observation_date, status)
VALUES ('dc4b976b-29b4-476b-b638-409dbe83d09f', 'HbA1c', 6.0, NULL, '%'::text, CURRENT_TIMESTAMP, 'final');
INSERT INTO observations (patient_id, observation_type, value_numeric, value_text, unit, observation_date, status)
VALUES ('dc4b976b-29b4-476b-b638-409dbe83d09f', 'LDL_cholesterol', 106, NULL, 'mg/dL'::text, CURRENT_TIMESTAMP, 'final');
INSERT INTO observations (patient_id, observation_type, value_numeric, value_text, unit, observation_date, status)
VALUES ('dc4b976b-29b4-476b-b638-409dbe83d09f', 'HDL_cholesterol', 47, NULL, 'mg/dL'::text, CURRENT_TIMESTAMP, 'final');
INSERT INTO observations (patient_id, observation_type, value_numeric, value_text, unit, observation_date, status)
VALUES ('dc4b976b-29b4-476b-b638-409dbe83d09f', 'BMI', 28.1, NULL, 'kg/m²'::text, CURRENT_TIMESTAMP, 'final');
INSERT INTO observations (patient_id, observation_type, value_numeric, value_text, unit, observation_date, status)
VALUES ('dc4b976b-29b4-476b-b638-409dbe83d09f', 'hemoglobin', 8.8, NULL, 'g/dL'::text, CURRENT_TIMESTAMP, 'final');
INSERT INTO observations (patient_id, observation_type, value_numeric, value_text, unit, observation_date, status)
VALUES ('dc4b976b-29b4-476b-b638-409dbe83d09f', 'potassium', 6.1, NULL, 'mEq/L'::text, CURRENT_TIMESTAMP, 'final');
INSERT INTO observations (patient_id, observation_type, value_numeric, value_text, unit, observation_date, status)
VALUES ('dc4b976b-29b4-476b-b638-409dbe83d09f', 'calcium', 9.6, NULL, 'mg/dL'::text, CURRENT_TIMESTAMP, 'final');
INSERT INTO observations (patient_id, observation_type, value_numeric, value_text, unit, observation_date, status)
VALUES ('dc4b976b-29b4-476b-b638-409dbe83d09f', 'phosphorus', 6.6, NULL, 'mg/dL'::text, CURRENT_TIMESTAMP, 'final');
INSERT INTO observations (patient_id, observation_type, value_numeric, value_text, unit, observation_date, status)
VALUES ('dc4b976b-29b4-476b-b638-409dbe83d09f', 'albumin', 3.0, NULL, 'g/dL'::text, CURRENT_TIMESTAMP, 'final');
INSERT INTO conditions (patient_id, condition_code, condition_name, clinical_status, onset_date, recorded_date, severity)
VALUES ('dc4b976b-29b4-476b-b638-409dbe83d09f', 'N18.4', 'Chronic Kidney Disease, Stage 4', 'active', '2022-07-23', CURRENT_TIMESTAMP, 'severe');

-- Patient: Catherine Arnold
INSERT INTO patients (
    id, medical_record_number, first_name, last_name, date_of_birth, gender, email, phone,
    weight, height, smoking_status, cvd_history, family_history_esrd,
    on_ras_inhibitor, on_sglt2i, nephrotoxic_meds, nephrologist_referral,
    diagnosis_date, last_visit_date, next_visit_date
) VALUES (
    '41b8f7db-a17a-48ee-bcf3-7e5175330c6b', 'MRN166'::text, 'Catherine'::text, 'Arnold'::text,
    '1961-11-09', 'female'::text, 'catherine.arnold@email.com'::text, '+1-555-0001',
    58.5, 169, 'Current'::text,
    false, false,
    false, false,
    false, true,
    '2021-11-09', '2025-11-01'::text, '2025-12-03'::text
);
INSERT INTO observations (patient_id, observation_type, value_numeric, value_text, unit, observation_date, status)
VALUES ('41b8f7db-a17a-48ee-bcf3-7e5175330c6b', 'eGFR', 23.14, NULL, 'mL/min/1.73m²'::text, CURRENT_TIMESTAMP, 'final');
INSERT INTO observations (patient_id, observation_type, value_numeric, value_text, unit, observation_date, status)
VALUES ('41b8f7db-a17a-48ee-bcf3-7e5175330c6b', 'eGFR_trend', NULL, 'stable'::text, NULL, CURRENT_TIMESTAMP, 'final');
INSERT INTO observations (patient_id, observation_type, value_numeric, value_text, unit, observation_date, status)
VALUES ('41b8f7db-a17a-48ee-bcf3-7e5175330c6b', 'eGFR_change_percent', -16.2, NULL, '%'::text, CURRENT_TIMESTAMP, 'final');
INSERT INTO observations (patient_id, observation_type, value_numeric, value_text, unit, observation_date, status)
VALUES ('41b8f7db-a17a-48ee-bcf3-7e5175330c6b', 'serum_creatinine', 2.4, NULL, 'mg/dL'::text, CURRENT_TIMESTAMP, 'final');
INSERT INTO observations (patient_id, observation_type, value_numeric, value_text, unit, observation_date, status)
VALUES ('41b8f7db-a17a-48ee-bcf3-7e5175330c6b', 'BUN', 28, NULL, 'mg/dL'::text, CURRENT_TIMESTAMP, 'final');
INSERT INTO observations (patient_id, observation_type, value_numeric, value_text, unit, observation_date, status)
VALUES ('41b8f7db-a17a-48ee-bcf3-7e5175330c6b', 'uACR', 293.98, NULL, 'mg/g'::text, CURRENT_TIMESTAMP, 'final');
INSERT INTO observations (patient_id, observation_type, value_numeric, value_text, unit, observation_date, status)
VALUES ('41b8f7db-a17a-48ee-bcf3-7e5175330c6b', 'proteinuria_category', NULL, 'A3'::text, NULL, CURRENT_TIMESTAMP, 'final');
INSERT INTO observations (patient_id, observation_type, value_numeric, value_text, unit, observation_date, status)
VALUES ('41b8f7db-a17a-48ee-bcf3-7e5175330c6b', 'blood_pressure_systolic', 180, NULL, 'mmHg'::text, CURRENT_TIMESTAMP, 'final');
INSERT INTO observations (patient_id, observation_type, value_numeric, value_text, unit, observation_date, status)
VALUES ('41b8f7db-a17a-48ee-bcf3-7e5175330c6b', 'blood_pressure_diastolic', 105, NULL, 'mmHg'::text, CURRENT_TIMESTAMP, 'final');
INSERT INTO observations (patient_id, observation_type, value_numeric, value_text, unit, observation_date, status)
VALUES ('41b8f7db-a17a-48ee-bcf3-7e5175330c6b', 'HbA1c', 5.1, NULL, '%'::text, CURRENT_TIMESTAMP, 'final');
INSERT INTO observations (patient_id, observation_type, value_numeric, value_text, unit, observation_date, status)
VALUES ('41b8f7db-a17a-48ee-bcf3-7e5175330c6b', 'LDL_cholesterol', 114, NULL, 'mg/dL'::text, CURRENT_TIMESTAMP, 'final');
INSERT INTO observations (patient_id, observation_type, value_numeric, value_text, unit, observation_date, status)
VALUES ('41b8f7db-a17a-48ee-bcf3-7e5175330c6b', 'HDL_cholesterol', 63, NULL, 'mg/dL'::text, CURRENT_TIMESTAMP, 'final');
INSERT INTO observations (patient_id, observation_type, value_numeric, value_text, unit, observation_date, status)
VALUES ('41b8f7db-a17a-48ee-bcf3-7e5175330c6b', 'BMI', 20.5, NULL, 'kg/m²'::text, CURRENT_TIMESTAMP, 'final');
INSERT INTO observations (patient_id, observation_type, value_numeric, value_text, unit, observation_date, status)
VALUES ('41b8f7db-a17a-48ee-bcf3-7e5175330c6b', 'hemoglobin', 8.1, NULL, 'g/dL'::text, CURRENT_TIMESTAMP, 'final');
INSERT INTO observations (patient_id, observation_type, value_numeric, value_text, unit, observation_date, status)
VALUES ('41b8f7db-a17a-48ee-bcf3-7e5175330c6b', 'potassium', 4.9, NULL, 'mEq/L'::text, CURRENT_TIMESTAMP, 'final');
INSERT INTO observations (patient_id, observation_type, value_numeric, value_text, unit, observation_date, status)
VALUES ('41b8f7db-a17a-48ee-bcf3-7e5175330c6b', 'calcium', 8.6, NULL, 'mg/dL'::text, CURRENT_TIMESTAMP, 'final');
INSERT INTO observations (patient_id, observation_type, value_numeric, value_text, unit, observation_date, status)
VALUES ('41b8f7db-a17a-48ee-bcf3-7e5175330c6b', 'phosphorus', 5.7, NULL, 'mg/dL'::text, CURRENT_TIMESTAMP, 'final');
INSERT INTO observations (patient_id, observation_type, value_numeric, value_text, unit, observation_date, status)
VALUES ('41b8f7db-a17a-48ee-bcf3-7e5175330c6b', 'albumin', 3.4, NULL, 'g/dL'::text, CURRENT_TIMESTAMP, 'final');
INSERT INTO conditions (patient_id, condition_code, condition_name, clinical_status, onset_date, recorded_date, severity)
VALUES ('41b8f7db-a17a-48ee-bcf3-7e5175330c6b', 'I10', 'Essential Hypertension', 'active', '2021-11-09', CURRENT_TIMESTAMP, 'moderate');
INSERT INTO conditions (patient_id, condition_code, condition_name, clinical_status, onset_date, recorded_date, severity)
VALUES ('41b8f7db-a17a-48ee-bcf3-7e5175330c6b', 'N18.4', 'Chronic Kidney Disease, Stage 4', 'active', '2021-11-09', CURRENT_TIMESTAMP, 'severe');

-- Patient: Olivia Powell
INSERT INTO patients (
    id, medical_record_number, first_name, last_name, date_of_birth, gender, email, phone,
    weight, height, smoking_status, cvd_history, family_history_esrd,
    on_ras_inhibitor, on_sglt2i, nephrotoxic_meds, nephrologist_referral,
    diagnosis_date, last_visit_date, next_visit_date
) VALUES (
    '51ee105a-f472-40b2-a9fc-df922d0b7989', 'MRN167'::text, 'Olivia'::text, 'Powell'::text,
    '1962-11-09', 'female'::text, 'olivia.powell@email.com'::text, '+1-555-0001',
    109.9, 174, 'Former'::text,
    false, false,
    true, false,
    true, true,
    '2019-05-11', '2025-10-28'::text, '2025-12-02'::text
);
INSERT INTO observations (patient_id, observation_type, value_numeric, value_text, unit, observation_date, status)
VALUES ('51ee105a-f472-40b2-a9fc-df922d0b7989', 'eGFR', 18.62, NULL, 'mL/min/1.73m²'::text, CURRENT_TIMESTAMP, 'final');
INSERT INTO observations (patient_id, observation_type, value_numeric, value_text, unit, observation_date, status)
VALUES ('51ee105a-f472-40b2-a9fc-df922d0b7989', 'eGFR_trend', NULL, 'down'::text, NULL, CURRENT_TIMESTAMP, 'final');
INSERT INTO observations (patient_id, observation_type, value_numeric, value_text, unit, observation_date, status)
VALUES ('51ee105a-f472-40b2-a9fc-df922d0b7989', 'eGFR_change_percent', -13.9, NULL, '%'::text, CURRENT_TIMESTAMP, 'final');
INSERT INTO observations (patient_id, observation_type, value_numeric, value_text, unit, observation_date, status)
VALUES ('51ee105a-f472-40b2-a9fc-df922d0b7989', 'serum_creatinine', 3.22, NULL, 'mg/dL'::text, CURRENT_TIMESTAMP, 'final');
INSERT INTO observations (patient_id, observation_type, value_numeric, value_text, unit, observation_date, status)
VALUES ('51ee105a-f472-40b2-a9fc-df922d0b7989', 'BUN', 61, NULL, 'mg/dL'::text, CURRENT_TIMESTAMP, 'final');
INSERT INTO observations (patient_id, observation_type, value_numeric, value_text, unit, observation_date, status)
VALUES ('51ee105a-f472-40b2-a9fc-df922d0b7989', 'uACR', 689.06, NULL, 'mg/g'::text, CURRENT_TIMESTAMP, 'final');
INSERT INTO observations (patient_id, observation_type, value_numeric, value_text, unit, observation_date, status)
VALUES ('51ee105a-f472-40b2-a9fc-df922d0b7989', 'proteinuria_category', NULL, 'A3'::text, NULL, CURRENT_TIMESTAMP, 'final');
INSERT INTO observations (patient_id, observation_type, value_numeric, value_text, unit, observation_date, status)
VALUES ('51ee105a-f472-40b2-a9fc-df922d0b7989', 'blood_pressure_systolic', 179, NULL, 'mmHg'::text, CURRENT_TIMESTAMP, 'final');
INSERT INTO observations (patient_id, observation_type, value_numeric, value_text, unit, observation_date, status)
VALUES ('51ee105a-f472-40b2-a9fc-df922d0b7989', 'blood_pressure_diastolic', 90, NULL, 'mmHg'::text, CURRENT_TIMESTAMP, 'final');
INSERT INTO observations (patient_id, observation_type, value_numeric, value_text, unit, observation_date, status)
VALUES ('51ee105a-f472-40b2-a9fc-df922d0b7989', 'HbA1c', 5.7, NULL, '%'::text, CURRENT_TIMESTAMP, 'final');
INSERT INTO observations (patient_id, observation_type, value_numeric, value_text, unit, observation_date, status)
VALUES ('51ee105a-f472-40b2-a9fc-df922d0b7989', 'LDL_cholesterol', 159, NULL, 'mg/dL'::text, CURRENT_TIMESTAMP, 'final');
INSERT INTO observations (patient_id, observation_type, value_numeric, value_text, unit, observation_date, status)
VALUES ('51ee105a-f472-40b2-a9fc-df922d0b7989', 'HDL_cholesterol', 65, NULL, 'mg/dL'::text, CURRENT_TIMESTAMP, 'final');
INSERT INTO observations (patient_id, observation_type, value_numeric, value_text, unit, observation_date, status)
VALUES ('51ee105a-f472-40b2-a9fc-df922d0b7989', 'BMI', 36.3, NULL, 'kg/m²'::text, CURRENT_TIMESTAMP, 'final');
INSERT INTO observations (patient_id, observation_type, value_numeric, value_text, unit, observation_date, status)
VALUES ('51ee105a-f472-40b2-a9fc-df922d0b7989', 'hemoglobin', 9.0, NULL, 'g/dL'::text, CURRENT_TIMESTAMP, 'final');
INSERT INTO observations (patient_id, observation_type, value_numeric, value_text, unit, observation_date, status)
VALUES ('51ee105a-f472-40b2-a9fc-df922d0b7989', 'potassium', 6.0, NULL, 'mEq/L'::text, CURRENT_TIMESTAMP, 'final');
INSERT INTO observations (patient_id, observation_type, value_numeric, value_text, unit, observation_date, status)
VALUES ('51ee105a-f472-40b2-a9fc-df922d0b7989', 'calcium', 8.5, NULL, 'mg/dL'::text, CURRENT_TIMESTAMP, 'final');
INSERT INTO observations (patient_id, observation_type, value_numeric, value_text, unit, observation_date, status)
VALUES ('51ee105a-f472-40b2-a9fc-df922d0b7989', 'phosphorus', 5.1, NULL, 'mg/dL'::text, CURRENT_TIMESTAMP, 'final');
INSERT INTO observations (patient_id, observation_type, value_numeric, value_text, unit, observation_date, status)
VALUES ('51ee105a-f472-40b2-a9fc-df922d0b7989', 'albumin', 2.4, NULL, 'g/dL'::text, CURRENT_TIMESTAMP, 'final');
INSERT INTO conditions (patient_id, condition_code, condition_name, clinical_status, onset_date, recorded_date, severity)
VALUES ('51ee105a-f472-40b2-a9fc-df922d0b7989', 'N18.4', 'Chronic Kidney Disease, Stage 4', 'active', '2019-05-11', CURRENT_TIMESTAMP, 'severe');

-- Patient: Sean Richardson
INSERT INTO patients (
    id, medical_record_number, first_name, last_name, date_of_birth, gender, email, phone,
    weight, height, smoking_status, cvd_history, family_history_esrd,
    on_ras_inhibitor, on_sglt2i, nephrotoxic_meds, nephrologist_referral,
    diagnosis_date, last_visit_date, next_visit_date
) VALUES (
    '8817bc7e-1f5c-4ee4-903f-fa406e7a73e7', 'MRN168'::text, 'Sean'::text, 'Richardson'::text,
    '1983-11-09', 'male'::text, 'sean.richardson@email.com'::text, '+1-555-0001',
    84.2, 172, 'Former'::text,
    false, true,
    true, false,
    false, false,
    '2024-02-28', '2025-10-27'::text, '2026-03-20'::text
);
INSERT INTO observations (patient_id, observation_type, value_numeric, value_text, unit, observation_date, status)
VALUES ('8817bc7e-1f5c-4ee4-903f-fa406e7a73e7', 'eGFR', 94.2, NULL, 'mL/min/1.73m²'::text, CURRENT_TIMESTAMP, 'final');
INSERT INTO observations (patient_id, observation_type, value_numeric, value_text, unit, observation_date, status)
VALUES ('8817bc7e-1f5c-4ee4-903f-fa406e7a73e7', 'eGFR_trend', NULL, 'up'::text, NULL, CURRENT_TIMESTAMP, 'final');
INSERT INTO observations (patient_id, observation_type, value_numeric, value_text, unit, observation_date, status)
VALUES ('8817bc7e-1f5c-4ee4-903f-fa406e7a73e7', 'eGFR_change_percent', 3.9, NULL, '%'::text, CURRENT_TIMESTAMP, 'final');
INSERT INTO observations (patient_id, observation_type, value_numeric, value_text, unit, observation_date, status)
VALUES ('8817bc7e-1f5c-4ee4-903f-fa406e7a73e7', 'serum_creatinine', 0.83, NULL, 'mg/dL'::text, CURRENT_TIMESTAMP, 'final');
INSERT INTO observations (patient_id, observation_type, value_numeric, value_text, unit, observation_date, status)
VALUES ('8817bc7e-1f5c-4ee4-903f-fa406e7a73e7', 'BUN', 68, NULL, 'mg/dL'::text, CURRENT_TIMESTAMP, 'final');
INSERT INTO observations (patient_id, observation_type, value_numeric, value_text, unit, observation_date, status)
VALUES ('8817bc7e-1f5c-4ee4-903f-fa406e7a73e7', 'uACR', 22.79, NULL, 'mg/g'::text, CURRENT_TIMESTAMP, 'final');
INSERT INTO observations (patient_id, observation_type, value_numeric, value_text, unit, observation_date, status)
VALUES ('8817bc7e-1f5c-4ee4-903f-fa406e7a73e7', 'proteinuria_category', NULL, 'A1'::text, NULL, CURRENT_TIMESTAMP, 'final');
INSERT INTO observations (patient_id, observation_type, value_numeric, value_text, unit, observation_date, status)
VALUES ('8817bc7e-1f5c-4ee4-903f-fa406e7a73e7', 'blood_pressure_systolic', 113, NULL, 'mmHg'::text, CURRENT_TIMESTAMP, 'final');
INSERT INTO observations (patient_id, observation_type, value_numeric, value_text, unit, observation_date, status)
VALUES ('8817bc7e-1f5c-4ee4-903f-fa406e7a73e7', 'blood_pressure_diastolic', 80, NULL, 'mmHg'::text, CURRENT_TIMESTAMP, 'final');
INSERT INTO observations (patient_id, observation_type, value_numeric, value_text, unit, observation_date, status)
VALUES ('8817bc7e-1f5c-4ee4-903f-fa406e7a73e7', 'HbA1c', 5.5, NULL, '%'::text, CURRENT_TIMESTAMP, 'final');
INSERT INTO observations (patient_id, observation_type, value_numeric, value_text, unit, observation_date, status)
VALUES ('8817bc7e-1f5c-4ee4-903f-fa406e7a73e7', 'LDL_cholesterol', 92, NULL, 'mg/dL'::text, CURRENT_TIMESTAMP, 'final');
INSERT INTO observations (patient_id, observation_type, value_numeric, value_text, unit, observation_date, status)
VALUES ('8817bc7e-1f5c-4ee4-903f-fa406e7a73e7', 'HDL_cholesterol', 30, NULL, 'mg/dL'::text, CURRENT_TIMESTAMP, 'final');
INSERT INTO observations (patient_id, observation_type, value_numeric, value_text, unit, observation_date, status)
VALUES ('8817bc7e-1f5c-4ee4-903f-fa406e7a73e7', 'BMI', 28.5, NULL, 'kg/m²'::text, CURRENT_TIMESTAMP, 'final');
INSERT INTO observations (patient_id, observation_type, value_numeric, value_text, unit, observation_date, status)
VALUES ('8817bc7e-1f5c-4ee4-903f-fa406e7a73e7', 'hemoglobin', 14.8, NULL, 'g/dL'::text, CURRENT_TIMESTAMP, 'final');
INSERT INTO observations (patient_id, observation_type, value_numeric, value_text, unit, observation_date, status)
VALUES ('8817bc7e-1f5c-4ee4-903f-fa406e7a73e7', 'potassium', 4.9, NULL, 'mEq/L'::text, CURRENT_TIMESTAMP, 'final');
INSERT INTO observations (patient_id, observation_type, value_numeric, value_text, unit, observation_date, status)
VALUES ('8817bc7e-1f5c-4ee4-903f-fa406e7a73e7', 'calcium', 8.6, NULL, 'mg/dL'::text, CURRENT_TIMESTAMP, 'final');
INSERT INTO observations (patient_id, observation_type, value_numeric, value_text, unit, observation_date, status)
VALUES ('8817bc7e-1f5c-4ee4-903f-fa406e7a73e7', 'phosphorus', 3.5, NULL, 'mg/dL'::text, CURRENT_TIMESTAMP, 'final');
INSERT INTO observations (patient_id, observation_type, value_numeric, value_text, unit, observation_date, status)
VALUES ('8817bc7e-1f5c-4ee4-903f-fa406e7a73e7', 'albumin', 3.3, NULL, 'g/dL'::text, CURRENT_TIMESTAMP, 'final');
INSERT INTO conditions (patient_id, condition_code, condition_name, clinical_status, onset_date, recorded_date, severity)
VALUES ('8817bc7e-1f5c-4ee4-903f-fa406e7a73e7', 'N18.1', 'Chronic Kidney Disease, Stage 1', 'active', '2024-02-28', CURRENT_TIMESTAMP, 'mild');

-- Patient: Peter Sullivan
INSERT INTO patients (
    id, medical_record_number, first_name, last_name, date_of_birth, gender, email, phone,
    weight, height, smoking_status, cvd_history, family_history_esrd,
    on_ras_inhibitor, on_sglt2i, nephrotoxic_meds, nephrologist_referral,
    diagnosis_date, last_visit_date, next_visit_date
) VALUES (
    '23a22aaf-dd57-47c8-8639-adc6ce00ca5c', 'MRN169'::text, 'Peter'::text, 'Sullivan'::text,
    '1975-11-09', 'male'::text, 'peter.sullivan@email.com'::text, '+1-555-0001',
    88.9, 167, 'Current'::text,
    false, true,
    false, false,
    false, false,
    NULL, '2025-10-27'::text, '2026-05-04'::text
);
INSERT INTO observations (patient_id, observation_type, value_numeric, value_text, unit, observation_date, status)
VALUES ('23a22aaf-dd57-47c8-8639-adc6ce00ca5c', 'eGFR', 116.87, NULL, 'mL/min/1.73m²'::text, CURRENT_TIMESTAMP, 'final');
INSERT INTO observations (patient_id, observation_type, value_numeric, value_text, unit, observation_date, status)
VALUES ('23a22aaf-dd57-47c8-8639-adc6ce00ca5c', 'eGFR_trend', NULL, 'up'::text, NULL, CURRENT_TIMESTAMP, 'final');
INSERT INTO observations (patient_id, observation_type, value_numeric, value_text, unit, observation_date, status)
VALUES ('23a22aaf-dd57-47c8-8639-adc6ce00ca5c', 'eGFR_change_percent', -1.6, NULL, '%'::text, CURRENT_TIMESTAMP, 'final');
INSERT INTO observations (patient_id, observation_type, value_numeric, value_text, unit, observation_date, status)
VALUES ('23a22aaf-dd57-47c8-8639-adc6ce00ca5c', 'serum_creatinine', 0.98, NULL, 'mg/dL'::text, CURRENT_TIMESTAMP, 'final');
INSERT INTO observations (patient_id, observation_type, value_numeric, value_text, unit, observation_date, status)
VALUES ('23a22aaf-dd57-47c8-8639-adc6ce00ca5c', 'BUN', 59, NULL, 'mg/dL'::text, CURRENT_TIMESTAMP, 'final');
INSERT INTO observations (patient_id, observation_type, value_numeric, value_text, unit, observation_date, status)
VALUES ('23a22aaf-dd57-47c8-8639-adc6ce00ca5c', 'uACR', 30.74, NULL, 'mg/g'::text, CURRENT_TIMESTAMP, 'final');
INSERT INTO observations (patient_id, observation_type, value_numeric, value_text, unit, observation_date, status)
VALUES ('23a22aaf-dd57-47c8-8639-adc6ce00ca5c', 'proteinuria_category', NULL, 'A1'::text, NULL, CURRENT_TIMESTAMP, 'final');
INSERT INTO observations (patient_id, observation_type, value_numeric, value_text, unit, observation_date, status)
VALUES ('23a22aaf-dd57-47c8-8639-adc6ce00ca5c', 'blood_pressure_systolic', 133, NULL, 'mmHg'::text, CURRENT_TIMESTAMP, 'final');
INSERT INTO observations (patient_id, observation_type, value_numeric, value_text, unit, observation_date, status)
VALUES ('23a22aaf-dd57-47c8-8639-adc6ce00ca5c', 'blood_pressure_diastolic', 82, NULL, 'mmHg'::text, CURRENT_TIMESTAMP, 'final');
INSERT INTO observations (patient_id, observation_type, value_numeric, value_text, unit, observation_date, status)
VALUES ('23a22aaf-dd57-47c8-8639-adc6ce00ca5c', 'HbA1c', 5.9, NULL, '%'::text, CURRENT_TIMESTAMP, 'final');
INSERT INTO observations (patient_id, observation_type, value_numeric, value_text, unit, observation_date, status)
VALUES ('23a22aaf-dd57-47c8-8639-adc6ce00ca5c', 'LDL_cholesterol', 154, NULL, 'mg/dL'::text, CURRENT_TIMESTAMP, 'final');
INSERT INTO observations (patient_id, observation_type, value_numeric, value_text, unit, observation_date, status)
VALUES ('23a22aaf-dd57-47c8-8639-adc6ce00ca5c', 'HDL_cholesterol', 43, NULL, 'mg/dL'::text, CURRENT_TIMESTAMP, 'final');
INSERT INTO observations (patient_id, observation_type, value_numeric, value_text, unit, observation_date, status)
VALUES ('23a22aaf-dd57-47c8-8639-adc6ce00ca5c', 'BMI', 31.9, NULL, 'kg/m²'::text, CURRENT_TIMESTAMP, 'final');
INSERT INTO observations (patient_id, observation_type, value_numeric, value_text, unit, observation_date, status)
VALUES ('23a22aaf-dd57-47c8-8639-adc6ce00ca5c', 'hemoglobin', 13.2, NULL, 'g/dL'::text, CURRENT_TIMESTAMP, 'final');
INSERT INTO observations (patient_id, observation_type, value_numeric, value_text, unit, observation_date, status)
VALUES ('23a22aaf-dd57-47c8-8639-adc6ce00ca5c', 'potassium', 4.9, NULL, 'mEq/L'::text, CURRENT_TIMESTAMP, 'final');
INSERT INTO observations (patient_id, observation_type, value_numeric, value_text, unit, observation_date, status)
VALUES ('23a22aaf-dd57-47c8-8639-adc6ce00ca5c', 'calcium', 8.2, NULL, 'mg/dL'::text, CURRENT_TIMESTAMP, 'final');
INSERT INTO observations (patient_id, observation_type, value_numeric, value_text, unit, observation_date, status)
VALUES ('23a22aaf-dd57-47c8-8639-adc6ce00ca5c', 'phosphorus', 3.8, NULL, 'mg/dL'::text, CURRENT_TIMESTAMP, 'final');
INSERT INTO observations (patient_id, observation_type, value_numeric, value_text, unit, observation_date, status)
VALUES ('23a22aaf-dd57-47c8-8639-adc6ce00ca5c', 'albumin', 3.1, NULL, 'g/dL'::text, CURRENT_TIMESTAMP, 'final');

-- Patient: Judith Nichols
INSERT INTO patients (
    id, medical_record_number, first_name, last_name, date_of_birth, gender, email, phone,
    weight, height, smoking_status, cvd_history, family_history_esrd,
    on_ras_inhibitor, on_sglt2i, nephrotoxic_meds, nephrologist_referral,
    diagnosis_date, last_visit_date, next_visit_date
) VALUES (
    '38578ffb-d1f9-486b-b3fa-8ab72028347f', 'MRN170'::text, 'Judith'::text, 'Nichols'::text,
    '1983-11-09', 'female'::text, 'judith.nichols@email.com'::text, '+1-555-0001',
    55.6, 157, 'Never'::text,
    false, false,
    true, false,
    false, false,
    '2024-08-28', '2025-10-27'::text, '2026-04-21'::text
);
INSERT INTO observations (patient_id, observation_type, value_numeric, value_text, unit, observation_date, status)
VALUES ('38578ffb-d1f9-486b-b3fa-8ab72028347f', 'eGFR', 60.35, NULL, 'mL/min/1.73m²'::text, CURRENT_TIMESTAMP, 'final');
INSERT INTO observations (patient_id, observation_type, value_numeric, value_text, unit, observation_date, status)
VALUES ('38578ffb-d1f9-486b-b3fa-8ab72028347f', 'eGFR_trend', NULL, 'stable'::text, NULL, CURRENT_TIMESTAMP, 'final');
INSERT INTO observations (patient_id, observation_type, value_numeric, value_text, unit, observation_date, status)
VALUES ('38578ffb-d1f9-486b-b3fa-8ab72028347f', 'eGFR_change_percent', 2.8, NULL, '%'::text, CURRENT_TIMESTAMP, 'final');
INSERT INTO observations (patient_id, observation_type, value_numeric, value_text, unit, observation_date, status)
VALUES ('38578ffb-d1f9-486b-b3fa-8ab72028347f', 'serum_creatinine', 1.03, NULL, 'mg/dL'::text, CURRENT_TIMESTAMP, 'final');
INSERT INTO observations (patient_id, observation_type, value_numeric, value_text, unit, observation_date, status)
VALUES ('38578ffb-d1f9-486b-b3fa-8ab72028347f', 'BUN', 68, NULL, 'mg/dL'::text, CURRENT_TIMESTAMP, 'final');
INSERT INTO observations (patient_id, observation_type, value_numeric, value_text, unit, observation_date, status)
VALUES ('38578ffb-d1f9-486b-b3fa-8ab72028347f', 'uACR', 113.35, NULL, 'mg/g'::text, CURRENT_TIMESTAMP, 'final');
INSERT INTO observations (patient_id, observation_type, value_numeric, value_text, unit, observation_date, status)
VALUES ('38578ffb-d1f9-486b-b3fa-8ab72028347f', 'proteinuria_category', NULL, 'A2'::text, NULL, CURRENT_TIMESTAMP, 'final');
INSERT INTO observations (patient_id, observation_type, value_numeric, value_text, unit, observation_date, status)
VALUES ('38578ffb-d1f9-486b-b3fa-8ab72028347f', 'blood_pressure_systolic', 137, NULL, 'mmHg'::text, CURRENT_TIMESTAMP, 'final');
INSERT INTO observations (patient_id, observation_type, value_numeric, value_text, unit, observation_date, status)
VALUES ('38578ffb-d1f9-486b-b3fa-8ab72028347f', 'blood_pressure_diastolic', 81, NULL, 'mmHg'::text, CURRENT_TIMESTAMP, 'final');
INSERT INTO observations (patient_id, observation_type, value_numeric, value_text, unit, observation_date, status)
VALUES ('38578ffb-d1f9-486b-b3fa-8ab72028347f', 'HbA1c', 6.0, NULL, '%'::text, CURRENT_TIMESTAMP, 'final');
INSERT INTO observations (patient_id, observation_type, value_numeric, value_text, unit, observation_date, status)
VALUES ('38578ffb-d1f9-486b-b3fa-8ab72028347f', 'LDL_cholesterol', 150, NULL, 'mg/dL'::text, CURRENT_TIMESTAMP, 'final');
INSERT INTO observations (patient_id, observation_type, value_numeric, value_text, unit, observation_date, status)
VALUES ('38578ffb-d1f9-486b-b3fa-8ab72028347f', 'HDL_cholesterol', 37, NULL, 'mg/dL'::text, CURRENT_TIMESTAMP, 'final');
INSERT INTO observations (patient_id, observation_type, value_numeric, value_text, unit, observation_date, status)
VALUES ('38578ffb-d1f9-486b-b3fa-8ab72028347f', 'BMI', 22.6, NULL, 'kg/m²'::text, CURRENT_TIMESTAMP, 'final');
INSERT INTO observations (patient_id, observation_type, value_numeric, value_text, unit, observation_date, status)
VALUES ('38578ffb-d1f9-486b-b3fa-8ab72028347f', 'hemoglobin', 14.1, NULL, 'g/dL'::text, CURRENT_TIMESTAMP, 'final');
INSERT INTO observations (patient_id, observation_type, value_numeric, value_text, unit, observation_date, status)
VALUES ('38578ffb-d1f9-486b-b3fa-8ab72028347f', 'potassium', 3.9, NULL, 'mEq/L'::text, CURRENT_TIMESTAMP, 'final');
INSERT INTO observations (patient_id, observation_type, value_numeric, value_text, unit, observation_date, status)
VALUES ('38578ffb-d1f9-486b-b3fa-8ab72028347f', 'calcium', 9.0, NULL, 'mg/dL'::text, CURRENT_TIMESTAMP, 'final');
INSERT INTO observations (patient_id, observation_type, value_numeric, value_text, unit, observation_date, status)
VALUES ('38578ffb-d1f9-486b-b3fa-8ab72028347f', 'phosphorus', 4.0, NULL, 'mg/dL'::text, CURRENT_TIMESTAMP, 'final');
INSERT INTO observations (patient_id, observation_type, value_numeric, value_text, unit, observation_date, status)
VALUES ('38578ffb-d1f9-486b-b3fa-8ab72028347f', 'albumin', 2.4, NULL, 'g/dL'::text, CURRENT_TIMESTAMP, 'final');
INSERT INTO conditions (patient_id, condition_code, condition_name, clinical_status, onset_date, recorded_date, severity)
VALUES ('38578ffb-d1f9-486b-b3fa-8ab72028347f', 'I10', 'Essential Hypertension', 'active', '2024-08-28', CURRENT_TIMESTAMP, 'moderate');
INSERT INTO conditions (patient_id, condition_code, condition_name, clinical_status, onset_date, recorded_date, severity)
VALUES ('38578ffb-d1f9-486b-b3fa-8ab72028347f', 'N18.2', 'Chronic Kidney Disease, Stage 2', 'active', '2024-08-28', CURRENT_TIMESTAMP, 'mild');

-- Patient: Kathleen Rivera
INSERT INTO patients (
    id, medical_record_number, first_name, last_name, date_of_birth, gender, email, phone,
    weight, height, smoking_status, cvd_history, family_history_esrd,
    on_ras_inhibitor, on_sglt2i, nephrotoxic_meds, nephrologist_referral,
    diagnosis_date, last_visit_date, next_visit_date
) VALUES (
    'b2c0a1c0-38ea-483c-8389-b0923e19f8d7', 'MRN171'::text, 'Kathleen'::text, 'Rivera'::text,
    '1971-11-09', 'female'::text, 'kathleen.rivera@email.com'::text, '+1-555-0001',
    108.9, 157, 'Former'::text,
    false, false,
    false, false,
    false, false,
    NULL, '2025-10-30'::text, '2026-04-16'::text
);
INSERT INTO observations (patient_id, observation_type, value_numeric, value_text, unit, observation_date, status)
VALUES ('b2c0a1c0-38ea-483c-8389-b0923e19f8d7', 'eGFR', 118.07, NULL, 'mL/min/1.73m²'::text, CURRENT_TIMESTAMP, 'final');
INSERT INTO observations (patient_id, observation_type, value_numeric, value_text, unit, observation_date, status)
VALUES ('b2c0a1c0-38ea-483c-8389-b0923e19f8d7', 'eGFR_trend', NULL, 'down'::text, NULL, CURRENT_TIMESTAMP, 'final');
INSERT INTO observations (patient_id, observation_type, value_numeric, value_text, unit, observation_date, status)
VALUES ('b2c0a1c0-38ea-483c-8389-b0923e19f8d7', 'eGFR_change_percent', 0.5, NULL, '%'::text, CURRENT_TIMESTAMP, 'final');
INSERT INTO observations (patient_id, observation_type, value_numeric, value_text, unit, observation_date, status)
VALUES ('b2c0a1c0-38ea-483c-8389-b0923e19f8d7', 'serum_creatinine', 0.98, NULL, 'mg/dL'::text, CURRENT_TIMESTAMP, 'final');
INSERT INTO observations (patient_id, observation_type, value_numeric, value_text, unit, observation_date, status)
VALUES ('b2c0a1c0-38ea-483c-8389-b0923e19f8d7', 'BUN', 56, NULL, 'mg/dL'::text, CURRENT_TIMESTAMP, 'final');
INSERT INTO observations (patient_id, observation_type, value_numeric, value_text, unit, observation_date, status)
VALUES ('b2c0a1c0-38ea-483c-8389-b0923e19f8d7', 'uACR', 11.75, NULL, 'mg/g'::text, CURRENT_TIMESTAMP, 'final');
INSERT INTO observations (patient_id, observation_type, value_numeric, value_text, unit, observation_date, status)
VALUES ('b2c0a1c0-38ea-483c-8389-b0923e19f8d7', 'proteinuria_category', NULL, 'A1'::text, NULL, CURRENT_TIMESTAMP, 'final');
INSERT INTO observations (patient_id, observation_type, value_numeric, value_text, unit, observation_date, status)
VALUES ('b2c0a1c0-38ea-483c-8389-b0923e19f8d7', 'blood_pressure_systolic', 126, NULL, 'mmHg'::text, CURRENT_TIMESTAMP, 'final');
INSERT INTO observations (patient_id, observation_type, value_numeric, value_text, unit, observation_date, status)
VALUES ('b2c0a1c0-38ea-483c-8389-b0923e19f8d7', 'blood_pressure_diastolic', 80, NULL, 'mmHg'::text, CURRENT_TIMESTAMP, 'final');
INSERT INTO observations (patient_id, observation_type, value_numeric, value_text, unit, observation_date, status)
VALUES ('b2c0a1c0-38ea-483c-8389-b0923e19f8d7', 'HbA1c', 6.1, NULL, '%'::text, CURRENT_TIMESTAMP, 'final');
INSERT INTO observations (patient_id, observation_type, value_numeric, value_text, unit, observation_date, status)
VALUES ('b2c0a1c0-38ea-483c-8389-b0923e19f8d7', 'LDL_cholesterol', 153, NULL, 'mg/dL'::text, CURRENT_TIMESTAMP, 'final');
INSERT INTO observations (patient_id, observation_type, value_numeric, value_text, unit, observation_date, status)
VALUES ('b2c0a1c0-38ea-483c-8389-b0923e19f8d7', 'HDL_cholesterol', 36, NULL, 'mg/dL'::text, CURRENT_TIMESTAMP, 'final');
INSERT INTO observations (patient_id, observation_type, value_numeric, value_text, unit, observation_date, status)
VALUES ('b2c0a1c0-38ea-483c-8389-b0923e19f8d7', 'BMI', 44.2, NULL, 'kg/m²'::text, CURRENT_TIMESTAMP, 'final');
INSERT INTO observations (patient_id, observation_type, value_numeric, value_text, unit, observation_date, status)
VALUES ('b2c0a1c0-38ea-483c-8389-b0923e19f8d7', 'hemoglobin', 13.9, NULL, 'g/dL'::text, CURRENT_TIMESTAMP, 'final');
INSERT INTO observations (patient_id, observation_type, value_numeric, value_text, unit, observation_date, status)
VALUES ('b2c0a1c0-38ea-483c-8389-b0923e19f8d7', 'potassium', 4.1, NULL, 'mEq/L'::text, CURRENT_TIMESTAMP, 'final');
INSERT INTO observations (patient_id, observation_type, value_numeric, value_text, unit, observation_date, status)
VALUES ('b2c0a1c0-38ea-483c-8389-b0923e19f8d7', 'calcium', 8.6, NULL, 'mg/dL'::text, CURRENT_TIMESTAMP, 'final');
INSERT INTO observations (patient_id, observation_type, value_numeric, value_text, unit, observation_date, status)
VALUES ('b2c0a1c0-38ea-483c-8389-b0923e19f8d7', 'phosphorus', 3.7, NULL, 'mg/dL'::text, CURRENT_TIMESTAMP, 'final');
INSERT INTO observations (patient_id, observation_type, value_numeric, value_text, unit, observation_date, status)
VALUES ('b2c0a1c0-38ea-483c-8389-b0923e19f8d7', 'albumin', 2.6, NULL, 'g/dL'::text, CURRENT_TIMESTAMP, 'final');

-- Patient: Sophie Howard
INSERT INTO patients (
    id, medical_record_number, first_name, last_name, date_of_birth, gender, email, phone,
    weight, height, smoking_status, cvd_history, family_history_esrd,
    on_ras_inhibitor, on_sglt2i, nephrotoxic_meds, nephrologist_referral,
    diagnosis_date, last_visit_date, next_visit_date
) VALUES (
    '3e24ebbe-09e8-4c88-8425-d296ffb4bd41', 'MRN172'::text, 'Sophie'::text, 'Howard'::text,
    '1976-11-09', 'female'::text, 'sophie.howard@email.com'::text, '+1-555-0001',
    86.7, 175, 'Never'::text,
    false, false,
    false, false,
    false, false,
    NULL, '2025-10-22'::text, '2026-04-08'::text
);
INSERT INTO observations (patient_id, observation_type, value_numeric, value_text, unit, observation_date, status)
VALUES ('3e24ebbe-09e8-4c88-8425-d296ffb4bd41', 'eGFR', 114.17, NULL, 'mL/min/1.73m²'::text, CURRENT_TIMESTAMP, 'final');
INSERT INTO observations (patient_id, observation_type, value_numeric, value_text, unit, observation_date, status)
VALUES ('3e24ebbe-09e8-4c88-8425-d296ffb4bd41', 'eGFR_trend', NULL, 'stable'::text, NULL, CURRENT_TIMESTAMP, 'final');
INSERT INTO observations (patient_id, observation_type, value_numeric, value_text, unit, observation_date, status)
VALUES ('3e24ebbe-09e8-4c88-8425-d296ffb4bd41', 'eGFR_change_percent', 1.1, NULL, '%'::text, CURRENT_TIMESTAMP, 'final');
INSERT INTO observations (patient_id, observation_type, value_numeric, value_text, unit, observation_date, status)
VALUES ('3e24ebbe-09e8-4c88-8425-d296ffb4bd41', 'serum_creatinine', 0.76, NULL, 'mg/dL'::text, CURRENT_TIMESTAMP, 'final');
INSERT INTO observations (patient_id, observation_type, value_numeric, value_text, unit, observation_date, status)
VALUES ('3e24ebbe-09e8-4c88-8425-d296ffb4bd41', 'BUN', 31, NULL, 'mg/dL'::text, CURRENT_TIMESTAMP, 'final');
INSERT INTO observations (patient_id, observation_type, value_numeric, value_text, unit, observation_date, status)
VALUES ('3e24ebbe-09e8-4c88-8425-d296ffb4bd41', 'uACR', 34.2, NULL, 'mg/g'::text, CURRENT_TIMESTAMP, 'final');
INSERT INTO observations (patient_id, observation_type, value_numeric, value_text, unit, observation_date, status)
VALUES ('3e24ebbe-09e8-4c88-8425-d296ffb4bd41', 'proteinuria_category', NULL, 'A1'::text, NULL, CURRENT_TIMESTAMP, 'final');
INSERT INTO observations (patient_id, observation_type, value_numeric, value_text, unit, observation_date, status)
VALUES ('3e24ebbe-09e8-4c88-8425-d296ffb4bd41', 'blood_pressure_systolic', 133, NULL, 'mmHg'::text, CURRENT_TIMESTAMP, 'final');
INSERT INTO observations (patient_id, observation_type, value_numeric, value_text, unit, observation_date, status)
VALUES ('3e24ebbe-09e8-4c88-8425-d296ffb4bd41', 'blood_pressure_diastolic', 72, NULL, 'mmHg'::text, CURRENT_TIMESTAMP, 'final');
INSERT INTO observations (patient_id, observation_type, value_numeric, value_text, unit, observation_date, status)
VALUES ('3e24ebbe-09e8-4c88-8425-d296ffb4bd41', 'HbA1c', 6.0, NULL, '%'::text, CURRENT_TIMESTAMP, 'final');
INSERT INTO observations (patient_id, observation_type, value_numeric, value_text, unit, observation_date, status)
VALUES ('3e24ebbe-09e8-4c88-8425-d296ffb4bd41', 'LDL_cholesterol', 112, NULL, 'mg/dL'::text, CURRENT_TIMESTAMP, 'final');
INSERT INTO observations (patient_id, observation_type, value_numeric, value_text, unit, observation_date, status)
VALUES ('3e24ebbe-09e8-4c88-8425-d296ffb4bd41', 'HDL_cholesterol', 53, NULL, 'mg/dL'::text, CURRENT_TIMESTAMP, 'final');
INSERT INTO observations (patient_id, observation_type, value_numeric, value_text, unit, observation_date, status)
VALUES ('3e24ebbe-09e8-4c88-8425-d296ffb4bd41', 'BMI', 28.3, NULL, 'kg/m²'::text, CURRENT_TIMESTAMP, 'final');
INSERT INTO observations (patient_id, observation_type, value_numeric, value_text, unit, observation_date, status)
VALUES ('3e24ebbe-09e8-4c88-8425-d296ffb4bd41', 'hemoglobin', 12.9, NULL, 'g/dL'::text, CURRENT_TIMESTAMP, 'final');
INSERT INTO observations (patient_id, observation_type, value_numeric, value_text, unit, observation_date, status)
VALUES ('3e24ebbe-09e8-4c88-8425-d296ffb4bd41', 'potassium', 4.1, NULL, 'mEq/L'::text, CURRENT_TIMESTAMP, 'final');
INSERT INTO observations (patient_id, observation_type, value_numeric, value_text, unit, observation_date, status)
VALUES ('3e24ebbe-09e8-4c88-8425-d296ffb4bd41', 'calcium', 8.7, NULL, 'mg/dL'::text, CURRENT_TIMESTAMP, 'final');
INSERT INTO observations (patient_id, observation_type, value_numeric, value_text, unit, observation_date, status)
VALUES ('3e24ebbe-09e8-4c88-8425-d296ffb4bd41', 'phosphorus', 3.9, NULL, 'mg/dL'::text, CURRENT_TIMESTAMP, 'final');
INSERT INTO observations (patient_id, observation_type, value_numeric, value_text, unit, observation_date, status)
VALUES ('3e24ebbe-09e8-4c88-8425-d296ffb4bd41', 'albumin', 2.8, NULL, 'g/dL'::text, CURRENT_TIMESTAMP, 'final');

-- Patient: Alexander Price
INSERT INTO patients (
    id, medical_record_number, first_name, last_name, date_of_birth, gender, email, phone,
    weight, height, smoking_status, cvd_history, family_history_esrd,
    on_ras_inhibitor, on_sglt2i, nephrotoxic_meds, nephrologist_referral,
    diagnosis_date, last_visit_date, next_visit_date
) VALUES (
    '08d6ca4d-060e-4d78-8ff9-07d77a82f6d3', 'MRN173'::text, 'Alexander'::text, 'Price'::text,
    '1986-11-09', 'male'::text, 'alexander.price@email.com'::text, '+1-555-0001',
    65.1, 185, 'Current'::text,
    false, false,
    false, false,
    false, false,
    NULL, '2025-10-30'::text, '2026-04-19'::text
);
INSERT INTO observations (patient_id, observation_type, value_numeric, value_text, unit, observation_date, status)
VALUES ('08d6ca4d-060e-4d78-8ff9-07d77a82f6d3', 'eGFR', 94.03, NULL, 'mL/min/1.73m²'::text, CURRENT_TIMESTAMP, 'final');
INSERT INTO observations (patient_id, observation_type, value_numeric, value_text, unit, observation_date, status)
VALUES ('08d6ca4d-060e-4d78-8ff9-07d77a82f6d3', 'eGFR_trend', NULL, 'up'::text, NULL, CURRENT_TIMESTAMP, 'final');
INSERT INTO observations (patient_id, observation_type, value_numeric, value_text, unit, observation_date, status)
VALUES ('08d6ca4d-060e-4d78-8ff9-07d77a82f6d3', 'eGFR_change_percent', -1.6, NULL, '%'::text, CURRENT_TIMESTAMP, 'final');
INSERT INTO observations (patient_id, observation_type, value_numeric, value_text, unit, observation_date, status)
VALUES ('08d6ca4d-060e-4d78-8ff9-07d77a82f6d3', 'serum_creatinine', 0.74, NULL, 'mg/dL'::text, CURRENT_TIMESTAMP, 'final');
INSERT INTO observations (patient_id, observation_type, value_numeric, value_text, unit, observation_date, status)
VALUES ('08d6ca4d-060e-4d78-8ff9-07d77a82f6d3', 'BUN', 88, NULL, 'mg/dL'::text, CURRENT_TIMESTAMP, 'final');
INSERT INTO observations (patient_id, observation_type, value_numeric, value_text, unit, observation_date, status)
VALUES ('08d6ca4d-060e-4d78-8ff9-07d77a82f6d3', 'uACR', 24.39, NULL, 'mg/g'::text, CURRENT_TIMESTAMP, 'final');
INSERT INTO observations (patient_id, observation_type, value_numeric, value_text, unit, observation_date, status)
VALUES ('08d6ca4d-060e-4d78-8ff9-07d77a82f6d3', 'proteinuria_category', NULL, 'A1'::text, NULL, CURRENT_TIMESTAMP, 'final');
INSERT INTO observations (patient_id, observation_type, value_numeric, value_text, unit, observation_date, status)
VALUES ('08d6ca4d-060e-4d78-8ff9-07d77a82f6d3', 'blood_pressure_systolic', 123, NULL, 'mmHg'::text, CURRENT_TIMESTAMP, 'final');
INSERT INTO observations (patient_id, observation_type, value_numeric, value_text, unit, observation_date, status)
VALUES ('08d6ca4d-060e-4d78-8ff9-07d77a82f6d3', 'blood_pressure_diastolic', 76, NULL, 'mmHg'::text, CURRENT_TIMESTAMP, 'final');
INSERT INTO observations (patient_id, observation_type, value_numeric, value_text, unit, observation_date, status)
VALUES ('08d6ca4d-060e-4d78-8ff9-07d77a82f6d3', 'HbA1c', 5.7, NULL, '%'::text, CURRENT_TIMESTAMP, 'final');
INSERT INTO observations (patient_id, observation_type, value_numeric, value_text, unit, observation_date, status)
VALUES ('08d6ca4d-060e-4d78-8ff9-07d77a82f6d3', 'LDL_cholesterol', 174, NULL, 'mg/dL'::text, CURRENT_TIMESTAMP, 'final');
INSERT INTO observations (patient_id, observation_type, value_numeric, value_text, unit, observation_date, status)
VALUES ('08d6ca4d-060e-4d78-8ff9-07d77a82f6d3', 'HDL_cholesterol', 28, NULL, 'mg/dL'::text, CURRENT_TIMESTAMP, 'final');
INSERT INTO observations (patient_id, observation_type, value_numeric, value_text, unit, observation_date, status)
VALUES ('08d6ca4d-060e-4d78-8ff9-07d77a82f6d3', 'BMI', 19.0, NULL, 'kg/m²'::text, CURRENT_TIMESTAMP, 'final');
INSERT INTO observations (patient_id, observation_type, value_numeric, value_text, unit, observation_date, status)
VALUES ('08d6ca4d-060e-4d78-8ff9-07d77a82f6d3', 'hemoglobin', 14.5, NULL, 'g/dL'::text, CURRENT_TIMESTAMP, 'final');
INSERT INTO observations (patient_id, observation_type, value_numeric, value_text, unit, observation_date, status)
VALUES ('08d6ca4d-060e-4d78-8ff9-07d77a82f6d3', 'potassium', 4.3, NULL, 'mEq/L'::text, CURRENT_TIMESTAMP, 'final');
INSERT INTO observations (patient_id, observation_type, value_numeric, value_text, unit, observation_date, status)
VALUES ('08d6ca4d-060e-4d78-8ff9-07d77a82f6d3', 'calcium', 8.0, NULL, 'mg/dL'::text, CURRENT_TIMESTAMP, 'final');
INSERT INTO observations (patient_id, observation_type, value_numeric, value_text, unit, observation_date, status)
VALUES ('08d6ca4d-060e-4d78-8ff9-07d77a82f6d3', 'phosphorus', 3.5, NULL, 'mg/dL'::text, CURRENT_TIMESTAMP, 'final');
INSERT INTO observations (patient_id, observation_type, value_numeric, value_text, unit, observation_date, status)
VALUES ('08d6ca4d-060e-4d78-8ff9-07d77a82f6d3', 'albumin', 3.1, NULL, 'g/dL'::text, CURRENT_TIMESTAMP, 'final');

-- Patient: Ralph Kelley
INSERT INTO patients (
    id, medical_record_number, first_name, last_name, date_of_birth, gender, email, phone,
    weight, height, smoking_status, cvd_history, family_history_esrd,
    on_ras_inhibitor, on_sglt2i, nephrotoxic_meds, nephrologist_referral,
    diagnosis_date, last_visit_date, next_visit_date
) VALUES (
    'c40ee1fc-1cfa-480a-b4e9-c9903a1b8095', 'MRN174'::text, 'Ralph'::text, 'Kelley'::text,
    '1967-11-09', 'male'::text, 'ralph.kelley@email.com'::text, '+1-555-0001',
    90.3, 178, 'Never'::text,
    false, false,
    true, true,
    true, false,
    '2021-05-11', '2025-10-16'::text, '2026-01-17'::text
);
INSERT INTO observations (patient_id, observation_type, value_numeric, value_text, unit, observation_date, status)
VALUES ('c40ee1fc-1cfa-480a-b4e9-c9903a1b8095', 'eGFR', 36.04, NULL, 'mL/min/1.73m²'::text, CURRENT_TIMESTAMP, 'final');
INSERT INTO observations (patient_id, observation_type, value_numeric, value_text, unit, observation_date, status)
VALUES ('c40ee1fc-1cfa-480a-b4e9-c9903a1b8095', 'eGFR_trend', NULL, 'down'::text, NULL, CURRENT_TIMESTAMP, 'final');
INSERT INTO observations (patient_id, observation_type, value_numeric, value_text, unit, observation_date, status)
VALUES ('c40ee1fc-1cfa-480a-b4e9-c9903a1b8095', 'eGFR_change_percent', -3.6, NULL, '%'::text, CURRENT_TIMESTAMP, 'final');
INSERT INTO observations (patient_id, observation_type, value_numeric, value_text, unit, observation_date, status)
VALUES ('c40ee1fc-1cfa-480a-b4e9-c9903a1b8095', 'serum_creatinine', 1.54, NULL, 'mg/dL'::text, CURRENT_TIMESTAMP, 'final');
INSERT INTO observations (patient_id, observation_type, value_numeric, value_text, unit, observation_date, status)
VALUES ('c40ee1fc-1cfa-480a-b4e9-c9903a1b8095', 'BUN', 145, NULL, 'mg/dL'::text, CURRENT_TIMESTAMP, 'final');
INSERT INTO observations (patient_id, observation_type, value_numeric, value_text, unit, observation_date, status)
VALUES ('c40ee1fc-1cfa-480a-b4e9-c9903a1b8095', 'uACR', 186.96, NULL, 'mg/g'::text, CURRENT_TIMESTAMP, 'final');
INSERT INTO observations (patient_id, observation_type, value_numeric, value_text, unit, observation_date, status)
VALUES ('c40ee1fc-1cfa-480a-b4e9-c9903a1b8095', 'proteinuria_category', NULL, 'A2'::text, NULL, CURRENT_TIMESTAMP, 'final');
INSERT INTO observations (patient_id, observation_type, value_numeric, value_text, unit, observation_date, status)
VALUES ('c40ee1fc-1cfa-480a-b4e9-c9903a1b8095', 'blood_pressure_systolic', 146, NULL, 'mmHg'::text, CURRENT_TIMESTAMP, 'final');
INSERT INTO observations (patient_id, observation_type, value_numeric, value_text, unit, observation_date, status)
VALUES ('c40ee1fc-1cfa-480a-b4e9-c9903a1b8095', 'blood_pressure_diastolic', 88, NULL, 'mmHg'::text, CURRENT_TIMESTAMP, 'final');
INSERT INTO observations (patient_id, observation_type, value_numeric, value_text, unit, observation_date, status)
VALUES ('c40ee1fc-1cfa-480a-b4e9-c9903a1b8095', 'HbA1c', 6.6, NULL, '%'::text, CURRENT_TIMESTAMP, 'final');
INSERT INTO observations (patient_id, observation_type, value_numeric, value_text, unit, observation_date, status)
VALUES ('c40ee1fc-1cfa-480a-b4e9-c9903a1b8095', 'LDL_cholesterol', 148, NULL, 'mg/dL'::text, CURRENT_TIMESTAMP, 'final');
INSERT INTO observations (patient_id, observation_type, value_numeric, value_text, unit, observation_date, status)
VALUES ('c40ee1fc-1cfa-480a-b4e9-c9903a1b8095', 'HDL_cholesterol', 34, NULL, 'mg/dL'::text, CURRENT_TIMESTAMP, 'final');
INSERT INTO observations (patient_id, observation_type, value_numeric, value_text, unit, observation_date, status)
VALUES ('c40ee1fc-1cfa-480a-b4e9-c9903a1b8095', 'BMI', 28.5, NULL, 'kg/m²'::text, CURRENT_TIMESTAMP, 'final');
INSERT INTO observations (patient_id, observation_type, value_numeric, value_text, unit, observation_date, status)
VALUES ('c40ee1fc-1cfa-480a-b4e9-c9903a1b8095', 'hemoglobin', 10.9, NULL, 'g/dL'::text, CURRENT_TIMESTAMP, 'final');
INSERT INTO observations (patient_id, observation_type, value_numeric, value_text, unit, observation_date, status)
VALUES ('c40ee1fc-1cfa-480a-b4e9-c9903a1b8095', 'potassium', 4.3, NULL, 'mEq/L'::text, CURRENT_TIMESTAMP, 'final');
INSERT INTO observations (patient_id, observation_type, value_numeric, value_text, unit, observation_date, status)
VALUES ('c40ee1fc-1cfa-480a-b4e9-c9903a1b8095', 'calcium', 9.5, NULL, 'mg/dL'::text, CURRENT_TIMESTAMP, 'final');
INSERT INTO observations (patient_id, observation_type, value_numeric, value_text, unit, observation_date, status)
VALUES ('c40ee1fc-1cfa-480a-b4e9-c9903a1b8095', 'phosphorus', 4.1, NULL, 'mg/dL'::text, CURRENT_TIMESTAMP, 'final');
INSERT INTO observations (patient_id, observation_type, value_numeric, value_text, unit, observation_date, status)
VALUES ('c40ee1fc-1cfa-480a-b4e9-c9903a1b8095', 'albumin', 3.8, NULL, 'g/dL'::text, CURRENT_TIMESTAMP, 'final');
INSERT INTO conditions (patient_id, condition_code, condition_name, clinical_status, onset_date, recorded_date, severity)
VALUES ('c40ee1fc-1cfa-480a-b4e9-c9903a1b8095', 'E11.9', 'Type 2 Diabetes Mellitus', 'active', '2021-05-11', CURRENT_TIMESTAMP, 'moderate');
INSERT INTO conditions (patient_id, condition_code, condition_name, clinical_status, onset_date, recorded_date, severity)
VALUES ('c40ee1fc-1cfa-480a-b4e9-c9903a1b8095', 'I10', 'Essential Hypertension', 'active', '2021-05-11', CURRENT_TIMESTAMP, 'moderate');
INSERT INTO conditions (patient_id, condition_code, condition_name, clinical_status, onset_date, recorded_date, severity)
VALUES ('c40ee1fc-1cfa-480a-b4e9-c9903a1b8095', 'N18.3', 'Chronic Kidney Disease, Stage 3', 'active', '2021-05-11', CURRENT_TIMESTAMP, 'moderate');

-- Patient: Terry Reynolds
INSERT INTO patients (
    id, medical_record_number, first_name, last_name, date_of_birth, gender, email, phone,
    weight, height, smoking_status, cvd_history, family_history_esrd,
    on_ras_inhibitor, on_sglt2i, nephrotoxic_meds, nephrologist_referral,
    diagnosis_date, last_visit_date, next_visit_date
) VALUES (
    '38c513fb-2234-4b29-9de3-731394a9d835', 'MRN175'::text, 'Terry'::text, 'Reynolds'::text,
    '1975-11-09', 'male'::text, 'terry.reynolds@email.com'::text, '+1-555-0001',
    113.0, 175, 'Never'::text,
    false, false,
    true, true,
    false, false,
    '2024-05-11', '2025-11-01'::text, '2026-05-05'::text
);
INSERT INTO observations (patient_id, observation_type, value_numeric, value_text, unit, observation_date, status)
VALUES ('38c513fb-2234-4b29-9de3-731394a9d835', 'eGFR', 79.05, NULL, 'mL/min/1.73m²'::text, CURRENT_TIMESTAMP, 'final');
INSERT INTO observations (patient_id, observation_type, value_numeric, value_text, unit, observation_date, status)
VALUES ('38c513fb-2234-4b29-9de3-731394a9d835', 'eGFR_trend', NULL, 'down'::text, NULL, CURRENT_TIMESTAMP, 'final');
INSERT INTO observations (patient_id, observation_type, value_numeric, value_text, unit, observation_date, status)
VALUES ('38c513fb-2234-4b29-9de3-731394a9d835', 'eGFR_change_percent', 0.3, NULL, '%'::text, CURRENT_TIMESTAMP, 'final');
INSERT INTO observations (patient_id, observation_type, value_numeric, value_text, unit, observation_date, status)
VALUES ('38c513fb-2234-4b29-9de3-731394a9d835', 'serum_creatinine', 0.96, NULL, 'mg/dL'::text, CURRENT_TIMESTAMP, 'final');
INSERT INTO observations (patient_id, observation_type, value_numeric, value_text, unit, observation_date, status)
VALUES ('38c513fb-2234-4b29-9de3-731394a9d835', 'BUN', 66, NULL, 'mg/dL'::text, CURRENT_TIMESTAMP, 'final');
INSERT INTO observations (patient_id, observation_type, value_numeric, value_text, unit, observation_date, status)
VALUES ('38c513fb-2234-4b29-9de3-731394a9d835', 'uACR', 117.95, NULL, 'mg/g'::text, CURRENT_TIMESTAMP, 'final');
INSERT INTO observations (patient_id, observation_type, value_numeric, value_text, unit, observation_date, status)
VALUES ('38c513fb-2234-4b29-9de3-731394a9d835', 'proteinuria_category', NULL, 'A1'::text, NULL, CURRENT_TIMESTAMP, 'final');
INSERT INTO observations (patient_id, observation_type, value_numeric, value_text, unit, observation_date, status)
VALUES ('38c513fb-2234-4b29-9de3-731394a9d835', 'blood_pressure_systolic', 125, NULL, 'mmHg'::text, CURRENT_TIMESTAMP, 'final');
INSERT INTO observations (patient_id, observation_type, value_numeric, value_text, unit, observation_date, status)
VALUES ('38c513fb-2234-4b29-9de3-731394a9d835', 'blood_pressure_diastolic', 89, NULL, 'mmHg'::text, CURRENT_TIMESTAMP, 'final');
INSERT INTO observations (patient_id, observation_type, value_numeric, value_text, unit, observation_date, status)
VALUES ('38c513fb-2234-4b29-9de3-731394a9d835', 'HbA1c', 8.2, NULL, '%'::text, CURRENT_TIMESTAMP, 'final');
INSERT INTO observations (patient_id, observation_type, value_numeric, value_text, unit, observation_date, status)
VALUES ('38c513fb-2234-4b29-9de3-731394a9d835', 'LDL_cholesterol', 135, NULL, 'mg/dL'::text, CURRENT_TIMESTAMP, 'final');
INSERT INTO observations (patient_id, observation_type, value_numeric, value_text, unit, observation_date, status)
VALUES ('38c513fb-2234-4b29-9de3-731394a9d835', 'HDL_cholesterol', 61, NULL, 'mg/dL'::text, CURRENT_TIMESTAMP, 'final');
INSERT INTO observations (patient_id, observation_type, value_numeric, value_text, unit, observation_date, status)
VALUES ('38c513fb-2234-4b29-9de3-731394a9d835', 'BMI', 36.9, NULL, 'kg/m²'::text, CURRENT_TIMESTAMP, 'final');
INSERT INTO observations (patient_id, observation_type, value_numeric, value_text, unit, observation_date, status)
VALUES ('38c513fb-2234-4b29-9de3-731394a9d835', 'hemoglobin', 13.4, NULL, 'g/dL'::text, CURRENT_TIMESTAMP, 'final');
INSERT INTO observations (patient_id, observation_type, value_numeric, value_text, unit, observation_date, status)
VALUES ('38c513fb-2234-4b29-9de3-731394a9d835', 'potassium', 4.6, NULL, 'mEq/L'::text, CURRENT_TIMESTAMP, 'final');
INSERT INTO observations (patient_id, observation_type, value_numeric, value_text, unit, observation_date, status)
VALUES ('38c513fb-2234-4b29-9de3-731394a9d835', 'calcium', 8.7, NULL, 'mg/dL'::text, CURRENT_TIMESTAMP, 'final');
INSERT INTO observations (patient_id, observation_type, value_numeric, value_text, unit, observation_date, status)
VALUES ('38c513fb-2234-4b29-9de3-731394a9d835', 'phosphorus', 3.8, NULL, 'mg/dL'::text, CURRENT_TIMESTAMP, 'final');
INSERT INTO observations (patient_id, observation_type, value_numeric, value_text, unit, observation_date, status)
VALUES ('38c513fb-2234-4b29-9de3-731394a9d835', 'albumin', 3.7, NULL, 'g/dL'::text, CURRENT_TIMESTAMP, 'final');
INSERT INTO conditions (patient_id, condition_code, condition_name, clinical_status, onset_date, recorded_date, severity)
VALUES ('38c513fb-2234-4b29-9de3-731394a9d835', 'E11.9', 'Type 2 Diabetes Mellitus', 'active', '2024-05-11', CURRENT_TIMESTAMP, 'moderate');
INSERT INTO conditions (patient_id, condition_code, condition_name, clinical_status, onset_date, recorded_date, severity)
VALUES ('38c513fb-2234-4b29-9de3-731394a9d835', 'I10', 'Essential Hypertension', 'active', '2024-05-11', CURRENT_TIMESTAMP, 'moderate');
INSERT INTO conditions (patient_id, condition_code, condition_name, clinical_status, onset_date, recorded_date, severity)
VALUES ('38c513fb-2234-4b29-9de3-731394a9d835', 'N18.2', 'Chronic Kidney Disease, Stage 2', 'active', '2024-05-11', CURRENT_TIMESTAMP, 'mild');

-- Patient: Debra West
INSERT INTO patients (
    id, medical_record_number, first_name, last_name, date_of_birth, gender, email, phone,
    weight, height, smoking_status, cvd_history, family_history_esrd,
    on_ras_inhibitor, on_sglt2i, nephrotoxic_meds, nephrologist_referral,
    diagnosis_date, last_visit_date, next_visit_date
) VALUES (
    'd2ec9a0f-4382-419e-8179-85e03f58a567', 'MRN176'::text, 'Debra'::text, 'West'::text,
    '1968-11-09', 'female'::text, 'debra.west@email.com'::text, '+1-555-0001',
    63.9, 178, 'Current'::text,
    false, false,
    true, true,
    false, false,
    '2023-05-11', '2025-10-25'::text, '2026-04-15'::text
);
INSERT INTO observations (patient_id, observation_type, value_numeric, value_text, unit, observation_date, status)
VALUES ('d2ec9a0f-4382-419e-8179-85e03f58a567', 'eGFR', 63.68, NULL, 'mL/min/1.73m²'::text, CURRENT_TIMESTAMP, 'final');
INSERT INTO observations (patient_id, observation_type, value_numeric, value_text, unit, observation_date, status)
VALUES ('d2ec9a0f-4382-419e-8179-85e03f58a567', 'eGFR_trend', NULL, 'stable'::text, NULL, CURRENT_TIMESTAMP, 'final');
INSERT INTO observations (patient_id, observation_type, value_numeric, value_text, unit, observation_date, status)
VALUES ('d2ec9a0f-4382-419e-8179-85e03f58a567', 'eGFR_change_percent', 0.9, NULL, '%'::text, CURRENT_TIMESTAMP, 'final');
INSERT INTO observations (patient_id, observation_type, value_numeric, value_text, unit, observation_date, status)
VALUES ('d2ec9a0f-4382-419e-8179-85e03f58a567', 'serum_creatinine', 1.16, NULL, 'mg/dL'::text, CURRENT_TIMESTAMP, 'final');
INSERT INTO observations (patient_id, observation_type, value_numeric, value_text, unit, observation_date, status)
VALUES ('d2ec9a0f-4382-419e-8179-85e03f58a567', 'BUN', 85, NULL, 'mg/dL'::text, CURRENT_TIMESTAMP, 'final');
INSERT INTO observations (patient_id, observation_type, value_numeric, value_text, unit, observation_date, status)
VALUES ('d2ec9a0f-4382-419e-8179-85e03f58a567', 'uACR', 137.54, NULL, 'mg/g'::text, CURRENT_TIMESTAMP, 'final');
INSERT INTO observations (patient_id, observation_type, value_numeric, value_text, unit, observation_date, status)
VALUES ('d2ec9a0f-4382-419e-8179-85e03f58a567', 'proteinuria_category', NULL, 'A2'::text, NULL, CURRENT_TIMESTAMP, 'final');
INSERT INTO observations (patient_id, observation_type, value_numeric, value_text, unit, observation_date, status)
VALUES ('d2ec9a0f-4382-419e-8179-85e03f58a567', 'blood_pressure_systolic', 138, NULL, 'mmHg'::text, CURRENT_TIMESTAMP, 'final');
INSERT INTO observations (patient_id, observation_type, value_numeric, value_text, unit, observation_date, status)
VALUES ('d2ec9a0f-4382-419e-8179-85e03f58a567', 'blood_pressure_diastolic', 85, NULL, 'mmHg'::text, CURRENT_TIMESTAMP, 'final');
INSERT INTO observations (patient_id, observation_type, value_numeric, value_text, unit, observation_date, status)
VALUES ('d2ec9a0f-4382-419e-8179-85e03f58a567', 'HbA1c', 9.3, NULL, '%'::text, CURRENT_TIMESTAMP, 'final');
INSERT INTO observations (patient_id, observation_type, value_numeric, value_text, unit, observation_date, status)
VALUES ('d2ec9a0f-4382-419e-8179-85e03f58a567', 'LDL_cholesterol', 163, NULL, 'mg/dL'::text, CURRENT_TIMESTAMP, 'final');
INSERT INTO observations (patient_id, observation_type, value_numeric, value_text, unit, observation_date, status)
VALUES ('d2ec9a0f-4382-419e-8179-85e03f58a567', 'HDL_cholesterol', 53, NULL, 'mg/dL'::text, CURRENT_TIMESTAMP, 'final');
INSERT INTO observations (patient_id, observation_type, value_numeric, value_text, unit, observation_date, status)
VALUES ('d2ec9a0f-4382-419e-8179-85e03f58a567', 'BMI', 20.2, NULL, 'kg/m²'::text, CURRENT_TIMESTAMP, 'final');
INSERT INTO observations (patient_id, observation_type, value_numeric, value_text, unit, observation_date, status)
VALUES ('d2ec9a0f-4382-419e-8179-85e03f58a567', 'hemoglobin', 13.8, NULL, 'g/dL'::text, CURRENT_TIMESTAMP, 'final');
INSERT INTO observations (patient_id, observation_type, value_numeric, value_text, unit, observation_date, status)
VALUES ('d2ec9a0f-4382-419e-8179-85e03f58a567', 'potassium', 5.0, NULL, 'mEq/L'::text, CURRENT_TIMESTAMP, 'final');
INSERT INTO observations (patient_id, observation_type, value_numeric, value_text, unit, observation_date, status)
VALUES ('d2ec9a0f-4382-419e-8179-85e03f58a567', 'calcium', 8.7, NULL, 'mg/dL'::text, CURRENT_TIMESTAMP, 'final');
INSERT INTO observations (patient_id, observation_type, value_numeric, value_text, unit, observation_date, status)
VALUES ('d2ec9a0f-4382-419e-8179-85e03f58a567', 'phosphorus', 3.4, NULL, 'mg/dL'::text, CURRENT_TIMESTAMP, 'final');
INSERT INTO observations (patient_id, observation_type, value_numeric, value_text, unit, observation_date, status)
VALUES ('d2ec9a0f-4382-419e-8179-85e03f58a567', 'albumin', 2.6, NULL, 'g/dL'::text, CURRENT_TIMESTAMP, 'final');
INSERT INTO conditions (patient_id, condition_code, condition_name, clinical_status, onset_date, recorded_date, severity)
VALUES ('d2ec9a0f-4382-419e-8179-85e03f58a567', 'E11.9', 'Type 2 Diabetes Mellitus', 'active', '2023-05-11', CURRENT_TIMESTAMP, 'moderate');
INSERT INTO conditions (patient_id, condition_code, condition_name, clinical_status, onset_date, recorded_date, severity)
VALUES ('d2ec9a0f-4382-419e-8179-85e03f58a567', 'I10', 'Essential Hypertension', 'active', '2023-05-11', CURRENT_TIMESTAMP, 'moderate');
INSERT INTO conditions (patient_id, condition_code, condition_name, clinical_status, onset_date, recorded_date, severity)
VALUES ('d2ec9a0f-4382-419e-8179-85e03f58a567', 'N18.2', 'Chronic Kidney Disease, Stage 2', 'active', '2023-05-11', CURRENT_TIMESTAMP, 'mild');

-- Patient: Alan Bradley
INSERT INTO patients (
    id, medical_record_number, first_name, last_name, date_of_birth, gender, email, phone,
    weight, height, smoking_status, cvd_history, family_history_esrd,
    on_ras_inhibitor, on_sglt2i, nephrotoxic_meds, nephrologist_referral,
    diagnosis_date, last_visit_date, next_visit_date
) VALUES (
    '83435a49-4c10-42ed-9fde-eb067f26a08f', 'MRN177'::text, 'Alan'::text, 'Bradley'::text,
    '1949-11-09', 'male'::text, 'alan.bradley@email.com'::text, '+1-555-0001',
    119.0, 188, 'Current'::text,
    false, false,
    true, false,
    false, true,
    '2017-01-21', '2025-10-22'::text, '2025-12-04'::text
);
INSERT INTO observations (patient_id, observation_type, value_numeric, value_text, unit, observation_date, status)
VALUES ('83435a49-4c10-42ed-9fde-eb067f26a08f', 'eGFR', 12.0, NULL, 'mL/min/1.73m²'::text, CURRENT_TIMESTAMP, 'final');
INSERT INTO observations (patient_id, observation_type, value_numeric, value_text, unit, observation_date, status)
VALUES ('83435a49-4c10-42ed-9fde-eb067f26a08f', 'eGFR_trend', NULL, 'down'::text, NULL, CURRENT_TIMESTAMP, 'final');
INSERT INTO observations (patient_id, observation_type, value_numeric, value_text, unit, observation_date, status)
VALUES ('83435a49-4c10-42ed-9fde-eb067f26a08f', 'eGFR_change_percent', -16.0, NULL, '%'::text, CURRENT_TIMESTAMP, 'final');
INSERT INTO observations (patient_id, observation_type, value_numeric, value_text, unit, observation_date, status)
VALUES ('83435a49-4c10-42ed-9fde-eb067f26a08f', 'serum_creatinine', 4.45, NULL, 'mg/dL'::text, CURRENT_TIMESTAMP, 'final');
INSERT INTO observations (patient_id, observation_type, value_numeric, value_text, unit, observation_date, status)
VALUES ('83435a49-4c10-42ed-9fde-eb067f26a08f', 'BUN', 177, NULL, 'mg/dL'::text, CURRENT_TIMESTAMP, 'final');
INSERT INTO observations (patient_id, observation_type, value_numeric, value_text, unit, observation_date, status)
VALUES ('83435a49-4c10-42ed-9fde-eb067f26a08f', 'uACR', 924.66, NULL, 'mg/g'::text, CURRENT_TIMESTAMP, 'final');
INSERT INTO observations (patient_id, observation_type, value_numeric, value_text, unit, observation_date, status)
VALUES ('83435a49-4c10-42ed-9fde-eb067f26a08f', 'proteinuria_category', NULL, 'A3'::text, NULL, CURRENT_TIMESTAMP, 'final');
INSERT INTO observations (patient_id, observation_type, value_numeric, value_text, unit, observation_date, status)
VALUES ('83435a49-4c10-42ed-9fde-eb067f26a08f', 'blood_pressure_systolic', 180, NULL, 'mmHg'::text, CURRENT_TIMESTAMP, 'final');
INSERT INTO observations (patient_id, observation_type, value_numeric, value_text, unit, observation_date, status)
VALUES ('83435a49-4c10-42ed-9fde-eb067f26a08f', 'blood_pressure_diastolic', 107, NULL, 'mmHg'::text, CURRENT_TIMESTAMP, 'final');
INSERT INTO observations (patient_id, observation_type, value_numeric, value_text, unit, observation_date, status)
VALUES ('83435a49-4c10-42ed-9fde-eb067f26a08f', 'HbA1c', 6.2, NULL, '%'::text, CURRENT_TIMESTAMP, 'final');
INSERT INTO observations (patient_id, observation_type, value_numeric, value_text, unit, observation_date, status)
VALUES ('83435a49-4c10-42ed-9fde-eb067f26a08f', 'LDL_cholesterol', 142, NULL, 'mg/dL'::text, CURRENT_TIMESTAMP, 'final');
INSERT INTO observations (patient_id, observation_type, value_numeric, value_text, unit, observation_date, status)
VALUES ('83435a49-4c10-42ed-9fde-eb067f26a08f', 'HDL_cholesterol', 50, NULL, 'mg/dL'::text, CURRENT_TIMESTAMP, 'final');
INSERT INTO observations (patient_id, observation_type, value_numeric, value_text, unit, observation_date, status)
VALUES ('83435a49-4c10-42ed-9fde-eb067f26a08f', 'BMI', 33.7, NULL, 'kg/m²'::text, CURRENT_TIMESTAMP, 'final');
INSERT INTO observations (patient_id, observation_type, value_numeric, value_text, unit, observation_date, status)
VALUES ('83435a49-4c10-42ed-9fde-eb067f26a08f', 'hemoglobin', 8.5, NULL, 'g/dL'::text, CURRENT_TIMESTAMP, 'final');
INSERT INTO observations (patient_id, observation_type, value_numeric, value_text, unit, observation_date, status)
VALUES ('83435a49-4c10-42ed-9fde-eb067f26a08f', 'potassium', 6.0, NULL, 'mEq/L'::text, CURRENT_TIMESTAMP, 'final');
INSERT INTO observations (patient_id, observation_type, value_numeric, value_text, unit, observation_date, status)
VALUES ('83435a49-4c10-42ed-9fde-eb067f26a08f', 'calcium', 8.2, NULL, 'mg/dL'::text, CURRENT_TIMESTAMP, 'final');
INSERT INTO observations (patient_id, observation_type, value_numeric, value_text, unit, observation_date, status)
VALUES ('83435a49-4c10-42ed-9fde-eb067f26a08f', 'phosphorus', 5.0, NULL, 'mg/dL'::text, CURRENT_TIMESTAMP, 'final');
INSERT INTO observations (patient_id, observation_type, value_numeric, value_text, unit, observation_date, status)
VALUES ('83435a49-4c10-42ed-9fde-eb067f26a08f', 'albumin', 3.2, NULL, 'g/dL'::text, CURRENT_TIMESTAMP, 'final');
INSERT INTO conditions (patient_id, condition_code, condition_name, clinical_status, onset_date, recorded_date, severity)
VALUES ('83435a49-4c10-42ed-9fde-eb067f26a08f', 'N18.5', 'Chronic Kidney Disease, Stage 5', 'active', '2017-01-21', CURRENT_TIMESTAMP, 'severe');

-- Patient: Janet Butler
INSERT INTO patients (
    id, medical_record_number, first_name, last_name, date_of_birth, gender, email, phone,
    weight, height, smoking_status, cvd_history, family_history_esrd,
    on_ras_inhibitor, on_sglt2i, nephrotoxic_meds, nephrologist_referral,
    diagnosis_date, last_visit_date, next_visit_date
) VALUES (
    'fcaae8ad-de3c-4ffd-bb9e-53127a9cb012', 'MRN178'::text, 'Janet'::text, 'Butler'::text,
    '1965-11-09', 'female'::text, 'janet.butler@email.com'::text, '+1-555-0001',
    103.3, 160, 'Former'::text,
    false, false,
    true, true,
    false, true,
    '2024-01-22', '2025-10-19'::text, '2026-01-24'::text
);
INSERT INTO observations (patient_id, observation_type, value_numeric, value_text, unit, observation_date, status)
VALUES ('fcaae8ad-de3c-4ffd-bb9e-53127a9cb012', 'eGFR', 34.97, NULL, 'mL/min/1.73m²'::text, CURRENT_TIMESTAMP, 'final');
INSERT INTO observations (patient_id, observation_type, value_numeric, value_text, unit, observation_date, status)
VALUES ('fcaae8ad-de3c-4ffd-bb9e-53127a9cb012', 'eGFR_trend', NULL, 'down'::text, NULL, CURRENT_TIMESTAMP, 'final');
INSERT INTO observations (patient_id, observation_type, value_numeric, value_text, unit, observation_date, status)
VALUES ('fcaae8ad-de3c-4ffd-bb9e-53127a9cb012', 'eGFR_change_percent', -4.6, NULL, '%'::text, CURRENT_TIMESTAMP, 'final');
INSERT INTO observations (patient_id, observation_type, value_numeric, value_text, unit, observation_date, status)
VALUES ('fcaae8ad-de3c-4ffd-bb9e-53127a9cb012', 'serum_creatinine', 1.72, NULL, 'mg/dL'::text, CURRENT_TIMESTAMP, 'final');
INSERT INTO observations (patient_id, observation_type, value_numeric, value_text, unit, observation_date, status)
VALUES ('fcaae8ad-de3c-4ffd-bb9e-53127a9cb012', 'BUN', 93, NULL, 'mg/dL'::text, CURRENT_TIMESTAMP, 'final');
INSERT INTO observations (patient_id, observation_type, value_numeric, value_text, unit, observation_date, status)
VALUES ('fcaae8ad-de3c-4ffd-bb9e-53127a9cb012', 'uACR', 196.42, NULL, 'mg/g'::text, CURRENT_TIMESTAMP, 'final');
INSERT INTO observations (patient_id, observation_type, value_numeric, value_text, unit, observation_date, status)
VALUES ('fcaae8ad-de3c-4ffd-bb9e-53127a9cb012', 'proteinuria_category', NULL, 'A2'::text, NULL, CURRENT_TIMESTAMP, 'final');
INSERT INTO observations (patient_id, observation_type, value_numeric, value_text, unit, observation_date, status)
VALUES ('fcaae8ad-de3c-4ffd-bb9e-53127a9cb012', 'blood_pressure_systolic', 148, NULL, 'mmHg'::text, CURRENT_TIMESTAMP, 'final');
INSERT INTO observations (patient_id, observation_type, value_numeric, value_text, unit, observation_date, status)
VALUES ('fcaae8ad-de3c-4ffd-bb9e-53127a9cb012', 'blood_pressure_diastolic', 81, NULL, 'mmHg'::text, CURRENT_TIMESTAMP, 'final');
INSERT INTO observations (patient_id, observation_type, value_numeric, value_text, unit, observation_date, status)
VALUES ('fcaae8ad-de3c-4ffd-bb9e-53127a9cb012', 'HbA1c', 7.5, NULL, '%'::text, CURRENT_TIMESTAMP, 'final');
INSERT INTO observations (patient_id, observation_type, value_numeric, value_text, unit, observation_date, status)
VALUES ('fcaae8ad-de3c-4ffd-bb9e-53127a9cb012', 'LDL_cholesterol', 96, NULL, 'mg/dL'::text, CURRENT_TIMESTAMP, 'final');
INSERT INTO observations (patient_id, observation_type, value_numeric, value_text, unit, observation_date, status)
VALUES ('fcaae8ad-de3c-4ffd-bb9e-53127a9cb012', 'HDL_cholesterol', 45, NULL, 'mg/dL'::text, CURRENT_TIMESTAMP, 'final');
INSERT INTO observations (patient_id, observation_type, value_numeric, value_text, unit, observation_date, status)
VALUES ('fcaae8ad-de3c-4ffd-bb9e-53127a9cb012', 'BMI', 40.4, NULL, 'kg/m²'::text, CURRENT_TIMESTAMP, 'final');
INSERT INTO observations (patient_id, observation_type, value_numeric, value_text, unit, observation_date, status)
VALUES ('fcaae8ad-de3c-4ffd-bb9e-53127a9cb012', 'hemoglobin', 10.7, NULL, 'g/dL'::text, CURRENT_TIMESTAMP, 'final');
INSERT INTO observations (patient_id, observation_type, value_numeric, value_text, unit, observation_date, status)
VALUES ('fcaae8ad-de3c-4ffd-bb9e-53127a9cb012', 'potassium', 4.1, NULL, 'mEq/L'::text, CURRENT_TIMESTAMP, 'final');
INSERT INTO observations (patient_id, observation_type, value_numeric, value_text, unit, observation_date, status)
VALUES ('fcaae8ad-de3c-4ffd-bb9e-53127a9cb012', 'calcium', 9.6, NULL, 'mg/dL'::text, CURRENT_TIMESTAMP, 'final');
INSERT INTO observations (patient_id, observation_type, value_numeric, value_text, unit, observation_date, status)
VALUES ('fcaae8ad-de3c-4ffd-bb9e-53127a9cb012', 'phosphorus', 3.9, NULL, 'mg/dL'::text, CURRENT_TIMESTAMP, 'final');
INSERT INTO observations (patient_id, observation_type, value_numeric, value_text, unit, observation_date, status)
VALUES ('fcaae8ad-de3c-4ffd-bb9e-53127a9cb012', 'albumin', 3.8, NULL, 'g/dL'::text, CURRENT_TIMESTAMP, 'final');
INSERT INTO conditions (patient_id, condition_code, condition_name, clinical_status, onset_date, recorded_date, severity)
VALUES ('fcaae8ad-de3c-4ffd-bb9e-53127a9cb012', 'E11.9', 'Type 2 Diabetes Mellitus', 'active', '2024-01-22', CURRENT_TIMESTAMP, 'moderate');
INSERT INTO conditions (patient_id, condition_code, condition_name, clinical_status, onset_date, recorded_date, severity)
VALUES ('fcaae8ad-de3c-4ffd-bb9e-53127a9cb012', 'I10', 'Essential Hypertension', 'active', '2024-01-22', CURRENT_TIMESTAMP, 'moderate');
INSERT INTO conditions (patient_id, condition_code, condition_name, clinical_status, onset_date, recorded_date, severity)
VALUES ('fcaae8ad-de3c-4ffd-bb9e-53127a9cb012', 'N18.3', 'Chronic Kidney Disease, Stage 3', 'active', '2024-01-22', CURRENT_TIMESTAMP, 'moderate');

-- Patient: Hannah Morris
INSERT INTO patients (
    id, medical_record_number, first_name, last_name, date_of_birth, gender, email, phone,
    weight, height, smoking_status, cvd_history, family_history_esrd,
    on_ras_inhibitor, on_sglt2i, nephrotoxic_meds, nephrologist_referral,
    diagnosis_date, last_visit_date, next_visit_date
) VALUES (
    'f67dfc9f-5295-49d5-ae7f-f9c8d8d1f087', 'MRN179'::text, 'Hannah'::text, 'Morris'::text,
    '1971-11-09', 'female'::text, 'hannah.morris@email.com'::text, '+1-555-0001',
    80.5, 160, 'Former'::text,
    false, false,
    true, false,
    false, false,
    '2023-08-29', '2025-10-22'::text, '2026-04-19'::text
);
INSERT INTO observations (patient_id, observation_type, value_numeric, value_text, unit, observation_date, status)
VALUES ('f67dfc9f-5295-49d5-ae7f-f9c8d8d1f087', 'eGFR', 111.69, NULL, 'mL/min/1.73m²'::text, CURRENT_TIMESTAMP, 'final');
INSERT INTO observations (patient_id, observation_type, value_numeric, value_text, unit, observation_date, status)
VALUES ('f67dfc9f-5295-49d5-ae7f-f9c8d8d1f087', 'eGFR_trend', NULL, 'stable'::text, NULL, CURRENT_TIMESTAMP, 'final');
INSERT INTO observations (patient_id, observation_type, value_numeric, value_text, unit, observation_date, status)
VALUES ('f67dfc9f-5295-49d5-ae7f-f9c8d8d1f087', 'eGFR_change_percent', 4.5, NULL, '%'::text, CURRENT_TIMESTAMP, 'final');
INSERT INTO observations (patient_id, observation_type, value_numeric, value_text, unit, observation_date, status)
VALUES ('f67dfc9f-5295-49d5-ae7f-f9c8d8d1f087', 'serum_creatinine', 0.79, NULL, 'mg/dL'::text, CURRENT_TIMESTAMP, 'final');
INSERT INTO observations (patient_id, observation_type, value_numeric, value_text, unit, observation_date, status)
VALUES ('f67dfc9f-5295-49d5-ae7f-f9c8d8d1f087', 'BUN', 65, NULL, 'mg/dL'::text, CURRENT_TIMESTAMP, 'final');
INSERT INTO observations (patient_id, observation_type, value_numeric, value_text, unit, observation_date, status)
VALUES ('f67dfc9f-5295-49d5-ae7f-f9c8d8d1f087', 'uACR', 39.08, NULL, 'mg/g'::text, CURRENT_TIMESTAMP, 'final');
INSERT INTO observations (patient_id, observation_type, value_numeric, value_text, unit, observation_date, status)
VALUES ('f67dfc9f-5295-49d5-ae7f-f9c8d8d1f087', 'proteinuria_category', NULL, 'A1'::text, NULL, CURRENT_TIMESTAMP, 'final');
INSERT INTO observations (patient_id, observation_type, value_numeric, value_text, unit, observation_date, status)
VALUES ('f67dfc9f-5295-49d5-ae7f-f9c8d8d1f087', 'blood_pressure_systolic', 135, NULL, 'mmHg'::text, CURRENT_TIMESTAMP, 'final');
INSERT INTO observations (patient_id, observation_type, value_numeric, value_text, unit, observation_date, status)
VALUES ('f67dfc9f-5295-49d5-ae7f-f9c8d8d1f087', 'blood_pressure_diastolic', 84, NULL, 'mmHg'::text, CURRENT_TIMESTAMP, 'final');
INSERT INTO observations (patient_id, observation_type, value_numeric, value_text, unit, observation_date, status)
VALUES ('f67dfc9f-5295-49d5-ae7f-f9c8d8d1f087', 'HbA1c', 5.7, NULL, '%'::text, CURRENT_TIMESTAMP, 'final');
INSERT INTO observations (patient_id, observation_type, value_numeric, value_text, unit, observation_date, status)
VALUES ('f67dfc9f-5295-49d5-ae7f-f9c8d8d1f087', 'LDL_cholesterol', 98, NULL, 'mg/dL'::text, CURRENT_TIMESTAMP, 'final');
INSERT INTO observations (patient_id, observation_type, value_numeric, value_text, unit, observation_date, status)
VALUES ('f67dfc9f-5295-49d5-ae7f-f9c8d8d1f087', 'HDL_cholesterol', 35, NULL, 'mg/dL'::text, CURRENT_TIMESTAMP, 'final');
INSERT INTO observations (patient_id, observation_type, value_numeric, value_text, unit, observation_date, status)
VALUES ('f67dfc9f-5295-49d5-ae7f-f9c8d8d1f087', 'BMI', 31.4, NULL, 'kg/m²'::text, CURRENT_TIMESTAMP, 'final');
INSERT INTO observations (patient_id, observation_type, value_numeric, value_text, unit, observation_date, status)
VALUES ('f67dfc9f-5295-49d5-ae7f-f9c8d8d1f087', 'hemoglobin', 14.9, NULL, 'g/dL'::text, CURRENT_TIMESTAMP, 'final');
INSERT INTO observations (patient_id, observation_type, value_numeric, value_text, unit, observation_date, status)
VALUES ('f67dfc9f-5295-49d5-ae7f-f9c8d8d1f087', 'potassium', 4.9, NULL, 'mEq/L'::text, CURRENT_TIMESTAMP, 'final');
INSERT INTO observations (patient_id, observation_type, value_numeric, value_text, unit, observation_date, status)
VALUES ('f67dfc9f-5295-49d5-ae7f-f9c8d8d1f087', 'calcium', 9.0, NULL, 'mg/dL'::text, CURRENT_TIMESTAMP, 'final');
INSERT INTO observations (patient_id, observation_type, value_numeric, value_text, unit, observation_date, status)
VALUES ('f67dfc9f-5295-49d5-ae7f-f9c8d8d1f087', 'phosphorus', 3.9, NULL, 'mg/dL'::text, CURRENT_TIMESTAMP, 'final');
INSERT INTO observations (patient_id, observation_type, value_numeric, value_text, unit, observation_date, status)
VALUES ('f67dfc9f-5295-49d5-ae7f-f9c8d8d1f087', 'albumin', 2.7, NULL, 'g/dL'::text, CURRENT_TIMESTAMP, 'final');
INSERT INTO conditions (patient_id, condition_code, condition_name, clinical_status, onset_date, recorded_date, severity)
VALUES ('f67dfc9f-5295-49d5-ae7f-f9c8d8d1f087', 'N18.1', 'Chronic Kidney Disease, Stage 1', 'active', '2023-08-29', CURRENT_TIMESTAMP, 'mild');

-- Patient: Catherine Rose
INSERT INTO patients (
    id, medical_record_number, first_name, last_name, date_of_birth, gender, email, phone,
    weight, height, smoking_status, cvd_history, family_history_esrd,
    on_ras_inhibitor, on_sglt2i, nephrotoxic_meds, nephrologist_referral,
    diagnosis_date, last_visit_date, next_visit_date
) VALUES (
    'ac3e9383-2609-481d-9e6c-3eff04a28d9a', 'MRN180'::text, 'Catherine'::text, 'Rose'::text,
    '1970-11-09', 'female'::text, 'catherine.rose@email.com'::text, '+1-555-0001',
    75.0, 163, 'Former'::text,
    false, true,
    false, false,
    false, false,
    NULL, '2025-10-26'::text, '2026-03-09'::text
);
INSERT INTO observations (patient_id, observation_type, value_numeric, value_text, unit, observation_date, status)
VALUES ('ac3e9383-2609-481d-9e6c-3eff04a28d9a', 'eGFR', 119.52, NULL, 'mL/min/1.73m²'::text, CURRENT_TIMESTAMP, 'final');
INSERT INTO observations (patient_id, observation_type, value_numeric, value_text, unit, observation_date, status)
VALUES ('ac3e9383-2609-481d-9e6c-3eff04a28d9a', 'eGFR_trend', NULL, 'stable'::text, NULL, CURRENT_TIMESTAMP, 'final');
INSERT INTO observations (patient_id, observation_type, value_numeric, value_text, unit, observation_date, status)
VALUES ('ac3e9383-2609-481d-9e6c-3eff04a28d9a', 'eGFR_change_percent', 1.7, NULL, '%'::text, CURRENT_TIMESTAMP, 'final');
INSERT INTO observations (patient_id, observation_type, value_numeric, value_text, unit, observation_date, status)
VALUES ('ac3e9383-2609-481d-9e6c-3eff04a28d9a', 'serum_creatinine', 0.87, NULL, 'mg/dL'::text, CURRENT_TIMESTAMP, 'final');
INSERT INTO observations (patient_id, observation_type, value_numeric, value_text, unit, observation_date, status)
VALUES ('ac3e9383-2609-481d-9e6c-3eff04a28d9a', 'BUN', 20, NULL, 'mg/dL'::text, CURRENT_TIMESTAMP, 'final');
INSERT INTO observations (patient_id, observation_type, value_numeric, value_text, unit, observation_date, status)
VALUES ('ac3e9383-2609-481d-9e6c-3eff04a28d9a', 'uACR', 12.28, NULL, 'mg/g'::text, CURRENT_TIMESTAMP, 'final');
INSERT INTO observations (patient_id, observation_type, value_numeric, value_text, unit, observation_date, status)
VALUES ('ac3e9383-2609-481d-9e6c-3eff04a28d9a', 'proteinuria_category', NULL, 'A1'::text, NULL, CURRENT_TIMESTAMP, 'final');
INSERT INTO observations (patient_id, observation_type, value_numeric, value_text, unit, observation_date, status)
VALUES ('ac3e9383-2609-481d-9e6c-3eff04a28d9a', 'blood_pressure_systolic', 127, NULL, 'mmHg'::text, CURRENT_TIMESTAMP, 'final');
INSERT INTO observations (patient_id, observation_type, value_numeric, value_text, unit, observation_date, status)
VALUES ('ac3e9383-2609-481d-9e6c-3eff04a28d9a', 'blood_pressure_diastolic', 70, NULL, 'mmHg'::text, CURRENT_TIMESTAMP, 'final');
INSERT INTO observations (patient_id, observation_type, value_numeric, value_text, unit, observation_date, status)
VALUES ('ac3e9383-2609-481d-9e6c-3eff04a28d9a', 'HbA1c', 5.5, NULL, '%'::text, CURRENT_TIMESTAMP, 'final');
INSERT INTO observations (patient_id, observation_type, value_numeric, value_text, unit, observation_date, status)
VALUES ('ac3e9383-2609-481d-9e6c-3eff04a28d9a', 'LDL_cholesterol', 94, NULL, 'mg/dL'::text, CURRENT_TIMESTAMP, 'final');
INSERT INTO observations (patient_id, observation_type, value_numeric, value_text, unit, observation_date, status)
VALUES ('ac3e9383-2609-481d-9e6c-3eff04a28d9a', 'HDL_cholesterol', 58, NULL, 'mg/dL'::text, CURRENT_TIMESTAMP, 'final');
INSERT INTO observations (patient_id, observation_type, value_numeric, value_text, unit, observation_date, status)
VALUES ('ac3e9383-2609-481d-9e6c-3eff04a28d9a', 'BMI', 28.2, NULL, 'kg/m²'::text, CURRENT_TIMESTAMP, 'final');
INSERT INTO observations (patient_id, observation_type, value_numeric, value_text, unit, observation_date, status)
VALUES ('ac3e9383-2609-481d-9e6c-3eff04a28d9a', 'hemoglobin', 13.7, NULL, 'g/dL'::text, CURRENT_TIMESTAMP, 'final');
INSERT INTO observations (patient_id, observation_type, value_numeric, value_text, unit, observation_date, status)
VALUES ('ac3e9383-2609-481d-9e6c-3eff04a28d9a', 'potassium', 3.9, NULL, 'mEq/L'::text, CURRENT_TIMESTAMP, 'final');
INSERT INTO observations (patient_id, observation_type, value_numeric, value_text, unit, observation_date, status)
VALUES ('ac3e9383-2609-481d-9e6c-3eff04a28d9a', 'calcium', 9.6, NULL, 'mg/dL'::text, CURRENT_TIMESTAMP, 'final');
INSERT INTO observations (patient_id, observation_type, value_numeric, value_text, unit, observation_date, status)
VALUES ('ac3e9383-2609-481d-9e6c-3eff04a28d9a', 'phosphorus', 3.7, NULL, 'mg/dL'::text, CURRENT_TIMESTAMP, 'final');
INSERT INTO observations (patient_id, observation_type, value_numeric, value_text, unit, observation_date, status)
VALUES ('ac3e9383-2609-481d-9e6c-3eff04a28d9a', 'albumin', 4.2, NULL, 'g/dL'::text, CURRENT_TIMESTAMP, 'final');

-- Patient: Sara Hamilton
INSERT INTO patients (
    id, medical_record_number, first_name, last_name, date_of_birth, gender, email, phone,
    weight, height, smoking_status, cvd_history, family_history_esrd,
    on_ras_inhibitor, on_sglt2i, nephrotoxic_meds, nephrologist_referral,
    diagnosis_date, last_visit_date, next_visit_date
) VALUES (
    '9e84aaa4-102b-4c53-bf6f-1f5954a7cf41', 'MRN181'::text, 'Sara'::text, 'Hamilton'::text,
    '1950-11-09', 'female'::text, 'sara.hamilton@email.com'::text, '+1-555-0001',
    108.8, 159, 'Former'::text,
    true, false,
    true, false,
    true, true,
    '2019-02-27', '2025-10-18'::text, '2025-11-26'::text
);
INSERT INTO observations (patient_id, observation_type, value_numeric, value_text, unit, observation_date, status)
VALUES ('9e84aaa4-102b-4c53-bf6f-1f5954a7cf41', 'eGFR', 25.68, NULL, 'mL/min/1.73m²'::text, CURRENT_TIMESTAMP, 'final');
INSERT INTO observations (patient_id, observation_type, value_numeric, value_text, unit, observation_date, status)
VALUES ('9e84aaa4-102b-4c53-bf6f-1f5954a7cf41', 'eGFR_trend', NULL, 'down'::text, NULL, CURRENT_TIMESTAMP, 'final');
INSERT INTO observations (patient_id, observation_type, value_numeric, value_text, unit, observation_date, status)
VALUES ('9e84aaa4-102b-4c53-bf6f-1f5954a7cf41', 'eGFR_change_percent', -16.2, NULL, '%'::text, CURRENT_TIMESTAMP, 'final');
INSERT INTO observations (patient_id, observation_type, value_numeric, value_text, unit, observation_date, status)
VALUES ('9e84aaa4-102b-4c53-bf6f-1f5954a7cf41', 'serum_creatinine', 3.13, NULL, 'mg/dL'::text, CURRENT_TIMESTAMP, 'final');
INSERT INTO observations (patient_id, observation_type, value_numeric, value_text, unit, observation_date, status)
VALUES ('9e84aaa4-102b-4c53-bf6f-1f5954a7cf41', 'BUN', 120, NULL, 'mg/dL'::text, CURRENT_TIMESTAMP, 'final');
INSERT INTO observations (patient_id, observation_type, value_numeric, value_text, unit, observation_date, status)
VALUES ('9e84aaa4-102b-4c53-bf6f-1f5954a7cf41', 'uACR', 759.63, NULL, 'mg/g'::text, CURRENT_TIMESTAMP, 'final');
INSERT INTO observations (patient_id, observation_type, value_numeric, value_text, unit, observation_date, status)
VALUES ('9e84aaa4-102b-4c53-bf6f-1f5954a7cf41', 'proteinuria_category', NULL, 'A3'::text, NULL, CURRENT_TIMESTAMP, 'final');
INSERT INTO observations (patient_id, observation_type, value_numeric, value_text, unit, observation_date, status)
VALUES ('9e84aaa4-102b-4c53-bf6f-1f5954a7cf41', 'blood_pressure_systolic', 170, NULL, 'mmHg'::text, CURRENT_TIMESTAMP, 'final');
INSERT INTO observations (patient_id, observation_type, value_numeric, value_text, unit, observation_date, status)
VALUES ('9e84aaa4-102b-4c53-bf6f-1f5954a7cf41', 'blood_pressure_diastolic', 105, NULL, 'mmHg'::text, CURRENT_TIMESTAMP, 'final');
INSERT INTO observations (patient_id, observation_type, value_numeric, value_text, unit, observation_date, status)
VALUES ('9e84aaa4-102b-4c53-bf6f-1f5954a7cf41', 'HbA1c', 6.5, NULL, '%'::text, CURRENT_TIMESTAMP, 'final');
INSERT INTO observations (patient_id, observation_type, value_numeric, value_text, unit, observation_date, status)
VALUES ('9e84aaa4-102b-4c53-bf6f-1f5954a7cf41', 'LDL_cholesterol', 143, NULL, 'mg/dL'::text, CURRENT_TIMESTAMP, 'final');
INSERT INTO observations (patient_id, observation_type, value_numeric, value_text, unit, observation_date, status)
VALUES ('9e84aaa4-102b-4c53-bf6f-1f5954a7cf41', 'HDL_cholesterol', 58, NULL, 'mg/dL'::text, CURRENT_TIMESTAMP, 'final');
INSERT INTO observations (patient_id, observation_type, value_numeric, value_text, unit, observation_date, status)
VALUES ('9e84aaa4-102b-4c53-bf6f-1f5954a7cf41', 'BMI', 43.0, NULL, 'kg/m²'::text, CURRENT_TIMESTAMP, 'final');
INSERT INTO observations (patient_id, observation_type, value_numeric, value_text, unit, observation_date, status)
VALUES ('9e84aaa4-102b-4c53-bf6f-1f5954a7cf41', 'hemoglobin', 8.4, NULL, 'g/dL'::text, CURRENT_TIMESTAMP, 'final');
INSERT INTO observations (patient_id, observation_type, value_numeric, value_text, unit, observation_date, status)
VALUES ('9e84aaa4-102b-4c53-bf6f-1f5954a7cf41', 'potassium', 6.7, NULL, 'mEq/L'::text, CURRENT_TIMESTAMP, 'final');
INSERT INTO observations (patient_id, observation_type, value_numeric, value_text, unit, observation_date, status)
VALUES ('9e84aaa4-102b-4c53-bf6f-1f5954a7cf41', 'calcium', 9.5, NULL, 'mg/dL'::text, CURRENT_TIMESTAMP, 'final');
INSERT INTO observations (patient_id, observation_type, value_numeric, value_text, unit, observation_date, status)
VALUES ('9e84aaa4-102b-4c53-bf6f-1f5954a7cf41', 'phosphorus', 7.0, NULL, 'mg/dL'::text, CURRENT_TIMESTAMP, 'final');
INSERT INTO observations (patient_id, observation_type, value_numeric, value_text, unit, observation_date, status)
VALUES ('9e84aaa4-102b-4c53-bf6f-1f5954a7cf41', 'albumin', 3.4, NULL, 'g/dL'::text, CURRENT_TIMESTAMP, 'final');
INSERT INTO conditions (patient_id, condition_code, condition_name, clinical_status, onset_date, recorded_date, severity)
VALUES ('9e84aaa4-102b-4c53-bf6f-1f5954a7cf41', 'E11.9', 'Type 2 Diabetes Mellitus', 'active', '2019-02-27', CURRENT_TIMESTAMP, 'moderate');
INSERT INTO conditions (patient_id, condition_code, condition_name, clinical_status, onset_date, recorded_date, severity)
VALUES ('9e84aaa4-102b-4c53-bf6f-1f5954a7cf41', 'N18.4', 'Chronic Kidney Disease, Stage 4', 'active', '2019-02-27', CURRENT_TIMESTAMP, 'severe');
INSERT INTO conditions (patient_id, condition_code, condition_name, clinical_status, onset_date, recorded_date, severity)
VALUES ('9e84aaa4-102b-4c53-bf6f-1f5954a7cf41', 'I25.10', 'Coronary Artery Disease', 'active', '2019-02-27', CURRENT_TIMESTAMP, 'moderate');

-- Patient: Virginia Armstrong
INSERT INTO patients (
    id, medical_record_number, first_name, last_name, date_of_birth, gender, email, phone,
    weight, height, smoking_status, cvd_history, family_history_esrd,
    on_ras_inhibitor, on_sglt2i, nephrotoxic_meds, nephrologist_referral,
    diagnosis_date, last_visit_date, next_visit_date
) VALUES (
    '1a6fe61d-8fc5-42d5-918b-5cc8e88e208a', 'MRN182'::text, 'Virginia'::text, 'Armstrong'::text,
    '1968-11-09', 'female'::text, 'virginia.armstrong@email.com'::text, '+1-555-0001',
    68.2, 157, 'Never'::text,
    false, false,
    false, false,
    true, false,
    '2023-05-11', '2025-10-20'::text, '2026-01-22'::text
);
INSERT INTO observations (patient_id, observation_type, value_numeric, value_text, unit, observation_date, status)
VALUES ('1a6fe61d-8fc5-42d5-918b-5cc8e88e208a', 'eGFR', 54.31, NULL, 'mL/min/1.73m²'::text, CURRENT_TIMESTAMP, 'final');
INSERT INTO observations (patient_id, observation_type, value_numeric, value_text, unit, observation_date, status)
VALUES ('1a6fe61d-8fc5-42d5-918b-5cc8e88e208a', 'eGFR_trend', NULL, 'down'::text, NULL, CURRENT_TIMESTAMP, 'final');
INSERT INTO observations (patient_id, observation_type, value_numeric, value_text, unit, observation_date, status)
VALUES ('1a6fe61d-8fc5-42d5-918b-5cc8e88e208a', 'eGFR_change_percent', -1.4, NULL, '%'::text, CURRENT_TIMESTAMP, 'final');
INSERT INTO observations (patient_id, observation_type, value_numeric, value_text, unit, observation_date, status)
VALUES ('1a6fe61d-8fc5-42d5-918b-5cc8e88e208a', 'serum_creatinine', 1.58, NULL, 'mg/dL'::text, CURRENT_TIMESTAMP, 'final');
INSERT INTO observations (patient_id, observation_type, value_numeric, value_text, unit, observation_date, status)
VALUES ('1a6fe61d-8fc5-42d5-918b-5cc8e88e208a', 'BUN', 100, NULL, 'mg/dL'::text, CURRENT_TIMESTAMP, 'final');
INSERT INTO observations (patient_id, observation_type, value_numeric, value_text, unit, observation_date, status)
VALUES ('1a6fe61d-8fc5-42d5-918b-5cc8e88e208a', 'uACR', 81.1, NULL, 'mg/g'::text, CURRENT_TIMESTAMP, 'final');
INSERT INTO observations (patient_id, observation_type, value_numeric, value_text, unit, observation_date, status)
VALUES ('1a6fe61d-8fc5-42d5-918b-5cc8e88e208a', 'proteinuria_category', NULL, 'A2'::text, NULL, CURRENT_TIMESTAMP, 'final');
INSERT INTO observations (patient_id, observation_type, value_numeric, value_text, unit, observation_date, status)
VALUES ('1a6fe61d-8fc5-42d5-918b-5cc8e88e208a', 'blood_pressure_systolic', 143, NULL, 'mmHg'::text, CURRENT_TIMESTAMP, 'final');
INSERT INTO observations (patient_id, observation_type, value_numeric, value_text, unit, observation_date, status)
VALUES ('1a6fe61d-8fc5-42d5-918b-5cc8e88e208a', 'blood_pressure_diastolic', 93, NULL, 'mmHg'::text, CURRENT_TIMESTAMP, 'final');
INSERT INTO observations (patient_id, observation_type, value_numeric, value_text, unit, observation_date, status)
VALUES ('1a6fe61d-8fc5-42d5-918b-5cc8e88e208a', 'HbA1c', 5.7, NULL, '%'::text, CURRENT_TIMESTAMP, 'final');
INSERT INTO observations (patient_id, observation_type, value_numeric, value_text, unit, observation_date, status)
VALUES ('1a6fe61d-8fc5-42d5-918b-5cc8e88e208a', 'LDL_cholesterol', 111, NULL, 'mg/dL'::text, CURRENT_TIMESTAMP, 'final');
INSERT INTO observations (patient_id, observation_type, value_numeric, value_text, unit, observation_date, status)
VALUES ('1a6fe61d-8fc5-42d5-918b-5cc8e88e208a', 'HDL_cholesterol', 28, NULL, 'mg/dL'::text, CURRENT_TIMESTAMP, 'final');
INSERT INTO observations (patient_id, observation_type, value_numeric, value_text, unit, observation_date, status)
VALUES ('1a6fe61d-8fc5-42d5-918b-5cc8e88e208a', 'BMI', 27.7, NULL, 'kg/m²'::text, CURRENT_TIMESTAMP, 'final');
INSERT INTO observations (patient_id, observation_type, value_numeric, value_text, unit, observation_date, status)
VALUES ('1a6fe61d-8fc5-42d5-918b-5cc8e88e208a', 'hemoglobin', 11.0, NULL, 'g/dL'::text, CURRENT_TIMESTAMP, 'final');
INSERT INTO observations (patient_id, observation_type, value_numeric, value_text, unit, observation_date, status)
VALUES ('1a6fe61d-8fc5-42d5-918b-5cc8e88e208a', 'potassium', 4.2, NULL, 'mEq/L'::text, CURRENT_TIMESTAMP, 'final');
INSERT INTO observations (patient_id, observation_type, value_numeric, value_text, unit, observation_date, status)
VALUES ('1a6fe61d-8fc5-42d5-918b-5cc8e88e208a', 'calcium', 8.6, NULL, 'mg/dL'::text, CURRENT_TIMESTAMP, 'final');
INSERT INTO observations (patient_id, observation_type, value_numeric, value_text, unit, observation_date, status)
VALUES ('1a6fe61d-8fc5-42d5-918b-5cc8e88e208a', 'phosphorus', 4.7, NULL, 'mg/dL'::text, CURRENT_TIMESTAMP, 'final');
INSERT INTO observations (patient_id, observation_type, value_numeric, value_text, unit, observation_date, status)
VALUES ('1a6fe61d-8fc5-42d5-918b-5cc8e88e208a', 'albumin', 3.8, NULL, 'g/dL'::text, CURRENT_TIMESTAMP, 'final');
INSERT INTO conditions (patient_id, condition_code, condition_name, clinical_status, onset_date, recorded_date, severity)
VALUES ('1a6fe61d-8fc5-42d5-918b-5cc8e88e208a', 'I10', 'Essential Hypertension', 'active', '2023-05-11', CURRENT_TIMESTAMP, 'moderate');
INSERT INTO conditions (patient_id, condition_code, condition_name, clinical_status, onset_date, recorded_date, severity)
VALUES ('1a6fe61d-8fc5-42d5-918b-5cc8e88e208a', 'N18.3', 'Chronic Kidney Disease, Stage 3', 'active', '2023-05-11', CURRENT_TIMESTAMP, 'moderate');

-- Patient: Ruth Sims
INSERT INTO patients (
    id, medical_record_number, first_name, last_name, date_of_birth, gender, email, phone,
    weight, height, smoking_status, cvd_history, family_history_esrd,
    on_ras_inhibitor, on_sglt2i, nephrotoxic_meds, nephrologist_referral,
    diagnosis_date, last_visit_date, next_visit_date
) VALUES (
    '2b40b4e7-f64f-48cb-af90-82e6e7257e34', 'MRN183'::text, 'Ruth'::text, 'Sims'::text,
    '1980-11-09', 'female'::text, 'ruth.sims@email.com'::text, '+1-555-0001',
    101.6, 158, 'Never'::text,
    false, true,
    true, false,
    false, false,
    '2023-11-10', '2025-11-03'::text, '2026-04-03'::text
);
INSERT INTO observations (patient_id, observation_type, value_numeric, value_text, unit, observation_date, status)
VALUES ('2b40b4e7-f64f-48cb-af90-82e6e7257e34', 'eGFR', 66.11, NULL, 'mL/min/1.73m²'::text, CURRENT_TIMESTAMP, 'final');
INSERT INTO observations (patient_id, observation_type, value_numeric, value_text, unit, observation_date, status)
VALUES ('2b40b4e7-f64f-48cb-af90-82e6e7257e34', 'eGFR_trend', NULL, 'stable'::text, NULL, CURRENT_TIMESTAMP, 'final');
INSERT INTO observations (patient_id, observation_type, value_numeric, value_text, unit, observation_date, status)
VALUES ('2b40b4e7-f64f-48cb-af90-82e6e7257e34', 'eGFR_change_percent', -0.5, NULL, '%'::text, CURRENT_TIMESTAMP, 'final');
INSERT INTO observations (patient_id, observation_type, value_numeric, value_text, unit, observation_date, status)
VALUES ('2b40b4e7-f64f-48cb-af90-82e6e7257e34', 'serum_creatinine', 1.07, NULL, 'mg/dL'::text, CURRENT_TIMESTAMP, 'final');
INSERT INTO observations (patient_id, observation_type, value_numeric, value_text, unit, observation_date, status)
VALUES ('2b40b4e7-f64f-48cb-af90-82e6e7257e34', 'BUN', 21, NULL, 'mg/dL'::text, CURRENT_TIMESTAMP, 'final');
INSERT INTO observations (patient_id, observation_type, value_numeric, value_text, unit, observation_date, status)
VALUES ('2b40b4e7-f64f-48cb-af90-82e6e7257e34', 'uACR', 102.42, NULL, 'mg/g'::text, CURRENT_TIMESTAMP, 'final');
INSERT INTO observations (patient_id, observation_type, value_numeric, value_text, unit, observation_date, status)
VALUES ('2b40b4e7-f64f-48cb-af90-82e6e7257e34', 'proteinuria_category', NULL, 'A1'::text, NULL, CURRENT_TIMESTAMP, 'final');
INSERT INTO observations (patient_id, observation_type, value_numeric, value_text, unit, observation_date, status)
VALUES ('2b40b4e7-f64f-48cb-af90-82e6e7257e34', 'blood_pressure_systolic', 141, NULL, 'mmHg'::text, CURRENT_TIMESTAMP, 'final');
INSERT INTO observations (patient_id, observation_type, value_numeric, value_text, unit, observation_date, status)
VALUES ('2b40b4e7-f64f-48cb-af90-82e6e7257e34', 'blood_pressure_diastolic', 89, NULL, 'mmHg'::text, CURRENT_TIMESTAMP, 'final');
INSERT INTO observations (patient_id, observation_type, value_numeric, value_text, unit, observation_date, status)
VALUES ('2b40b4e7-f64f-48cb-af90-82e6e7257e34', 'HbA1c', 5.4, NULL, '%'::text, CURRENT_TIMESTAMP, 'final');
INSERT INTO observations (patient_id, observation_type, value_numeric, value_text, unit, observation_date, status)
VALUES ('2b40b4e7-f64f-48cb-af90-82e6e7257e34', 'LDL_cholesterol', 137, NULL, 'mg/dL'::text, CURRENT_TIMESTAMP, 'final');
INSERT INTO observations (patient_id, observation_type, value_numeric, value_text, unit, observation_date, status)
VALUES ('2b40b4e7-f64f-48cb-af90-82e6e7257e34', 'HDL_cholesterol', 51, NULL, 'mg/dL'::text, CURRENT_TIMESTAMP, 'final');
INSERT INTO observations (patient_id, observation_type, value_numeric, value_text, unit, observation_date, status)
VALUES ('2b40b4e7-f64f-48cb-af90-82e6e7257e34', 'BMI', 40.7, NULL, 'kg/m²'::text, CURRENT_TIMESTAMP, 'final');
INSERT INTO observations (patient_id, observation_type, value_numeric, value_text, unit, observation_date, status)
VALUES ('2b40b4e7-f64f-48cb-af90-82e6e7257e34', 'hemoglobin', 13.3, NULL, 'g/dL'::text, CURRENT_TIMESTAMP, 'final');
INSERT INTO observations (patient_id, observation_type, value_numeric, value_text, unit, observation_date, status)
VALUES ('2b40b4e7-f64f-48cb-af90-82e6e7257e34', 'potassium', 3.9, NULL, 'mEq/L'::text, CURRENT_TIMESTAMP, 'final');
INSERT INTO observations (patient_id, observation_type, value_numeric, value_text, unit, observation_date, status)
VALUES ('2b40b4e7-f64f-48cb-af90-82e6e7257e34', 'calcium', 9.7, NULL, 'mg/dL'::text, CURRENT_TIMESTAMP, 'final');
INSERT INTO observations (patient_id, observation_type, value_numeric, value_text, unit, observation_date, status)
VALUES ('2b40b4e7-f64f-48cb-af90-82e6e7257e34', 'phosphorus', 3.3, NULL, 'mg/dL'::text, CURRENT_TIMESTAMP, 'final');
INSERT INTO observations (patient_id, observation_type, value_numeric, value_text, unit, observation_date, status)
VALUES ('2b40b4e7-f64f-48cb-af90-82e6e7257e34', 'albumin', 3.0, NULL, 'g/dL'::text, CURRENT_TIMESTAMP, 'final');
INSERT INTO conditions (patient_id, condition_code, condition_name, clinical_status, onset_date, recorded_date, severity)
VALUES ('2b40b4e7-f64f-48cb-af90-82e6e7257e34', 'N18.2', 'Chronic Kidney Disease, Stage 2', 'active', '2023-11-10', CURRENT_TIMESTAMP, 'mild');

-- Patient: Samuel Murray
INSERT INTO patients (
    id, medical_record_number, first_name, last_name, date_of_birth, gender, email, phone,
    weight, height, smoking_status, cvd_history, family_history_esrd,
    on_ras_inhibitor, on_sglt2i, nephrotoxic_meds, nephrologist_referral,
    diagnosis_date, last_visit_date, next_visit_date
) VALUES (
    '1374ff70-6108-47ed-b2e2-543ba8ee34f0', 'MRN184'::text, 'Samuel'::text, 'Murray'::text,
    '1963-11-09', 'male'::text, 'samuel.murray@email.com'::text, '+1-555-0001',
    84.2, 173, 'Never'::text,
    false, false,
    true, false,
    false, false,
    '2023-06-17', '2025-10-17'::text, '2026-04-20'::text
);
INSERT INTO observations (patient_id, observation_type, value_numeric, value_text, unit, observation_date, status)
VALUES ('1374ff70-6108-47ed-b2e2-543ba8ee34f0', 'eGFR', 115.76, NULL, 'mL/min/1.73m²'::text, CURRENT_TIMESTAMP, 'final');
INSERT INTO observations (patient_id, observation_type, value_numeric, value_text, unit, observation_date, status)
VALUES ('1374ff70-6108-47ed-b2e2-543ba8ee34f0', 'eGFR_trend', NULL, 'stable'::text, NULL, CURRENT_TIMESTAMP, 'final');
INSERT INTO observations (patient_id, observation_type, value_numeric, value_text, unit, observation_date, status)
VALUES ('1374ff70-6108-47ed-b2e2-543ba8ee34f0', 'eGFR_change_percent', -0.3, NULL, '%'::text, CURRENT_TIMESTAMP, 'final');
INSERT INTO observations (patient_id, observation_type, value_numeric, value_text, unit, observation_date, status)
VALUES ('1374ff70-6108-47ed-b2e2-543ba8ee34f0', 'serum_creatinine', 0.96, NULL, 'mg/dL'::text, CURRENT_TIMESTAMP, 'final');
INSERT INTO observations (patient_id, observation_type, value_numeric, value_text, unit, observation_date, status)
VALUES ('1374ff70-6108-47ed-b2e2-543ba8ee34f0', 'BUN', 126, NULL, 'mg/dL'::text, CURRENT_TIMESTAMP, 'final');
INSERT INTO observations (patient_id, observation_type, value_numeric, value_text, unit, observation_date, status)
VALUES ('1374ff70-6108-47ed-b2e2-543ba8ee34f0', 'uACR', 22.24, NULL, 'mg/g'::text, CURRENT_TIMESTAMP, 'final');
INSERT INTO observations (patient_id, observation_type, value_numeric, value_text, unit, observation_date, status)
VALUES ('1374ff70-6108-47ed-b2e2-543ba8ee34f0', 'proteinuria_category', NULL, 'A1'::text, NULL, CURRENT_TIMESTAMP, 'final');
INSERT INTO observations (patient_id, observation_type, value_numeric, value_text, unit, observation_date, status)
VALUES ('1374ff70-6108-47ed-b2e2-543ba8ee34f0', 'blood_pressure_systolic', 121, NULL, 'mmHg'::text, CURRENT_TIMESTAMP, 'final');
INSERT INTO observations (patient_id, observation_type, value_numeric, value_text, unit, observation_date, status)
VALUES ('1374ff70-6108-47ed-b2e2-543ba8ee34f0', 'blood_pressure_diastolic', 75, NULL, 'mmHg'::text, CURRENT_TIMESTAMP, 'final');
INSERT INTO observations (patient_id, observation_type, value_numeric, value_text, unit, observation_date, status)
VALUES ('1374ff70-6108-47ed-b2e2-543ba8ee34f0', 'HbA1c', 5.5, NULL, '%'::text, CURRENT_TIMESTAMP, 'final');
INSERT INTO observations (patient_id, observation_type, value_numeric, value_text, unit, observation_date, status)
VALUES ('1374ff70-6108-47ed-b2e2-543ba8ee34f0', 'LDL_cholesterol', 143, NULL, 'mg/dL'::text, CURRENT_TIMESTAMP, 'final');
INSERT INTO observations (patient_id, observation_type, value_numeric, value_text, unit, observation_date, status)
VALUES ('1374ff70-6108-47ed-b2e2-543ba8ee34f0', 'HDL_cholesterol', 66, NULL, 'mg/dL'::text, CURRENT_TIMESTAMP, 'final');
INSERT INTO observations (patient_id, observation_type, value_numeric, value_text, unit, observation_date, status)
VALUES ('1374ff70-6108-47ed-b2e2-543ba8ee34f0', 'BMI', 28.1, NULL, 'kg/m²'::text, CURRENT_TIMESTAMP, 'final');
INSERT INTO observations (patient_id, observation_type, value_numeric, value_text, unit, observation_date, status)
VALUES ('1374ff70-6108-47ed-b2e2-543ba8ee34f0', 'hemoglobin', 14.4, NULL, 'g/dL'::text, CURRENT_TIMESTAMP, 'final');
INSERT INTO observations (patient_id, observation_type, value_numeric, value_text, unit, observation_date, status)
VALUES ('1374ff70-6108-47ed-b2e2-543ba8ee34f0', 'potassium', 4.5, NULL, 'mEq/L'::text, CURRENT_TIMESTAMP, 'final');
INSERT INTO observations (patient_id, observation_type, value_numeric, value_text, unit, observation_date, status)
VALUES ('1374ff70-6108-47ed-b2e2-543ba8ee34f0', 'calcium', 8.4, NULL, 'mg/dL'::text, CURRENT_TIMESTAMP, 'final');
INSERT INTO observations (patient_id, observation_type, value_numeric, value_text, unit, observation_date, status)
VALUES ('1374ff70-6108-47ed-b2e2-543ba8ee34f0', 'phosphorus', 3.6, NULL, 'mg/dL'::text, CURRENT_TIMESTAMP, 'final');
INSERT INTO observations (patient_id, observation_type, value_numeric, value_text, unit, observation_date, status)
VALUES ('1374ff70-6108-47ed-b2e2-543ba8ee34f0', 'albumin', 4.2, NULL, 'g/dL'::text, CURRENT_TIMESTAMP, 'final');
INSERT INTO conditions (patient_id, condition_code, condition_name, clinical_status, onset_date, recorded_date, severity)
VALUES ('1374ff70-6108-47ed-b2e2-543ba8ee34f0', 'N18.1', 'Chronic Kidney Disease, Stage 1', 'active', '2023-06-17', CURRENT_TIMESTAMP, 'mild');

-- Patient: Angela Marshall
INSERT INTO patients (
    id, medical_record_number, first_name, last_name, date_of_birth, gender, email, phone,
    weight, height, smoking_status, cvd_history, family_history_esrd,
    on_ras_inhibitor, on_sglt2i, nephrotoxic_meds, nephrologist_referral,
    diagnosis_date, last_visit_date, next_visit_date
) VALUES (
    '7a472219-c7df-4e82-89e7-ef271a95c39d', 'MRN185'::text, 'Angela'::text, 'Marshall'::text,
    '1966-11-09', 'female'::text, 'angela.marshall@email.com'::text, '+1-555-0001',
    79.8, 155, 'Former'::text,
    false, false,
    true, true,
    false, false,
    '2024-02-28', '2025-10-26'::text, '2026-03-28'::text
);
INSERT INTO observations (patient_id, observation_type, value_numeric, value_text, unit, observation_date, status)
VALUES ('7a472219-c7df-4e82-89e7-ef271a95c39d', 'eGFR', 66.75, NULL, 'mL/min/1.73m²'::text, CURRENT_TIMESTAMP, 'final');
INSERT INTO observations (patient_id, observation_type, value_numeric, value_text, unit, observation_date, status)
VALUES ('7a472219-c7df-4e82-89e7-ef271a95c39d', 'eGFR_trend', NULL, 'stable'::text, NULL, CURRENT_TIMESTAMP, 'final');
INSERT INTO observations (patient_id, observation_type, value_numeric, value_text, unit, observation_date, status)
VALUES ('7a472219-c7df-4e82-89e7-ef271a95c39d', 'eGFR_change_percent', -0.5, NULL, '%'::text, CURRENT_TIMESTAMP, 'final');
INSERT INTO observations (patient_id, observation_type, value_numeric, value_text, unit, observation_date, status)
VALUES ('7a472219-c7df-4e82-89e7-ef271a95c39d', 'serum_creatinine', 1.11, NULL, 'mg/dL'::text, CURRENT_TIMESTAMP, 'final');
INSERT INTO observations (patient_id, observation_type, value_numeric, value_text, unit, observation_date, status)
VALUES ('7a472219-c7df-4e82-89e7-ef271a95c39d', 'BUN', 117, NULL, 'mg/dL'::text, CURRENT_TIMESTAMP, 'final');
INSERT INTO observations (patient_id, observation_type, value_numeric, value_text, unit, observation_date, status)
VALUES ('7a472219-c7df-4e82-89e7-ef271a95c39d', 'uACR', 45.83, NULL, 'mg/g'::text, CURRENT_TIMESTAMP, 'final');
INSERT INTO observations (patient_id, observation_type, value_numeric, value_text, unit, observation_date, status)
VALUES ('7a472219-c7df-4e82-89e7-ef271a95c39d', 'proteinuria_category', NULL, 'A2'::text, NULL, CURRENT_TIMESTAMP, 'final');
INSERT INTO observations (patient_id, observation_type, value_numeric, value_text, unit, observation_date, status)
VALUES ('7a472219-c7df-4e82-89e7-ef271a95c39d', 'blood_pressure_systolic', 123, NULL, 'mmHg'::text, CURRENT_TIMESTAMP, 'final');
INSERT INTO observations (patient_id, observation_type, value_numeric, value_text, unit, observation_date, status)
VALUES ('7a472219-c7df-4e82-89e7-ef271a95c39d', 'blood_pressure_diastolic', 88, NULL, 'mmHg'::text, CURRENT_TIMESTAMP, 'final');
INSERT INTO observations (patient_id, observation_type, value_numeric, value_text, unit, observation_date, status)
VALUES ('7a472219-c7df-4e82-89e7-ef271a95c39d', 'HbA1c', 9.5, NULL, '%'::text, CURRENT_TIMESTAMP, 'final');
INSERT INTO observations (patient_id, observation_type, value_numeric, value_text, unit, observation_date, status)
VALUES ('7a472219-c7df-4e82-89e7-ef271a95c39d', 'LDL_cholesterol', 168, NULL, 'mg/dL'::text, CURRENT_TIMESTAMP, 'final');
INSERT INTO observations (patient_id, observation_type, value_numeric, value_text, unit, observation_date, status)
VALUES ('7a472219-c7df-4e82-89e7-ef271a95c39d', 'HDL_cholesterol', 60, NULL, 'mg/dL'::text, CURRENT_TIMESTAMP, 'final');
INSERT INTO observations (patient_id, observation_type, value_numeric, value_text, unit, observation_date, status)
VALUES ('7a472219-c7df-4e82-89e7-ef271a95c39d', 'BMI', 33.2, NULL, 'kg/m²'::text, CURRENT_TIMESTAMP, 'final');
INSERT INTO observations (patient_id, observation_type, value_numeric, value_text, unit, observation_date, status)
VALUES ('7a472219-c7df-4e82-89e7-ef271a95c39d', 'hemoglobin', 13.9, NULL, 'g/dL'::text, CURRENT_TIMESTAMP, 'final');
INSERT INTO observations (patient_id, observation_type, value_numeric, value_text, unit, observation_date, status)
VALUES ('7a472219-c7df-4e82-89e7-ef271a95c39d', 'potassium', 4.3, NULL, 'mEq/L'::text, CURRENT_TIMESTAMP, 'final');
INSERT INTO observations (patient_id, observation_type, value_numeric, value_text, unit, observation_date, status)
VALUES ('7a472219-c7df-4e82-89e7-ef271a95c39d', 'calcium', 9.3, NULL, 'mg/dL'::text, CURRENT_TIMESTAMP, 'final');
INSERT INTO observations (patient_id, observation_type, value_numeric, value_text, unit, observation_date, status)
VALUES ('7a472219-c7df-4e82-89e7-ef271a95c39d', 'phosphorus', 3.6, NULL, 'mg/dL'::text, CURRENT_TIMESTAMP, 'final');
INSERT INTO observations (patient_id, observation_type, value_numeric, value_text, unit, observation_date, status)
VALUES ('7a472219-c7df-4e82-89e7-ef271a95c39d', 'albumin', 3.4, NULL, 'g/dL'::text, CURRENT_TIMESTAMP, 'final');
INSERT INTO conditions (patient_id, condition_code, condition_name, clinical_status, onset_date, recorded_date, severity)
VALUES ('7a472219-c7df-4e82-89e7-ef271a95c39d', 'E11.9', 'Type 2 Diabetes Mellitus', 'active', '2024-02-28', CURRENT_TIMESTAMP, 'moderate');
INSERT INTO conditions (patient_id, condition_code, condition_name, clinical_status, onset_date, recorded_date, severity)
VALUES ('7a472219-c7df-4e82-89e7-ef271a95c39d', 'I10', 'Essential Hypertension', 'active', '2024-02-28', CURRENT_TIMESTAMP, 'moderate');
INSERT INTO conditions (patient_id, condition_code, condition_name, clinical_status, onset_date, recorded_date, severity)
VALUES ('7a472219-c7df-4e82-89e7-ef271a95c39d', 'N18.2', 'Chronic Kidney Disease, Stage 2', 'active', '2024-02-28', CURRENT_TIMESTAMP, 'mild');

-- Patient: Stephanie Robertson
INSERT INTO patients (
    id, medical_record_number, first_name, last_name, date_of_birth, gender, email, phone,
    weight, height, smoking_status, cvd_history, family_history_esrd,
    on_ras_inhibitor, on_sglt2i, nephrotoxic_meds, nephrologist_referral,
    diagnosis_date, last_visit_date, next_visit_date
) VALUES (
    '736958b9-9635-4fcb-85a9-dac87a54aabc', 'MRN186'::text, 'Stephanie'::text, 'Robertson'::text,
    '1959-11-09', 'female'::text, 'stephanie.robertson@email.com'::text, '+1-555-0001',
    65.4, 167, 'Never'::text,
    false, false,
    false, false,
    false, true,
    '2021-11-09', '2025-10-19'::text, '2025-11-29'::text
);
INSERT INTO observations (patient_id, observation_type, value_numeric, value_text, unit, observation_date, status)
VALUES ('736958b9-9635-4fcb-85a9-dac87a54aabc', 'eGFR', 21.15, NULL, 'mL/min/1.73m²'::text, CURRENT_TIMESTAMP, 'final');
INSERT INTO observations (patient_id, observation_type, value_numeric, value_text, unit, observation_date, status)
VALUES ('736958b9-9635-4fcb-85a9-dac87a54aabc', 'eGFR_trend', NULL, 'down'::text, NULL, CURRENT_TIMESTAMP, 'final');
INSERT INTO observations (patient_id, observation_type, value_numeric, value_text, unit, observation_date, status)
VALUES ('736958b9-9635-4fcb-85a9-dac87a54aabc', 'eGFR_change_percent', -5.2, NULL, '%'::text, CURRENT_TIMESTAMP, 'final');
INSERT INTO observations (patient_id, observation_type, value_numeric, value_text, unit, observation_date, status)
VALUES ('736958b9-9635-4fcb-85a9-dac87a54aabc', 'serum_creatinine', 3.17, NULL, 'mg/dL'::text, CURRENT_TIMESTAMP, 'final');
INSERT INTO observations (patient_id, observation_type, value_numeric, value_text, unit, observation_date, status)
VALUES ('736958b9-9635-4fcb-85a9-dac87a54aabc', 'BUN', 212, NULL, 'mg/dL'::text, CURRENT_TIMESTAMP, 'final');
INSERT INTO observations (patient_id, observation_type, value_numeric, value_text, unit, observation_date, status)
VALUES ('736958b9-9635-4fcb-85a9-dac87a54aabc', 'uACR', 714.98, NULL, 'mg/g'::text, CURRENT_TIMESTAMP, 'final');
INSERT INTO observations (patient_id, observation_type, value_numeric, value_text, unit, observation_date, status)
VALUES ('736958b9-9635-4fcb-85a9-dac87a54aabc', 'proteinuria_category', NULL, 'A3'::text, NULL, CURRENT_TIMESTAMP, 'final');
INSERT INTO observations (patient_id, observation_type, value_numeric, value_text, unit, observation_date, status)
VALUES ('736958b9-9635-4fcb-85a9-dac87a54aabc', 'blood_pressure_systolic', 177, NULL, 'mmHg'::text, CURRENT_TIMESTAMP, 'final');
INSERT INTO observations (patient_id, observation_type, value_numeric, value_text, unit, observation_date, status)
VALUES ('736958b9-9635-4fcb-85a9-dac87a54aabc', 'blood_pressure_diastolic', 109, NULL, 'mmHg'::text, CURRENT_TIMESTAMP, 'final');
INSERT INTO observations (patient_id, observation_type, value_numeric, value_text, unit, observation_date, status)
VALUES ('736958b9-9635-4fcb-85a9-dac87a54aabc', 'HbA1c', 5.3, NULL, '%'::text, CURRENT_TIMESTAMP, 'final');
INSERT INTO observations (patient_id, observation_type, value_numeric, value_text, unit, observation_date, status)
VALUES ('736958b9-9635-4fcb-85a9-dac87a54aabc', 'LDL_cholesterol', 131, NULL, 'mg/dL'::text, CURRENT_TIMESTAMP, 'final');
INSERT INTO observations (patient_id, observation_type, value_numeric, value_text, unit, observation_date, status)
VALUES ('736958b9-9635-4fcb-85a9-dac87a54aabc', 'HDL_cholesterol', 37, NULL, 'mg/dL'::text, CURRENT_TIMESTAMP, 'final');
INSERT INTO observations (patient_id, observation_type, value_numeric, value_text, unit, observation_date, status)
VALUES ('736958b9-9635-4fcb-85a9-dac87a54aabc', 'BMI', 23.5, NULL, 'kg/m²'::text, CURRENT_TIMESTAMP, 'final');
INSERT INTO observations (patient_id, observation_type, value_numeric, value_text, unit, observation_date, status)
VALUES ('736958b9-9635-4fcb-85a9-dac87a54aabc', 'hemoglobin', 10.6, NULL, 'g/dL'::text, CURRENT_TIMESTAMP, 'final');
INSERT INTO observations (patient_id, observation_type, value_numeric, value_text, unit, observation_date, status)
VALUES ('736958b9-9635-4fcb-85a9-dac87a54aabc', 'potassium', 6.3, NULL, 'mEq/L'::text, CURRENT_TIMESTAMP, 'final');
INSERT INTO observations (patient_id, observation_type, value_numeric, value_text, unit, observation_date, status)
VALUES ('736958b9-9635-4fcb-85a9-dac87a54aabc', 'calcium', 9.0, NULL, 'mg/dL'::text, CURRENT_TIMESTAMP, 'final');
INSERT INTO observations (patient_id, observation_type, value_numeric, value_text, unit, observation_date, status)
VALUES ('736958b9-9635-4fcb-85a9-dac87a54aabc', 'phosphorus', 6.8, NULL, 'mg/dL'::text, CURRENT_TIMESTAMP, 'final');
INSERT INTO observations (patient_id, observation_type, value_numeric, value_text, unit, observation_date, status)
VALUES ('736958b9-9635-4fcb-85a9-dac87a54aabc', 'albumin', 2.5, NULL, 'g/dL'::text, CURRENT_TIMESTAMP, 'final');
INSERT INTO conditions (patient_id, condition_code, condition_name, clinical_status, onset_date, recorded_date, severity)
VALUES ('736958b9-9635-4fcb-85a9-dac87a54aabc', 'I10', 'Essential Hypertension', 'active', '2021-11-09', CURRENT_TIMESTAMP, 'moderate');
INSERT INTO conditions (patient_id, condition_code, condition_name, clinical_status, onset_date, recorded_date, severity)
VALUES ('736958b9-9635-4fcb-85a9-dac87a54aabc', 'N18.4', 'Chronic Kidney Disease, Stage 4', 'active', '2021-11-09', CURRENT_TIMESTAMP, 'severe');

-- Patient: Maya Russell
INSERT INTO patients (
    id, medical_record_number, first_name, last_name, date_of_birth, gender, email, phone,
    weight, height, smoking_status, cvd_history, family_history_esrd,
    on_ras_inhibitor, on_sglt2i, nephrotoxic_meds, nephrologist_referral,
    diagnosis_date, last_visit_date, next_visit_date
) VALUES (
    '7b766483-7131-4b5b-a684-329ff904c098', 'MRN187'::text, 'Maya'::text, 'Russell'::text,
    '1960-11-09', 'female'::text, 'maya.russell@email.com'::text, '+1-555-0001',
    63.4, 156, 'Former'::text,
    false, false,
    true, false,
    true, false,
    '2024-05-11', '2025-10-19'::text, '2026-01-23'::text
);
INSERT INTO observations (patient_id, observation_type, value_numeric, value_text, unit, observation_date, status)
VALUES ('7b766483-7131-4b5b-a684-329ff904c098', 'eGFR', 58.21, NULL, 'mL/min/1.73m²'::text, CURRENT_TIMESTAMP, 'final');
INSERT INTO observations (patient_id, observation_type, value_numeric, value_text, unit, observation_date, status)
VALUES ('7b766483-7131-4b5b-a684-329ff904c098', 'eGFR_trend', NULL, 'down'::text, NULL, CURRENT_TIMESTAMP, 'final');
INSERT INTO observations (patient_id, observation_type, value_numeric, value_text, unit, observation_date, status)
VALUES ('7b766483-7131-4b5b-a684-329ff904c098', 'eGFR_change_percent', -1.0, NULL, '%'::text, CURRENT_TIMESTAMP, 'final');
INSERT INTO observations (patient_id, observation_type, value_numeric, value_text, unit, observation_date, status)
VALUES ('7b766483-7131-4b5b-a684-329ff904c098', 'serum_creatinine', 1.88, NULL, 'mg/dL'::text, CURRENT_TIMESTAMP, 'final');
INSERT INTO observations (patient_id, observation_type, value_numeric, value_text, unit, observation_date, status)
VALUES ('7b766483-7131-4b5b-a684-329ff904c098', 'BUN', 51, NULL, 'mg/dL'::text, CURRENT_TIMESTAMP, 'final');
INSERT INTO observations (patient_id, observation_type, value_numeric, value_text, unit, observation_date, status)
VALUES ('7b766483-7131-4b5b-a684-329ff904c098', 'uACR', 166.87, NULL, 'mg/g'::text, CURRENT_TIMESTAMP, 'final');
INSERT INTO observations (patient_id, observation_type, value_numeric, value_text, unit, observation_date, status)
VALUES ('7b766483-7131-4b5b-a684-329ff904c098', 'proteinuria_category', NULL, 'A2'::text, NULL, CURRENT_TIMESTAMP, 'final');
INSERT INTO observations (patient_id, observation_type, value_numeric, value_text, unit, observation_date, status)
VALUES ('7b766483-7131-4b5b-a684-329ff904c098', 'blood_pressure_systolic', 145, NULL, 'mmHg'::text, CURRENT_TIMESTAMP, 'final');
INSERT INTO observations (patient_id, observation_type, value_numeric, value_text, unit, observation_date, status)
VALUES ('7b766483-7131-4b5b-a684-329ff904c098', 'blood_pressure_diastolic', 85, NULL, 'mmHg'::text, CURRENT_TIMESTAMP, 'final');
INSERT INTO observations (patient_id, observation_type, value_numeric, value_text, unit, observation_date, status)
VALUES ('7b766483-7131-4b5b-a684-329ff904c098', 'HbA1c', 5.8, NULL, '%'::text, CURRENT_TIMESTAMP, 'final');
INSERT INTO observations (patient_id, observation_type, value_numeric, value_text, unit, observation_date, status)
VALUES ('7b766483-7131-4b5b-a684-329ff904c098', 'LDL_cholesterol', 173, NULL, 'mg/dL'::text, CURRENT_TIMESTAMP, 'final');
INSERT INTO observations (patient_id, observation_type, value_numeric, value_text, unit, observation_date, status)
VALUES ('7b766483-7131-4b5b-a684-329ff904c098', 'HDL_cholesterol', 37, NULL, 'mg/dL'::text, CURRENT_TIMESTAMP, 'final');
INSERT INTO observations (patient_id, observation_type, value_numeric, value_text, unit, observation_date, status)
VALUES ('7b766483-7131-4b5b-a684-329ff904c098', 'BMI', 26.1, NULL, 'kg/m²'::text, CURRENT_TIMESTAMP, 'final');
INSERT INTO observations (patient_id, observation_type, value_numeric, value_text, unit, observation_date, status)
VALUES ('7b766483-7131-4b5b-a684-329ff904c098', 'hemoglobin', 11.0, NULL, 'g/dL'::text, CURRENT_TIMESTAMP, 'final');
INSERT INTO observations (patient_id, observation_type, value_numeric, value_text, unit, observation_date, status)
VALUES ('7b766483-7131-4b5b-a684-329ff904c098', 'potassium', 5.0, NULL, 'mEq/L'::text, CURRENT_TIMESTAMP, 'final');
INSERT INTO observations (patient_id, observation_type, value_numeric, value_text, unit, observation_date, status)
VALUES ('7b766483-7131-4b5b-a684-329ff904c098', 'calcium', 9.4, NULL, 'mg/dL'::text, CURRENT_TIMESTAMP, 'final');
INSERT INTO observations (patient_id, observation_type, value_numeric, value_text, unit, observation_date, status)
VALUES ('7b766483-7131-4b5b-a684-329ff904c098', 'phosphorus', 3.8, NULL, 'mg/dL'::text, CURRENT_TIMESTAMP, 'final');
INSERT INTO observations (patient_id, observation_type, value_numeric, value_text, unit, observation_date, status)
VALUES ('7b766483-7131-4b5b-a684-329ff904c098', 'albumin', 3.1, NULL, 'g/dL'::text, CURRENT_TIMESTAMP, 'final');
INSERT INTO conditions (patient_id, condition_code, condition_name, clinical_status, onset_date, recorded_date, severity)
VALUES ('7b766483-7131-4b5b-a684-329ff904c098', 'I10', 'Essential Hypertension', 'active', '2024-05-11', CURRENT_TIMESTAMP, 'moderate');
INSERT INTO conditions (patient_id, condition_code, condition_name, clinical_status, onset_date, recorded_date, severity)
VALUES ('7b766483-7131-4b5b-a684-329ff904c098', 'N18.3', 'Chronic Kidney Disease, Stage 3', 'active', '2024-05-11', CURRENT_TIMESTAMP, 'moderate');

-- Patient: Dylan Spencer
INSERT INTO patients (
    id, medical_record_number, first_name, last_name, date_of_birth, gender, email, phone,
    weight, height, smoking_status, cvd_history, family_history_esrd,
    on_ras_inhibitor, on_sglt2i, nephrotoxic_meds, nephrologist_referral,
    diagnosis_date, last_visit_date, next_visit_date
) VALUES (
    'b5f1c6e1-a9fa-4389-a080-e063aa7044fd', 'MRN188'::text, 'Dylan'::text, 'Spencer'::text,
    '1972-11-09', 'male'::text, 'dylan.spencer@email.com'::text, '+1-555-0001',
    110.6, 173, 'Former'::text,
    false, false,
    false, false,
    false, true,
    '2022-05-11', '2025-10-23'::text, '2026-02-08'::text
);
INSERT INTO observations (patient_id, observation_type, value_numeric, value_text, unit, observation_date, status)
VALUES ('b5f1c6e1-a9fa-4389-a080-e063aa7044fd', 'eGFR', 49.81, NULL, 'mL/min/1.73m²'::text, CURRENT_TIMESTAMP, 'final');
INSERT INTO observations (patient_id, observation_type, value_numeric, value_text, unit, observation_date, status)
VALUES ('b5f1c6e1-a9fa-4389-a080-e063aa7044fd', 'eGFR_trend', NULL, 'down'::text, NULL, CURRENT_TIMESTAMP, 'final');
INSERT INTO observations (patient_id, observation_type, value_numeric, value_text, unit, observation_date, status)
VALUES ('b5f1c6e1-a9fa-4389-a080-e063aa7044fd', 'eGFR_change_percent', 0.8, NULL, '%'::text, CURRENT_TIMESTAMP, 'final');
INSERT INTO observations (patient_id, observation_type, value_numeric, value_text, unit, observation_date, status)
VALUES ('b5f1c6e1-a9fa-4389-a080-e063aa7044fd', 'serum_creatinine', 1.9, NULL, 'mg/dL'::text, CURRENT_TIMESTAMP, 'final');
INSERT INTO observations (patient_id, observation_type, value_numeric, value_text, unit, observation_date, status)
VALUES ('b5f1c6e1-a9fa-4389-a080-e063aa7044fd', 'BUN', 38, NULL, 'mg/dL'::text, CURRENT_TIMESTAMP, 'final');
INSERT INTO observations (patient_id, observation_type, value_numeric, value_text, unit, observation_date, status)
VALUES ('b5f1c6e1-a9fa-4389-a080-e063aa7044fd', 'uACR', 101.54, NULL, 'mg/g'::text, CURRENT_TIMESTAMP, 'final');
INSERT INTO observations (patient_id, observation_type, value_numeric, value_text, unit, observation_date, status)
VALUES ('b5f1c6e1-a9fa-4389-a080-e063aa7044fd', 'proteinuria_category', NULL, 'A2'::text, NULL, CURRENT_TIMESTAMP, 'final');
INSERT INTO observations (patient_id, observation_type, value_numeric, value_text, unit, observation_date, status)
VALUES ('b5f1c6e1-a9fa-4389-a080-e063aa7044fd', 'blood_pressure_systolic', 131, NULL, 'mmHg'::text, CURRENT_TIMESTAMP, 'final');
INSERT INTO observations (patient_id, observation_type, value_numeric, value_text, unit, observation_date, status)
VALUES ('b5f1c6e1-a9fa-4389-a080-e063aa7044fd', 'blood_pressure_diastolic', 92, NULL, 'mmHg'::text, CURRENT_TIMESTAMP, 'final');
INSERT INTO observations (patient_id, observation_type, value_numeric, value_text, unit, observation_date, status)
VALUES ('b5f1c6e1-a9fa-4389-a080-e063aa7044fd', 'HbA1c', 5.6, NULL, '%'::text, CURRENT_TIMESTAMP, 'final');
INSERT INTO observations (patient_id, observation_type, value_numeric, value_text, unit, observation_date, status)
VALUES ('b5f1c6e1-a9fa-4389-a080-e063aa7044fd', 'LDL_cholesterol', 157, NULL, 'mg/dL'::text, CURRENT_TIMESTAMP, 'final');
INSERT INTO observations (patient_id, observation_type, value_numeric, value_text, unit, observation_date, status)
VALUES ('b5f1c6e1-a9fa-4389-a080-e063aa7044fd', 'HDL_cholesterol', 60, NULL, 'mg/dL'::text, CURRENT_TIMESTAMP, 'final');
INSERT INTO observations (patient_id, observation_type, value_numeric, value_text, unit, observation_date, status)
VALUES ('b5f1c6e1-a9fa-4389-a080-e063aa7044fd', 'BMI', 37.0, NULL, 'kg/m²'::text, CURRENT_TIMESTAMP, 'final');
INSERT INTO observations (patient_id, observation_type, value_numeric, value_text, unit, observation_date, status)
VALUES ('b5f1c6e1-a9fa-4389-a080-e063aa7044fd', 'hemoglobin', 11.6, NULL, 'g/dL'::text, CURRENT_TIMESTAMP, 'final');
INSERT INTO observations (patient_id, observation_type, value_numeric, value_text, unit, observation_date, status)
VALUES ('b5f1c6e1-a9fa-4389-a080-e063aa7044fd', 'potassium', 4.7, NULL, 'mEq/L'::text, CURRENT_TIMESTAMP, 'final');
INSERT INTO observations (patient_id, observation_type, value_numeric, value_text, unit, observation_date, status)
VALUES ('b5f1c6e1-a9fa-4389-a080-e063aa7044fd', 'calcium', 9.2, NULL, 'mg/dL'::text, CURRENT_TIMESTAMP, 'final');
INSERT INTO observations (patient_id, observation_type, value_numeric, value_text, unit, observation_date, status)
VALUES ('b5f1c6e1-a9fa-4389-a080-e063aa7044fd', 'phosphorus', 4.7, NULL, 'mg/dL'::text, CURRENT_TIMESTAMP, 'final');
INSERT INTO observations (patient_id, observation_type, value_numeric, value_text, unit, observation_date, status)
VALUES ('b5f1c6e1-a9fa-4389-a080-e063aa7044fd', 'albumin', 2.3, NULL, 'g/dL'::text, CURRENT_TIMESTAMP, 'final');
INSERT INTO conditions (patient_id, condition_code, condition_name, clinical_status, onset_date, recorded_date, severity)
VALUES ('b5f1c6e1-a9fa-4389-a080-e063aa7044fd', 'I10', 'Essential Hypertension', 'active', '2022-05-11', CURRENT_TIMESTAMP, 'moderate');
INSERT INTO conditions (patient_id, condition_code, condition_name, clinical_status, onset_date, recorded_date, severity)
VALUES ('b5f1c6e1-a9fa-4389-a080-e063aa7044fd', 'N18.3', 'Chronic Kidney Disease, Stage 3', 'active', '2022-05-11', CURRENT_TIMESTAMP, 'moderate');

-- Patient: Russell Brooks
INSERT INTO patients (
    id, medical_record_number, first_name, last_name, date_of_birth, gender, email, phone,
    weight, height, smoking_status, cvd_history, family_history_esrd,
    on_ras_inhibitor, on_sglt2i, nephrotoxic_meds, nephrologist_referral,
    diagnosis_date, last_visit_date, next_visit_date
) VALUES (
    'f12ef9d5-881a-4606-9b92-687ac14ec301', 'MRN189'::text, 'Russell'::text, 'Brooks'::text,
    '1960-11-09', 'male'::text, 'russell.brooks@email.com'::text, '+1-555-0001',
    65.4, 188, 'Never'::text,
    false, false,
    true, false,
    false, false,
    '2024-05-11', '2025-10-15'::text, '2026-03-26'::text
);
INSERT INTO observations (patient_id, observation_type, value_numeric, value_text, unit, observation_date, status)
VALUES ('f12ef9d5-881a-4606-9b92-687ac14ec301', 'eGFR', 70.54, NULL, 'mL/min/1.73m²'::text, CURRENT_TIMESTAMP, 'final');
INSERT INTO observations (patient_id, observation_type, value_numeric, value_text, unit, observation_date, status)
VALUES ('f12ef9d5-881a-4606-9b92-687ac14ec301', 'eGFR_trend', NULL, 'stable'::text, NULL, CURRENT_TIMESTAMP, 'final');
INSERT INTO observations (patient_id, observation_type, value_numeric, value_text, unit, observation_date, status)
VALUES ('f12ef9d5-881a-4606-9b92-687ac14ec301', 'eGFR_change_percent', 2.0, NULL, '%'::text, CURRENT_TIMESTAMP, 'final');
INSERT INTO observations (patient_id, observation_type, value_numeric, value_text, unit, observation_date, status)
VALUES ('f12ef9d5-881a-4606-9b92-687ac14ec301', 'serum_creatinine', 1.06, NULL, 'mg/dL'::text, CURRENT_TIMESTAMP, 'final');
INSERT INTO observations (patient_id, observation_type, value_numeric, value_text, unit, observation_date, status)
VALUES ('f12ef9d5-881a-4606-9b92-687ac14ec301', 'BUN', 20, NULL, 'mg/dL'::text, CURRENT_TIMESTAMP, 'final');
INSERT INTO observations (patient_id, observation_type, value_numeric, value_text, unit, observation_date, status)
VALUES ('f12ef9d5-881a-4606-9b92-687ac14ec301', 'uACR', 46.23, NULL, 'mg/g'::text, CURRENT_TIMESTAMP, 'final');
INSERT INTO observations (patient_id, observation_type, value_numeric, value_text, unit, observation_date, status)
VALUES ('f12ef9d5-881a-4606-9b92-687ac14ec301', 'proteinuria_category', NULL, 'A2'::text, NULL, CURRENT_TIMESTAMP, 'final');
INSERT INTO observations (patient_id, observation_type, value_numeric, value_text, unit, observation_date, status)
VALUES ('f12ef9d5-881a-4606-9b92-687ac14ec301', 'blood_pressure_systolic', 140, NULL, 'mmHg'::text, CURRENT_TIMESTAMP, 'final');
INSERT INTO observations (patient_id, observation_type, value_numeric, value_text, unit, observation_date, status)
VALUES ('f12ef9d5-881a-4606-9b92-687ac14ec301', 'blood_pressure_diastolic', 86, NULL, 'mmHg'::text, CURRENT_TIMESTAMP, 'final');
INSERT INTO observations (patient_id, observation_type, value_numeric, value_text, unit, observation_date, status)
VALUES ('f12ef9d5-881a-4606-9b92-687ac14ec301', 'HbA1c', 5.5, NULL, '%'::text, CURRENT_TIMESTAMP, 'final');
INSERT INTO observations (patient_id, observation_type, value_numeric, value_text, unit, observation_date, status)
VALUES ('f12ef9d5-881a-4606-9b92-687ac14ec301', 'LDL_cholesterol', 132, NULL, 'mg/dL'::text, CURRENT_TIMESTAMP, 'final');
INSERT INTO observations (patient_id, observation_type, value_numeric, value_text, unit, observation_date, status)
VALUES ('f12ef9d5-881a-4606-9b92-687ac14ec301', 'HDL_cholesterol', 65, NULL, 'mg/dL'::text, CURRENT_TIMESTAMP, 'final');
INSERT INTO observations (patient_id, observation_type, value_numeric, value_text, unit, observation_date, status)
VALUES ('f12ef9d5-881a-4606-9b92-687ac14ec301', 'BMI', 18.5, NULL, 'kg/m²'::text, CURRENT_TIMESTAMP, 'final');
INSERT INTO observations (patient_id, observation_type, value_numeric, value_text, unit, observation_date, status)
VALUES ('f12ef9d5-881a-4606-9b92-687ac14ec301', 'hemoglobin', 13.8, NULL, 'g/dL'::text, CURRENT_TIMESTAMP, 'final');
INSERT INTO observations (patient_id, observation_type, value_numeric, value_text, unit, observation_date, status)
VALUES ('f12ef9d5-881a-4606-9b92-687ac14ec301', 'potassium', 4.9, NULL, 'mEq/L'::text, CURRENT_TIMESTAMP, 'final');
INSERT INTO observations (patient_id, observation_type, value_numeric, value_text, unit, observation_date, status)
VALUES ('f12ef9d5-881a-4606-9b92-687ac14ec301', 'calcium', 9.5, NULL, 'mg/dL'::text, CURRENT_TIMESTAMP, 'final');
INSERT INTO observations (patient_id, observation_type, value_numeric, value_text, unit, observation_date, status)
VALUES ('f12ef9d5-881a-4606-9b92-687ac14ec301', 'phosphorus', 3.3, NULL, 'mg/dL'::text, CURRENT_TIMESTAMP, 'final');
INSERT INTO observations (patient_id, observation_type, value_numeric, value_text, unit, observation_date, status)
VALUES ('f12ef9d5-881a-4606-9b92-687ac14ec301', 'albumin', 2.7, NULL, 'g/dL'::text, CURRENT_TIMESTAMP, 'final');
INSERT INTO conditions (patient_id, condition_code, condition_name, clinical_status, onset_date, recorded_date, severity)
VALUES ('f12ef9d5-881a-4606-9b92-687ac14ec301', 'I10', 'Essential Hypertension', 'active', '2024-05-11', CURRENT_TIMESTAMP, 'moderate');
INSERT INTO conditions (patient_id, condition_code, condition_name, clinical_status, onset_date, recorded_date, severity)
VALUES ('f12ef9d5-881a-4606-9b92-687ac14ec301', 'N18.2', 'Chronic Kidney Disease, Stage 2', 'active', '2024-05-11', CURRENT_TIMESTAMP, 'mild');

-- Patient: Margaret Mason
INSERT INTO patients (
    id, medical_record_number, first_name, last_name, date_of_birth, gender, email, phone,
    weight, height, smoking_status, cvd_history, family_history_esrd,
    on_ras_inhibitor, on_sglt2i, nephrotoxic_meds, nephrologist_referral,
    diagnosis_date, last_visit_date, next_visit_date
) VALUES (
    '7e1b86fa-87e5-46f0-9aaa-dcd07dfcfd5d', 'MRN190'::text, 'Margaret'::text, 'Mason'::text,
    '1966-11-09', 'female'::text, 'margaret.mason@email.com'::text, '+1-555-0001',
    94.3, 172, 'Never'::text,
    false, true,
    true, true,
    false, true,
    '2022-11-10', '2025-10-14'::text, '2026-01-19'::text
);
INSERT INTO observations (patient_id, observation_type, value_numeric, value_text, unit, observation_date, status)
VALUES ('7e1b86fa-87e5-46f0-9aaa-dcd07dfcfd5d', 'eGFR', 45.9, NULL, 'mL/min/1.73m²'::text, CURRENT_TIMESTAMP, 'final');
INSERT INTO observations (patient_id, observation_type, value_numeric, value_text, unit, observation_date, status)
VALUES ('7e1b86fa-87e5-46f0-9aaa-dcd07dfcfd5d', 'eGFR_trend', NULL, 'stable'::text, NULL, CURRENT_TIMESTAMP, 'final');
INSERT INTO observations (patient_id, observation_type, value_numeric, value_text, unit, observation_date, status)
VALUES ('7e1b86fa-87e5-46f0-9aaa-dcd07dfcfd5d', 'eGFR_change_percent', 0.3, NULL, '%'::text, CURRENT_TIMESTAMP, 'final');
INSERT INTO observations (patient_id, observation_type, value_numeric, value_text, unit, observation_date, status)
VALUES ('7e1b86fa-87e5-46f0-9aaa-dcd07dfcfd5d', 'serum_creatinine', 1.75, NULL, 'mg/dL'::text, CURRENT_TIMESTAMP, 'final');
INSERT INTO observations (patient_id, observation_type, value_numeric, value_text, unit, observation_date, status)
VALUES ('7e1b86fa-87e5-46f0-9aaa-dcd07dfcfd5d', 'BUN', 130, NULL, 'mg/dL'::text, CURRENT_TIMESTAMP, 'final');
INSERT INTO observations (patient_id, observation_type, value_numeric, value_text, unit, observation_date, status)
VALUES ('7e1b86fa-87e5-46f0-9aaa-dcd07dfcfd5d', 'uACR', 88.45, NULL, 'mg/g'::text, CURRENT_TIMESTAMP, 'final');
INSERT INTO observations (patient_id, observation_type, value_numeric, value_text, unit, observation_date, status)
VALUES ('7e1b86fa-87e5-46f0-9aaa-dcd07dfcfd5d', 'proteinuria_category', NULL, 'A3'::text, NULL, CURRENT_TIMESTAMP, 'final');
INSERT INTO observations (patient_id, observation_type, value_numeric, value_text, unit, observation_date, status)
VALUES ('7e1b86fa-87e5-46f0-9aaa-dcd07dfcfd5d', 'blood_pressure_systolic', 151, NULL, 'mmHg'::text, CURRENT_TIMESTAMP, 'final');
INSERT INTO observations (patient_id, observation_type, value_numeric, value_text, unit, observation_date, status)
VALUES ('7e1b86fa-87e5-46f0-9aaa-dcd07dfcfd5d', 'blood_pressure_diastolic', 87, NULL, 'mmHg'::text, CURRENT_TIMESTAMP, 'final');
INSERT INTO observations (patient_id, observation_type, value_numeric, value_text, unit, observation_date, status)
VALUES ('7e1b86fa-87e5-46f0-9aaa-dcd07dfcfd5d', 'HbA1c', 8.2, NULL, '%'::text, CURRENT_TIMESTAMP, 'final');
INSERT INTO observations (patient_id, observation_type, value_numeric, value_text, unit, observation_date, status)
VALUES ('7e1b86fa-87e5-46f0-9aaa-dcd07dfcfd5d', 'LDL_cholesterol', 129, NULL, 'mg/dL'::text, CURRENT_TIMESTAMP, 'final');
INSERT INTO observations (patient_id, observation_type, value_numeric, value_text, unit, observation_date, status)
VALUES ('7e1b86fa-87e5-46f0-9aaa-dcd07dfcfd5d', 'HDL_cholesterol', 31, NULL, 'mg/dL'::text, CURRENT_TIMESTAMP, 'final');
INSERT INTO observations (patient_id, observation_type, value_numeric, value_text, unit, observation_date, status)
VALUES ('7e1b86fa-87e5-46f0-9aaa-dcd07dfcfd5d', 'BMI', 31.9, NULL, 'kg/m²'::text, CURRENT_TIMESTAMP, 'final');
INSERT INTO observations (patient_id, observation_type, value_numeric, value_text, unit, observation_date, status)
VALUES ('7e1b86fa-87e5-46f0-9aaa-dcd07dfcfd5d', 'hemoglobin', 11.5, NULL, 'g/dL'::text, CURRENT_TIMESTAMP, 'final');
INSERT INTO observations (patient_id, observation_type, value_numeric, value_text, unit, observation_date, status)
VALUES ('7e1b86fa-87e5-46f0-9aaa-dcd07dfcfd5d', 'potassium', 4.3, NULL, 'mEq/L'::text, CURRENT_TIMESTAMP, 'final');
INSERT INTO observations (patient_id, observation_type, value_numeric, value_text, unit, observation_date, status)
VALUES ('7e1b86fa-87e5-46f0-9aaa-dcd07dfcfd5d', 'calcium', 8.7, NULL, 'mg/dL'::text, CURRENT_TIMESTAMP, 'final');
INSERT INTO observations (patient_id, observation_type, value_numeric, value_text, unit, observation_date, status)
VALUES ('7e1b86fa-87e5-46f0-9aaa-dcd07dfcfd5d', 'phosphorus', 4.3, NULL, 'mg/dL'::text, CURRENT_TIMESTAMP, 'final');
INSERT INTO observations (patient_id, observation_type, value_numeric, value_text, unit, observation_date, status)
VALUES ('7e1b86fa-87e5-46f0-9aaa-dcd07dfcfd5d', 'albumin', 2.0, NULL, 'g/dL'::text, CURRENT_TIMESTAMP, 'final');
INSERT INTO conditions (patient_id, condition_code, condition_name, clinical_status, onset_date, recorded_date, severity)
VALUES ('7e1b86fa-87e5-46f0-9aaa-dcd07dfcfd5d', 'E11.9', 'Type 2 Diabetes Mellitus', 'active', '2022-11-10', CURRENT_TIMESTAMP, 'moderate');
INSERT INTO conditions (patient_id, condition_code, condition_name, clinical_status, onset_date, recorded_date, severity)
VALUES ('7e1b86fa-87e5-46f0-9aaa-dcd07dfcfd5d', 'I10', 'Essential Hypertension', 'active', '2022-11-10', CURRENT_TIMESTAMP, 'moderate');
INSERT INTO conditions (patient_id, condition_code, condition_name, clinical_status, onset_date, recorded_date, severity)
VALUES ('7e1b86fa-87e5-46f0-9aaa-dcd07dfcfd5d', 'N18.3', 'Chronic Kidney Disease, Stage 3', 'active', '2022-11-10', CURRENT_TIMESTAMP, 'moderate');

-- Patient: Hannah Wood
INSERT INTO patients (
    id, medical_record_number, first_name, last_name, date_of_birth, gender, email, phone,
    weight, height, smoking_status, cvd_history, family_history_esrd,
    on_ras_inhibitor, on_sglt2i, nephrotoxic_meds, nephrologist_referral,
    diagnosis_date, last_visit_date, next_visit_date
) VALUES (
    '6a384034-653f-4db3-8572-36b1095a5478', 'MRN191'::text, 'Hannah'::text, 'Wood'::text,
    '1957-11-09', 'female'::text, 'hannah.wood@email.com'::text, '+1-555-0001',
    57.1, 166, 'Never'::text,
    false, true,
    true, false,
    false, true,
    '2016-06-16', '2025-10-24'::text, '2025-11-28'::text
);
INSERT INTO observations (patient_id, observation_type, value_numeric, value_text, unit, observation_date, status)
VALUES ('6a384034-653f-4db3-8572-36b1095a5478', 'eGFR', 6.18, NULL, 'mL/min/1.73m²'::text, CURRENT_TIMESTAMP, 'final');
INSERT INTO observations (patient_id, observation_type, value_numeric, value_text, unit, observation_date, status)
VALUES ('6a384034-653f-4db3-8572-36b1095a5478', 'eGFR_trend', NULL, 'stable'::text, NULL, CURRENT_TIMESTAMP, 'final');
INSERT INTO observations (patient_id, observation_type, value_numeric, value_text, unit, observation_date, status)
VALUES ('6a384034-653f-4db3-8572-36b1095a5478', 'eGFR_change_percent', -7.1, NULL, '%'::text, CURRENT_TIMESTAMP, 'final');
INSERT INTO observations (patient_id, observation_type, value_numeric, value_text, unit, observation_date, status)
VALUES ('6a384034-653f-4db3-8572-36b1095a5478', 'serum_creatinine', 3.87, NULL, 'mg/dL'::text, CURRENT_TIMESTAMP, 'final');
INSERT INTO observations (patient_id, observation_type, value_numeric, value_text, unit, observation_date, status)
VALUES ('6a384034-653f-4db3-8572-36b1095a5478', 'BUN', 234, NULL, 'mg/dL'::text, CURRENT_TIMESTAMP, 'final');
INSERT INTO observations (patient_id, observation_type, value_numeric, value_text, unit, observation_date, status)
VALUES ('6a384034-653f-4db3-8572-36b1095a5478', 'uACR', 819.95, NULL, 'mg/g'::text, CURRENT_TIMESTAMP, 'final');
INSERT INTO observations (patient_id, observation_type, value_numeric, value_text, unit, observation_date, status)
VALUES ('6a384034-653f-4db3-8572-36b1095a5478', 'proteinuria_category', NULL, 'A3'::text, NULL, CURRENT_TIMESTAMP, 'final');
INSERT INTO observations (patient_id, observation_type, value_numeric, value_text, unit, observation_date, status)
VALUES ('6a384034-653f-4db3-8572-36b1095a5478', 'blood_pressure_systolic', 161, NULL, 'mmHg'::text, CURRENT_TIMESTAMP, 'final');
INSERT INTO observations (patient_id, observation_type, value_numeric, value_text, unit, observation_date, status)
VALUES ('6a384034-653f-4db3-8572-36b1095a5478', 'blood_pressure_diastolic', 98, NULL, 'mmHg'::text, CURRENT_TIMESTAMP, 'final');
INSERT INTO observations (patient_id, observation_type, value_numeric, value_text, unit, observation_date, status)
VALUES ('6a384034-653f-4db3-8572-36b1095a5478', 'HbA1c', 5.5, NULL, '%'::text, CURRENT_TIMESTAMP, 'final');
INSERT INTO observations (patient_id, observation_type, value_numeric, value_text, unit, observation_date, status)
VALUES ('6a384034-653f-4db3-8572-36b1095a5478', 'LDL_cholesterol', 85, NULL, 'mg/dL'::text, CURRENT_TIMESTAMP, 'final');
INSERT INTO observations (patient_id, observation_type, value_numeric, value_text, unit, observation_date, status)
VALUES ('6a384034-653f-4db3-8572-36b1095a5478', 'HDL_cholesterol', 54, NULL, 'mg/dL'::text, CURRENT_TIMESTAMP, 'final');
INSERT INTO observations (patient_id, observation_type, value_numeric, value_text, unit, observation_date, status)
VALUES ('6a384034-653f-4db3-8572-36b1095a5478', 'BMI', 20.7, NULL, 'kg/m²'::text, CURRENT_TIMESTAMP, 'final');
INSERT INTO observations (patient_id, observation_type, value_numeric, value_text, unit, observation_date, status)
VALUES ('6a384034-653f-4db3-8572-36b1095a5478', 'hemoglobin', 9.4, NULL, 'g/dL'::text, CURRENT_TIMESTAMP, 'final');
INSERT INTO observations (patient_id, observation_type, value_numeric, value_text, unit, observation_date, status)
VALUES ('6a384034-653f-4db3-8572-36b1095a5478', 'potassium', 5.7, NULL, 'mEq/L'::text, CURRENT_TIMESTAMP, 'final');
INSERT INTO observations (patient_id, observation_type, value_numeric, value_text, unit, observation_date, status)
VALUES ('6a384034-653f-4db3-8572-36b1095a5478', 'calcium', 9.0, NULL, 'mg/dL'::text, CURRENT_TIMESTAMP, 'final');
INSERT INTO observations (patient_id, observation_type, value_numeric, value_text, unit, observation_date, status)
VALUES ('6a384034-653f-4db3-8572-36b1095a5478', 'phosphorus', 6.3, NULL, 'mg/dL'::text, CURRENT_TIMESTAMP, 'final');
INSERT INTO observations (patient_id, observation_type, value_numeric, value_text, unit, observation_date, status)
VALUES ('6a384034-653f-4db3-8572-36b1095a5478', 'albumin', 2.7, NULL, 'g/dL'::text, CURRENT_TIMESTAMP, 'final');
INSERT INTO conditions (patient_id, condition_code, condition_name, clinical_status, onset_date, recorded_date, severity)
VALUES ('6a384034-653f-4db3-8572-36b1095a5478', 'I10', 'Essential Hypertension', 'active', '2016-06-16', CURRENT_TIMESTAMP, 'moderate');
INSERT INTO conditions (patient_id, condition_code, condition_name, clinical_status, onset_date, recorded_date, severity)
VALUES ('6a384034-653f-4db3-8572-36b1095a5478', 'N18.5', 'Chronic Kidney Disease, Stage 5', 'active', '2016-06-16', CURRENT_TIMESTAMP, 'severe');

-- Patient: Charles Peters
INSERT INTO patients (
    id, medical_record_number, first_name, last_name, date_of_birth, gender, email, phone,
    weight, height, smoking_status, cvd_history, family_history_esrd,
    on_ras_inhibitor, on_sglt2i, nephrotoxic_meds, nephrologist_referral,
    diagnosis_date, last_visit_date, next_visit_date
) VALUES (
    '601e46ce-4942-4751-960c-41e5ab8c3a63', 'MRN192'::text, 'Charles'::text, 'Peters'::text,
    '1960-11-09', 'male'::text, 'charles.peters@email.com'::text, '+1-555-0001',
    97.0, 170, 'Never'::text,
    true, true,
    false, false,
    true, true,
    '2019-01-22', '2025-11-04'::text, '2025-11-25'::text
);
INSERT INTO observations (patient_id, observation_type, value_numeric, value_text, unit, observation_date, status)
VALUES ('601e46ce-4942-4751-960c-41e5ab8c3a63', 'eGFR', 10.66, NULL, 'mL/min/1.73m²'::text, CURRENT_TIMESTAMP, 'final');
INSERT INTO observations (patient_id, observation_type, value_numeric, value_text, unit, observation_date, status)
VALUES ('601e46ce-4942-4751-960c-41e5ab8c3a63', 'eGFR_trend', NULL, 'down'::text, NULL, CURRENT_TIMESTAMP, 'final');
INSERT INTO observations (patient_id, observation_type, value_numeric, value_text, unit, observation_date, status)
VALUES ('601e46ce-4942-4751-960c-41e5ab8c3a63', 'eGFR_change_percent', -5.7, NULL, '%'::text, CURRENT_TIMESTAMP, 'final');
INSERT INTO observations (patient_id, observation_type, value_numeric, value_text, unit, observation_date, status)
VALUES ('601e46ce-4942-4751-960c-41e5ab8c3a63', 'serum_creatinine', 4.93, NULL, 'mg/dL'::text, CURRENT_TIMESTAMP, 'final');
INSERT INTO observations (patient_id, observation_type, value_numeric, value_text, unit, observation_date, status)
VALUES ('601e46ce-4942-4751-960c-41e5ab8c3a63', 'BUN', 52, NULL, 'mg/dL'::text, CURRENT_TIMESTAMP, 'final');
INSERT INTO observations (patient_id, observation_type, value_numeric, value_text, unit, observation_date, status)
VALUES ('601e46ce-4942-4751-960c-41e5ab8c3a63', 'uACR', 323.49, NULL, 'mg/g'::text, CURRENT_TIMESTAMP, 'final');
INSERT INTO observations (patient_id, observation_type, value_numeric, value_text, unit, observation_date, status)
VALUES ('601e46ce-4942-4751-960c-41e5ab8c3a63', 'proteinuria_category', NULL, 'A3'::text, NULL, CURRENT_TIMESTAMP, 'final');
INSERT INTO observations (patient_id, observation_type, value_numeric, value_text, unit, observation_date, status)
VALUES ('601e46ce-4942-4751-960c-41e5ab8c3a63', 'blood_pressure_systolic', 175, NULL, 'mmHg'::text, CURRENT_TIMESTAMP, 'final');
INSERT INTO observations (patient_id, observation_type, value_numeric, value_text, unit, observation_date, status)
VALUES ('601e46ce-4942-4751-960c-41e5ab8c3a63', 'blood_pressure_diastolic', 108, NULL, 'mmHg'::text, CURRENT_TIMESTAMP, 'final');
INSERT INTO observations (patient_id, observation_type, value_numeric, value_text, unit, observation_date, status)
VALUES ('601e46ce-4942-4751-960c-41e5ab8c3a63', 'HbA1c', 6.2, NULL, '%'::text, CURRENT_TIMESTAMP, 'final');
INSERT INTO observations (patient_id, observation_type, value_numeric, value_text, unit, observation_date, status)
VALUES ('601e46ce-4942-4751-960c-41e5ab8c3a63', 'LDL_cholesterol', 103, NULL, 'mg/dL'::text, CURRENT_TIMESTAMP, 'final');
INSERT INTO observations (patient_id, observation_type, value_numeric, value_text, unit, observation_date, status)
VALUES ('601e46ce-4942-4751-960c-41e5ab8c3a63', 'HDL_cholesterol', 58, NULL, 'mg/dL'::text, CURRENT_TIMESTAMP, 'final');
INSERT INTO observations (patient_id, observation_type, value_numeric, value_text, unit, observation_date, status)
VALUES ('601e46ce-4942-4751-960c-41e5ab8c3a63', 'BMI', 33.6, NULL, 'kg/m²'::text, CURRENT_TIMESTAMP, 'final');
INSERT INTO observations (patient_id, observation_type, value_numeric, value_text, unit, observation_date, status)
VALUES ('601e46ce-4942-4751-960c-41e5ab8c3a63', 'hemoglobin', 9.2, NULL, 'g/dL'::text, CURRENT_TIMESTAMP, 'final');
INSERT INTO observations (patient_id, observation_type, value_numeric, value_text, unit, observation_date, status)
VALUES ('601e46ce-4942-4751-960c-41e5ab8c3a63', 'potassium', 6.0, NULL, 'mEq/L'::text, CURRENT_TIMESTAMP, 'final');
INSERT INTO observations (patient_id, observation_type, value_numeric, value_text, unit, observation_date, status)
VALUES ('601e46ce-4942-4751-960c-41e5ab8c3a63', 'calcium', 8.7, NULL, 'mg/dL'::text, CURRENT_TIMESTAMP, 'final');
INSERT INTO observations (patient_id, observation_type, value_numeric, value_text, unit, observation_date, status)
VALUES ('601e46ce-4942-4751-960c-41e5ab8c3a63', 'phosphorus', 7.1, NULL, 'mg/dL'::text, CURRENT_TIMESTAMP, 'final');
INSERT INTO observations (patient_id, observation_type, value_numeric, value_text, unit, observation_date, status)
VALUES ('601e46ce-4942-4751-960c-41e5ab8c3a63', 'albumin', 2.3, NULL, 'g/dL'::text, CURRENT_TIMESTAMP, 'final');
INSERT INTO conditions (patient_id, condition_code, condition_name, clinical_status, onset_date, recorded_date, severity)
VALUES ('601e46ce-4942-4751-960c-41e5ab8c3a63', 'I10', 'Essential Hypertension', 'active', '2019-01-22', CURRENT_TIMESTAMP, 'moderate');
INSERT INTO conditions (patient_id, condition_code, condition_name, clinical_status, onset_date, recorded_date, severity)
VALUES ('601e46ce-4942-4751-960c-41e5ab8c3a63', 'N18.5', 'Chronic Kidney Disease, Stage 5', 'active', '2019-01-22', CURRENT_TIMESTAMP, 'severe');
INSERT INTO conditions (patient_id, condition_code, condition_name, clinical_status, onset_date, recorded_date, severity)
VALUES ('601e46ce-4942-4751-960c-41e5ab8c3a63', 'I25.10', 'Coronary Artery Disease', 'active', '2019-01-22', CURRENT_TIMESTAMP, 'moderate');

-- Patient: Douglas Freeman
INSERT INTO patients (
    id, medical_record_number, first_name, last_name, date_of_birth, gender, email, phone,
    weight, height, smoking_status, cvd_history, family_history_esrd,
    on_ras_inhibitor, on_sglt2i, nephrotoxic_meds, nephrologist_referral,
    diagnosis_date, last_visit_date, next_visit_date
) VALUES (
    'b25e9130-ceda-4238-a8f4-02aef27fce39', 'MRN193'::text, 'Douglas'::text, 'Freeman'::text,
    '1985-11-09', 'male'::text, 'douglas.freeman@email.com'::text, '+1-555-0001',
    72.4, 175, 'Former'::text,
    false, false,
    true, false,
    false, false,
    '2024-01-22', '2025-10-15'::text, '2026-05-02'::text
);
INSERT INTO observations (patient_id, observation_type, value_numeric, value_text, unit, observation_date, status)
VALUES ('b25e9130-ceda-4238-a8f4-02aef27fce39', 'eGFR', 108.11, NULL, 'mL/min/1.73m²'::text, CURRENT_TIMESTAMP, 'final');
INSERT INTO observations (patient_id, observation_type, value_numeric, value_text, unit, observation_date, status)
VALUES ('b25e9130-ceda-4238-a8f4-02aef27fce39', 'eGFR_trend', NULL, 'stable'::text, NULL, CURRENT_TIMESTAMP, 'final');
INSERT INTO observations (patient_id, observation_type, value_numeric, value_text, unit, observation_date, status)
VALUES ('b25e9130-ceda-4238-a8f4-02aef27fce39', 'eGFR_change_percent', -0.5, NULL, '%'::text, CURRENT_TIMESTAMP, 'final');
INSERT INTO observations (patient_id, observation_type, value_numeric, value_text, unit, observation_date, status)
VALUES ('b25e9130-ceda-4238-a8f4-02aef27fce39', 'serum_creatinine', 0.82, NULL, 'mg/dL'::text, CURRENT_TIMESTAMP, 'final');
INSERT INTO observations (patient_id, observation_type, value_numeric, value_text, unit, observation_date, status)
VALUES ('b25e9130-ceda-4238-a8f4-02aef27fce39', 'BUN', 72, NULL, 'mg/dL'::text, CURRENT_TIMESTAMP, 'final');
INSERT INTO observations (patient_id, observation_type, value_numeric, value_text, unit, observation_date, status)
VALUES ('b25e9130-ceda-4238-a8f4-02aef27fce39', 'uACR', 25.28, NULL, 'mg/g'::text, CURRENT_TIMESTAMP, 'final');
INSERT INTO observations (patient_id, observation_type, value_numeric, value_text, unit, observation_date, status)
VALUES ('b25e9130-ceda-4238-a8f4-02aef27fce39', 'proteinuria_category', NULL, 'A1'::text, NULL, CURRENT_TIMESTAMP, 'final');
INSERT INTO observations (patient_id, observation_type, value_numeric, value_text, unit, observation_date, status)
VALUES ('b25e9130-ceda-4238-a8f4-02aef27fce39', 'blood_pressure_systolic', 114, NULL, 'mmHg'::text, CURRENT_TIMESTAMP, 'final');
INSERT INTO observations (patient_id, observation_type, value_numeric, value_text, unit, observation_date, status)
VALUES ('b25e9130-ceda-4238-a8f4-02aef27fce39', 'blood_pressure_diastolic', 74, NULL, 'mmHg'::text, CURRENT_TIMESTAMP, 'final');
INSERT INTO observations (patient_id, observation_type, value_numeric, value_text, unit, observation_date, status)
VALUES ('b25e9130-ceda-4238-a8f4-02aef27fce39', 'HbA1c', 6.1, NULL, '%'::text, CURRENT_TIMESTAMP, 'final');
INSERT INTO observations (patient_id, observation_type, value_numeric, value_text, unit, observation_date, status)
VALUES ('b25e9130-ceda-4238-a8f4-02aef27fce39', 'LDL_cholesterol', 174, NULL, 'mg/dL'::text, CURRENT_TIMESTAMP, 'final');
INSERT INTO observations (patient_id, observation_type, value_numeric, value_text, unit, observation_date, status)
VALUES ('b25e9130-ceda-4238-a8f4-02aef27fce39', 'HDL_cholesterol', 38, NULL, 'mg/dL'::text, CURRENT_TIMESTAMP, 'final');
INSERT INTO observations (patient_id, observation_type, value_numeric, value_text, unit, observation_date, status)
VALUES ('b25e9130-ceda-4238-a8f4-02aef27fce39', 'BMI', 23.6, NULL, 'kg/m²'::text, CURRENT_TIMESTAMP, 'final');
INSERT INTO observations (patient_id, observation_type, value_numeric, value_text, unit, observation_date, status)
VALUES ('b25e9130-ceda-4238-a8f4-02aef27fce39', 'hemoglobin', 15.0, NULL, 'g/dL'::text, CURRENT_TIMESTAMP, 'final');
INSERT INTO observations (patient_id, observation_type, value_numeric, value_text, unit, observation_date, status)
VALUES ('b25e9130-ceda-4238-a8f4-02aef27fce39', 'potassium', 4.3, NULL, 'mEq/L'::text, CURRENT_TIMESTAMP, 'final');
INSERT INTO observations (patient_id, observation_type, value_numeric, value_text, unit, observation_date, status)
VALUES ('b25e9130-ceda-4238-a8f4-02aef27fce39', 'calcium', 9.3, NULL, 'mg/dL'::text, CURRENT_TIMESTAMP, 'final');
INSERT INTO observations (patient_id, observation_type, value_numeric, value_text, unit, observation_date, status)
VALUES ('b25e9130-ceda-4238-a8f4-02aef27fce39', 'phosphorus', 3.3, NULL, 'mg/dL'::text, CURRENT_TIMESTAMP, 'final');
INSERT INTO observations (patient_id, observation_type, value_numeric, value_text, unit, observation_date, status)
VALUES ('b25e9130-ceda-4238-a8f4-02aef27fce39', 'albumin', 3.4, NULL, 'g/dL'::text, CURRENT_TIMESTAMP, 'final');
INSERT INTO conditions (patient_id, condition_code, condition_name, clinical_status, onset_date, recorded_date, severity)
VALUES ('b25e9130-ceda-4238-a8f4-02aef27fce39', 'N18.1', 'Chronic Kidney Disease, Stage 1', 'active', '2024-01-22', CURRENT_TIMESTAMP, 'mild');

-- Patient: Jacob Stewart
INSERT INTO patients (
    id, medical_record_number, first_name, last_name, date_of_birth, gender, email, phone,
    weight, height, smoking_status, cvd_history, family_history_esrd,
    on_ras_inhibitor, on_sglt2i, nephrotoxic_meds, nephrologist_referral,
    diagnosis_date, last_visit_date, next_visit_date
) VALUES (
    '4858acfa-a52e-43de-bb67-86388c8dff03', 'MRN194'::text, 'Jacob'::text, 'Stewart'::text,
    '1953-11-09', 'male'::text, 'jacob.stewart@email.com'::text, '+1-555-0001',
    94.8, 165, 'Never'::text,
    true, false,
    true, false,
    false, true,
    '2022-01-22', '2025-10-27'::text, '2025-12-07'::text
);
INSERT INTO observations (patient_id, observation_type, value_numeric, value_text, unit, observation_date, status)
VALUES ('4858acfa-a52e-43de-bb67-86388c8dff03', 'eGFR', 23.45, NULL, 'mL/min/1.73m²'::text, CURRENT_TIMESTAMP, 'final');
INSERT INTO observations (patient_id, observation_type, value_numeric, value_text, unit, observation_date, status)
VALUES ('4858acfa-a52e-43de-bb67-86388c8dff03', 'eGFR_trend', NULL, 'down'::text, NULL, CURRENT_TIMESTAMP, 'final');
INSERT INTO observations (patient_id, observation_type, value_numeric, value_text, unit, observation_date, status)
VALUES ('4858acfa-a52e-43de-bb67-86388c8dff03', 'eGFR_change_percent', -5.9, NULL, '%'::text, CURRENT_TIMESTAMP, 'final');
INSERT INTO observations (patient_id, observation_type, value_numeric, value_text, unit, observation_date, status)
VALUES ('4858acfa-a52e-43de-bb67-86388c8dff03', 'serum_creatinine', 2.89, NULL, 'mg/dL'::text, CURRENT_TIMESTAMP, 'final');
INSERT INTO observations (patient_id, observation_type, value_numeric, value_text, unit, observation_date, status)
VALUES ('4858acfa-a52e-43de-bb67-86388c8dff03', 'BUN', 208, NULL, 'mg/dL'::text, CURRENT_TIMESTAMP, 'final');
INSERT INTO observations (patient_id, observation_type, value_numeric, value_text, unit, observation_date, status)
VALUES ('4858acfa-a52e-43de-bb67-86388c8dff03', 'uACR', 304.79, NULL, 'mg/g'::text, CURRENT_TIMESTAMP, 'final');
INSERT INTO observations (patient_id, observation_type, value_numeric, value_text, unit, observation_date, status)
VALUES ('4858acfa-a52e-43de-bb67-86388c8dff03', 'proteinuria_category', NULL, 'A3'::text, NULL, CURRENT_TIMESTAMP, 'final');
INSERT INTO observations (patient_id, observation_type, value_numeric, value_text, unit, observation_date, status)
VALUES ('4858acfa-a52e-43de-bb67-86388c8dff03', 'blood_pressure_systolic', 147, NULL, 'mmHg'::text, CURRENT_TIMESTAMP, 'final');
INSERT INTO observations (patient_id, observation_type, value_numeric, value_text, unit, observation_date, status)
VALUES ('4858acfa-a52e-43de-bb67-86388c8dff03', 'blood_pressure_diastolic', 93, NULL, 'mmHg'::text, CURRENT_TIMESTAMP, 'final');
INSERT INTO observations (patient_id, observation_type, value_numeric, value_text, unit, observation_date, status)
VALUES ('4858acfa-a52e-43de-bb67-86388c8dff03', 'HbA1c', 5.0, NULL, '%'::text, CURRENT_TIMESTAMP, 'final');
INSERT INTO observations (patient_id, observation_type, value_numeric, value_text, unit, observation_date, status)
VALUES ('4858acfa-a52e-43de-bb67-86388c8dff03', 'LDL_cholesterol', 158, NULL, 'mg/dL'::text, CURRENT_TIMESTAMP, 'final');
INSERT INTO observations (patient_id, observation_type, value_numeric, value_text, unit, observation_date, status)
VALUES ('4858acfa-a52e-43de-bb67-86388c8dff03', 'HDL_cholesterol', 53, NULL, 'mg/dL'::text, CURRENT_TIMESTAMP, 'final');
INSERT INTO observations (patient_id, observation_type, value_numeric, value_text, unit, observation_date, status)
VALUES ('4858acfa-a52e-43de-bb67-86388c8dff03', 'BMI', 34.8, NULL, 'kg/m²'::text, CURRENT_TIMESTAMP, 'final');
INSERT INTO observations (patient_id, observation_type, value_numeric, value_text, unit, observation_date, status)
VALUES ('4858acfa-a52e-43de-bb67-86388c8dff03', 'hemoglobin', 8.6, NULL, 'g/dL'::text, CURRENT_TIMESTAMP, 'final');
INSERT INTO observations (patient_id, observation_type, value_numeric, value_text, unit, observation_date, status)
VALUES ('4858acfa-a52e-43de-bb67-86388c8dff03', 'potassium', 6.8, NULL, 'mEq/L'::text, CURRENT_TIMESTAMP, 'final');
INSERT INTO observations (patient_id, observation_type, value_numeric, value_text, unit, observation_date, status)
VALUES ('4858acfa-a52e-43de-bb67-86388c8dff03', 'calcium', 8.2, NULL, 'mg/dL'::text, CURRENT_TIMESTAMP, 'final');
INSERT INTO observations (patient_id, observation_type, value_numeric, value_text, unit, observation_date, status)
VALUES ('4858acfa-a52e-43de-bb67-86388c8dff03', 'phosphorus', 4.9, NULL, 'mg/dL'::text, CURRENT_TIMESTAMP, 'final');
INSERT INTO observations (patient_id, observation_type, value_numeric, value_text, unit, observation_date, status)
VALUES ('4858acfa-a52e-43de-bb67-86388c8dff03', 'albumin', 3.1, NULL, 'g/dL'::text, CURRENT_TIMESTAMP, 'final');
INSERT INTO conditions (patient_id, condition_code, condition_name, clinical_status, onset_date, recorded_date, severity)
VALUES ('4858acfa-a52e-43de-bb67-86388c8dff03', 'N18.4', 'Chronic Kidney Disease, Stage 4', 'active', '2022-01-22', CURRENT_TIMESTAMP, 'severe');
INSERT INTO conditions (patient_id, condition_code, condition_name, clinical_status, onset_date, recorded_date, severity)
VALUES ('4858acfa-a52e-43de-bb67-86388c8dff03', 'I25.10', 'Coronary Artery Disease', 'active', '2022-01-22', CURRENT_TIMESTAMP, 'moderate');

-- Patient: Pamela Mason
INSERT INTO patients (
    id, medical_record_number, first_name, last_name, date_of_birth, gender, email, phone,
    weight, height, smoking_status, cvd_history, family_history_esrd,
    on_ras_inhibitor, on_sglt2i, nephrotoxic_meds, nephrologist_referral,
    diagnosis_date, last_visit_date, next_visit_date
) VALUES (
    '665e05de-589d-4b5b-b35d-9c785e1616c2', 'MRN195'::text, 'Pamela'::text, 'Mason'::text,
    '1988-11-09', 'female'::text, 'pamela.mason@email.com'::text, '+1-555-0001',
    94.8, 178, 'Never'::text,
    false, false,
    false, false,
    false, false,
    NULL, '2025-11-04'::text, '2026-03-22'::text
);
INSERT INTO observations (patient_id, observation_type, value_numeric, value_text, unit, observation_date, status)
VALUES ('665e05de-589d-4b5b-b35d-9c785e1616c2', 'eGFR', 112.28, NULL, 'mL/min/1.73m²'::text, CURRENT_TIMESTAMP, 'final');
INSERT INTO observations (patient_id, observation_type, value_numeric, value_text, unit, observation_date, status)
VALUES ('665e05de-589d-4b5b-b35d-9c785e1616c2', 'eGFR_trend', NULL, 'up'::text, NULL, CURRENT_TIMESTAMP, 'final');
INSERT INTO observations (patient_id, observation_type, value_numeric, value_text, unit, observation_date, status)
VALUES ('665e05de-589d-4b5b-b35d-9c785e1616c2', 'eGFR_change_percent', -1.3, NULL, '%'::text, CURRENT_TIMESTAMP, 'final');
INSERT INTO observations (patient_id, observation_type, value_numeric, value_text, unit, observation_date, status)
VALUES ('665e05de-589d-4b5b-b35d-9c785e1616c2', 'serum_creatinine', 0.76, NULL, 'mg/dL'::text, CURRENT_TIMESTAMP, 'final');
INSERT INTO observations (patient_id, observation_type, value_numeric, value_text, unit, observation_date, status)
VALUES ('665e05de-589d-4b5b-b35d-9c785e1616c2', 'BUN', 74, NULL, 'mg/dL'::text, CURRENT_TIMESTAMP, 'final');
INSERT INTO observations (patient_id, observation_type, value_numeric, value_text, unit, observation_date, status)
VALUES ('665e05de-589d-4b5b-b35d-9c785e1616c2', 'uACR', 32.87, NULL, 'mg/g'::text, CURRENT_TIMESTAMP, 'final');
INSERT INTO observations (patient_id, observation_type, value_numeric, value_text, unit, observation_date, status)
VALUES ('665e05de-589d-4b5b-b35d-9c785e1616c2', 'proteinuria_category', NULL, 'A1'::text, NULL, CURRENT_TIMESTAMP, 'final');
INSERT INTO observations (patient_id, observation_type, value_numeric, value_text, unit, observation_date, status)
VALUES ('665e05de-589d-4b5b-b35d-9c785e1616c2', 'blood_pressure_systolic', 130, NULL, 'mmHg'::text, CURRENT_TIMESTAMP, 'final');
INSERT INTO observations (patient_id, observation_type, value_numeric, value_text, unit, observation_date, status)
VALUES ('665e05de-589d-4b5b-b35d-9c785e1616c2', 'blood_pressure_diastolic', 75, NULL, 'mmHg'::text, CURRENT_TIMESTAMP, 'final');
INSERT INTO observations (patient_id, observation_type, value_numeric, value_text, unit, observation_date, status)
VALUES ('665e05de-589d-4b5b-b35d-9c785e1616c2', 'HbA1c', 6.1, NULL, '%'::text, CURRENT_TIMESTAMP, 'final');
INSERT INTO observations (patient_id, observation_type, value_numeric, value_text, unit, observation_date, status)
VALUES ('665e05de-589d-4b5b-b35d-9c785e1616c2', 'LDL_cholesterol', 109, NULL, 'mg/dL'::text, CURRENT_TIMESTAMP, 'final');
INSERT INTO observations (patient_id, observation_type, value_numeric, value_text, unit, observation_date, status)
VALUES ('665e05de-589d-4b5b-b35d-9c785e1616c2', 'HDL_cholesterol', 50, NULL, 'mg/dL'::text, CURRENT_TIMESTAMP, 'final');
INSERT INTO observations (patient_id, observation_type, value_numeric, value_text, unit, observation_date, status)
VALUES ('665e05de-589d-4b5b-b35d-9c785e1616c2', 'BMI', 29.9, NULL, 'kg/m²'::text, CURRENT_TIMESTAMP, 'final');
INSERT INTO observations (patient_id, observation_type, value_numeric, value_text, unit, observation_date, status)
VALUES ('665e05de-589d-4b5b-b35d-9c785e1616c2', 'hemoglobin', 13.6, NULL, 'g/dL'::text, CURRENT_TIMESTAMP, 'final');
INSERT INTO observations (patient_id, observation_type, value_numeric, value_text, unit, observation_date, status)
VALUES ('665e05de-589d-4b5b-b35d-9c785e1616c2', 'potassium', 4.9, NULL, 'mEq/L'::text, CURRENT_TIMESTAMP, 'final');
INSERT INTO observations (patient_id, observation_type, value_numeric, value_text, unit, observation_date, status)
VALUES ('665e05de-589d-4b5b-b35d-9c785e1616c2', 'calcium', 8.5, NULL, 'mg/dL'::text, CURRENT_TIMESTAMP, 'final');
INSERT INTO observations (patient_id, observation_type, value_numeric, value_text, unit, observation_date, status)
VALUES ('665e05de-589d-4b5b-b35d-9c785e1616c2', 'phosphorus', 3.6, NULL, 'mg/dL'::text, CURRENT_TIMESTAMP, 'final');
INSERT INTO observations (patient_id, observation_type, value_numeric, value_text, unit, observation_date, status)
VALUES ('665e05de-589d-4b5b-b35d-9c785e1616c2', 'albumin', 3.9, NULL, 'g/dL'::text, CURRENT_TIMESTAMP, 'final');

-- Patient: Gregory Morales
INSERT INTO patients (
    id, medical_record_number, first_name, last_name, date_of_birth, gender, email, phone,
    weight, height, smoking_status, cvd_history, family_history_esrd,
    on_ras_inhibitor, on_sglt2i, nephrotoxic_meds, nephrologist_referral,
    diagnosis_date, last_visit_date, next_visit_date
) VALUES (
    '2bf2d1b0-9ef3-4fb8-bac6-af665cbe8e43', 'MRN196'::text, 'Gregory'::text, 'Morales'::text,
    '1960-11-09', 'male'::text, 'gregory.morales@email.com'::text, '+1-555-0001',
    90.9, 188, 'Never'::text,
    false, true,
    false, false,
    false, true,
    '2022-12-16', '2025-10-12'::text, '2026-02-17'::text
);
INSERT INTO observations (patient_id, observation_type, value_numeric, value_text, unit, observation_date, status)
VALUES ('2bf2d1b0-9ef3-4fb8-bac6-af665cbe8e43', 'eGFR', 31.32, NULL, 'mL/min/1.73m²'::text, CURRENT_TIMESTAMP, 'final');
INSERT INTO observations (patient_id, observation_type, value_numeric, value_text, unit, observation_date, status)
VALUES ('2bf2d1b0-9ef3-4fb8-bac6-af665cbe8e43', 'eGFR_trend', NULL, 'stable'::text, NULL, CURRENT_TIMESTAMP, 'final');
INSERT INTO observations (patient_id, observation_type, value_numeric, value_text, unit, observation_date, status)
VALUES ('2bf2d1b0-9ef3-4fb8-bac6-af665cbe8e43', 'eGFR_change_percent', -0.8, NULL, '%'::text, CURRENT_TIMESTAMP, 'final');
INSERT INTO observations (patient_id, observation_type, value_numeric, value_text, unit, observation_date, status)
VALUES ('2bf2d1b0-9ef3-4fb8-bac6-af665cbe8e43', 'serum_creatinine', 1.31, NULL, 'mg/dL'::text, CURRENT_TIMESTAMP, 'final');
INSERT INTO observations (patient_id, observation_type, value_numeric, value_text, unit, observation_date, status)
VALUES ('2bf2d1b0-9ef3-4fb8-bac6-af665cbe8e43', 'BUN', 98, NULL, 'mg/dL'::text, CURRENT_TIMESTAMP, 'final');
INSERT INTO observations (patient_id, observation_type, value_numeric, value_text, unit, observation_date, status)
VALUES ('2bf2d1b0-9ef3-4fb8-bac6-af665cbe8e43', 'uACR', 270.09, NULL, 'mg/g'::text, CURRENT_TIMESTAMP, 'final');
INSERT INTO observations (patient_id, observation_type, value_numeric, value_text, unit, observation_date, status)
VALUES ('2bf2d1b0-9ef3-4fb8-bac6-af665cbe8e43', 'proteinuria_category', NULL, 'A2'::text, NULL, CURRENT_TIMESTAMP, 'final');
INSERT INTO observations (patient_id, observation_type, value_numeric, value_text, unit, observation_date, status)
VALUES ('2bf2d1b0-9ef3-4fb8-bac6-af665cbe8e43', 'blood_pressure_systolic', 146, NULL, 'mmHg'::text, CURRENT_TIMESTAMP, 'final');
INSERT INTO observations (patient_id, observation_type, value_numeric, value_text, unit, observation_date, status)
VALUES ('2bf2d1b0-9ef3-4fb8-bac6-af665cbe8e43', 'blood_pressure_diastolic', 86, NULL, 'mmHg'::text, CURRENT_TIMESTAMP, 'final');
INSERT INTO observations (patient_id, observation_type, value_numeric, value_text, unit, observation_date, status)
VALUES ('2bf2d1b0-9ef3-4fb8-bac6-af665cbe8e43', 'HbA1c', 5.3, NULL, '%'::text, CURRENT_TIMESTAMP, 'final');
INSERT INTO observations (patient_id, observation_type, value_numeric, value_text, unit, observation_date, status)
VALUES ('2bf2d1b0-9ef3-4fb8-bac6-af665cbe8e43', 'LDL_cholesterol', 91, NULL, 'mg/dL'::text, CURRENT_TIMESTAMP, 'final');
INSERT INTO observations (patient_id, observation_type, value_numeric, value_text, unit, observation_date, status)
VALUES ('2bf2d1b0-9ef3-4fb8-bac6-af665cbe8e43', 'HDL_cholesterol', 38, NULL, 'mg/dL'::text, CURRENT_TIMESTAMP, 'final');
INSERT INTO observations (patient_id, observation_type, value_numeric, value_text, unit, observation_date, status)
VALUES ('2bf2d1b0-9ef3-4fb8-bac6-af665cbe8e43', 'BMI', 25.7, NULL, 'kg/m²'::text, CURRENT_TIMESTAMP, 'final');
INSERT INTO observations (patient_id, observation_type, value_numeric, value_text, unit, observation_date, status)
VALUES ('2bf2d1b0-9ef3-4fb8-bac6-af665cbe8e43', 'hemoglobin', 12.9, NULL, 'g/dL'::text, CURRENT_TIMESTAMP, 'final');
INSERT INTO observations (patient_id, observation_type, value_numeric, value_text, unit, observation_date, status)
VALUES ('2bf2d1b0-9ef3-4fb8-bac6-af665cbe8e43', 'potassium', 3.9, NULL, 'mEq/L'::text, CURRENT_TIMESTAMP, 'final');
INSERT INTO observations (patient_id, observation_type, value_numeric, value_text, unit, observation_date, status)
VALUES ('2bf2d1b0-9ef3-4fb8-bac6-af665cbe8e43', 'calcium', 8.6, NULL, 'mg/dL'::text, CURRENT_TIMESTAMP, 'final');
INSERT INTO observations (patient_id, observation_type, value_numeric, value_text, unit, observation_date, status)
VALUES ('2bf2d1b0-9ef3-4fb8-bac6-af665cbe8e43', 'phosphorus', 4.4, NULL, 'mg/dL'::text, CURRENT_TIMESTAMP, 'final');
INSERT INTO observations (patient_id, observation_type, value_numeric, value_text, unit, observation_date, status)
VALUES ('2bf2d1b0-9ef3-4fb8-bac6-af665cbe8e43', 'albumin', 3.4, NULL, 'g/dL'::text, CURRENT_TIMESTAMP, 'final');
INSERT INTO conditions (patient_id, condition_code, condition_name, clinical_status, onset_date, recorded_date, severity)
VALUES ('2bf2d1b0-9ef3-4fb8-bac6-af665cbe8e43', 'N18.3', 'Chronic Kidney Disease, Stage 3', 'active', '2022-12-16', CURRENT_TIMESTAMP, 'moderate');

-- Patient: Debra Washington
INSERT INTO patients (
    id, medical_record_number, first_name, last_name, date_of_birth, gender, email, phone,
    weight, height, smoking_status, cvd_history, family_history_esrd,
    on_ras_inhibitor, on_sglt2i, nephrotoxic_meds, nephrologist_referral,
    diagnosis_date, last_visit_date, next_visit_date
) VALUES (
    '299f3151-27b2-48e2-9fd0-e09275f14c55', 'MRN197'::text, 'Debra'::text, 'Washington'::text,
    '1975-11-09', 'female'::text, 'debra.washington@email.com'::text, '+1-555-0001',
    66.1, 166, 'Current'::text,
    false, true,
    true, false,
    false, false,
    '2024-04-04', '2025-10-19'::text, '2026-04-29'::text
);
INSERT INTO observations (patient_id, observation_type, value_numeric, value_text, unit, observation_date, status)
VALUES ('299f3151-27b2-48e2-9fd0-e09275f14c55', 'eGFR', 93.87, NULL, 'mL/min/1.73m²'::text, CURRENT_TIMESTAMP, 'final');
INSERT INTO observations (patient_id, observation_type, value_numeric, value_text, unit, observation_date, status)
VALUES ('299f3151-27b2-48e2-9fd0-e09275f14c55', 'eGFR_trend', NULL, 'down'::text, NULL, CURRENT_TIMESTAMP, 'final');
INSERT INTO observations (patient_id, observation_type, value_numeric, value_text, unit, observation_date, status)
VALUES ('299f3151-27b2-48e2-9fd0-e09275f14c55', 'eGFR_change_percent', -1.7, NULL, '%'::text, CURRENT_TIMESTAMP, 'final');
INSERT INTO observations (patient_id, observation_type, value_numeric, value_text, unit, observation_date, status)
VALUES ('299f3151-27b2-48e2-9fd0-e09275f14c55', 'serum_creatinine', 0.97, NULL, 'mg/dL'::text, CURRENT_TIMESTAMP, 'final');
INSERT INTO observations (patient_id, observation_type, value_numeric, value_text, unit, observation_date, status)
VALUES ('299f3151-27b2-48e2-9fd0-e09275f14c55', 'BUN', 71, NULL, 'mg/dL'::text, CURRENT_TIMESTAMP, 'final');
INSERT INTO observations (patient_id, observation_type, value_numeric, value_text, unit, observation_date, status)
VALUES ('299f3151-27b2-48e2-9fd0-e09275f14c55', 'uACR', 14.27, NULL, 'mg/g'::text, CURRENT_TIMESTAMP, 'final');
INSERT INTO observations (patient_id, observation_type, value_numeric, value_text, unit, observation_date, status)
VALUES ('299f3151-27b2-48e2-9fd0-e09275f14c55', 'proteinuria_category', NULL, 'A1'::text, NULL, CURRENT_TIMESTAMP, 'final');
INSERT INTO observations (patient_id, observation_type, value_numeric, value_text, unit, observation_date, status)
VALUES ('299f3151-27b2-48e2-9fd0-e09275f14c55', 'blood_pressure_systolic', 132, NULL, 'mmHg'::text, CURRENT_TIMESTAMP, 'final');
INSERT INTO observations (patient_id, observation_type, value_numeric, value_text, unit, observation_date, status)
VALUES ('299f3151-27b2-48e2-9fd0-e09275f14c55', 'blood_pressure_diastolic', 76, NULL, 'mmHg'::text, CURRENT_TIMESTAMP, 'final');
INSERT INTO observations (patient_id, observation_type, value_numeric, value_text, unit, observation_date, status)
VALUES ('299f3151-27b2-48e2-9fd0-e09275f14c55', 'HbA1c', 5.5, NULL, '%'::text, CURRENT_TIMESTAMP, 'final');
INSERT INTO observations (patient_id, observation_type, value_numeric, value_text, unit, observation_date, status)
VALUES ('299f3151-27b2-48e2-9fd0-e09275f14c55', 'LDL_cholesterol', 139, NULL, 'mg/dL'::text, CURRENT_TIMESTAMP, 'final');
INSERT INTO observations (patient_id, observation_type, value_numeric, value_text, unit, observation_date, status)
VALUES ('299f3151-27b2-48e2-9fd0-e09275f14c55', 'HDL_cholesterol', 40, NULL, 'mg/dL'::text, CURRENT_TIMESTAMP, 'final');
INSERT INTO observations (patient_id, observation_type, value_numeric, value_text, unit, observation_date, status)
VALUES ('299f3151-27b2-48e2-9fd0-e09275f14c55', 'BMI', 24.0, NULL, 'kg/m²'::text, CURRENT_TIMESTAMP, 'final');
INSERT INTO observations (patient_id, observation_type, value_numeric, value_text, unit, observation_date, status)
VALUES ('299f3151-27b2-48e2-9fd0-e09275f14c55', 'hemoglobin', 14.0, NULL, 'g/dL'::text, CURRENT_TIMESTAMP, 'final');
INSERT INTO observations (patient_id, observation_type, value_numeric, value_text, unit, observation_date, status)
VALUES ('299f3151-27b2-48e2-9fd0-e09275f14c55', 'potassium', 3.9, NULL, 'mEq/L'::text, CURRENT_TIMESTAMP, 'final');
INSERT INTO observations (patient_id, observation_type, value_numeric, value_text, unit, observation_date, status)
VALUES ('299f3151-27b2-48e2-9fd0-e09275f14c55', 'calcium', 8.7, NULL, 'mg/dL'::text, CURRENT_TIMESTAMP, 'final');
INSERT INTO observations (patient_id, observation_type, value_numeric, value_text, unit, observation_date, status)
VALUES ('299f3151-27b2-48e2-9fd0-e09275f14c55', 'phosphorus', 3.5, NULL, 'mg/dL'::text, CURRENT_TIMESTAMP, 'final');
INSERT INTO observations (patient_id, observation_type, value_numeric, value_text, unit, observation_date, status)
VALUES ('299f3151-27b2-48e2-9fd0-e09275f14c55', 'albumin', 4.1, NULL, 'g/dL'::text, CURRENT_TIMESTAMP, 'final');
INSERT INTO conditions (patient_id, condition_code, condition_name, clinical_status, onset_date, recorded_date, severity)
VALUES ('299f3151-27b2-48e2-9fd0-e09275f14c55', 'N18.1', 'Chronic Kidney Disease, Stage 1', 'active', '2024-04-04', CURRENT_TIMESTAMP, 'mild');

-- Patient: Clara Watkins
INSERT INTO patients (
    id, medical_record_number, first_name, last_name, date_of_birth, gender, email, phone,
    weight, height, smoking_status, cvd_history, family_history_esrd,
    on_ras_inhibitor, on_sglt2i, nephrotoxic_meds, nephrologist_referral,
    diagnosis_date, last_visit_date, next_visit_date
) VALUES (
    'e6d77597-0054-423f-a0b0-2a18885b0124', 'MRN198'::text, 'Clara'::text, 'Watkins'::text,
    '1963-11-09', 'female'::text, 'clara.watkins@email.com'::text, '+1-555-0001',
    94.0, 177, 'Never'::text,
    true, false,
    true, false,
    true, true,
    '2017-02-27', '2025-10-28'::text, '2025-12-09'::text
);
INSERT INTO observations (patient_id, observation_type, value_numeric, value_text, unit, observation_date, status)
VALUES ('e6d77597-0054-423f-a0b0-2a18885b0124', 'eGFR', 13.82, NULL, 'mL/min/1.73m²'::text, CURRENT_TIMESTAMP, 'final');
INSERT INTO observations (patient_id, observation_type, value_numeric, value_text, unit, observation_date, status)
VALUES ('e6d77597-0054-423f-a0b0-2a18885b0124', 'eGFR_trend', NULL, 'down'::text, NULL, CURRENT_TIMESTAMP, 'final');
INSERT INTO observations (patient_id, observation_type, value_numeric, value_text, unit, observation_date, status)
VALUES ('e6d77597-0054-423f-a0b0-2a18885b0124', 'eGFR_change_percent', -8.8, NULL, '%'::text, CURRENT_TIMESTAMP, 'final');
INSERT INTO observations (patient_id, observation_type, value_numeric, value_text, unit, observation_date, status)
VALUES ('e6d77597-0054-423f-a0b0-2a18885b0124', 'serum_creatinine', 5.51, NULL, 'mg/dL'::text, CURRENT_TIMESTAMP, 'final');
INSERT INTO observations (patient_id, observation_type, value_numeric, value_text, unit, observation_date, status)
VALUES ('e6d77597-0054-423f-a0b0-2a18885b0124', 'BUN', 214, NULL, 'mg/dL'::text, CURRENT_TIMESTAMP, 'final');
INSERT INTO observations (patient_id, observation_type, value_numeric, value_text, unit, observation_date, status)
VALUES ('e6d77597-0054-423f-a0b0-2a18885b0124', 'uACR', 429.73, NULL, 'mg/g'::text, CURRENT_TIMESTAMP, 'final');
INSERT INTO observations (patient_id, observation_type, value_numeric, value_text, unit, observation_date, status)
VALUES ('e6d77597-0054-423f-a0b0-2a18885b0124', 'proteinuria_category', NULL, 'A3'::text, NULL, CURRENT_TIMESTAMP, 'final');
INSERT INTO observations (patient_id, observation_type, value_numeric, value_text, unit, observation_date, status)
VALUES ('e6d77597-0054-423f-a0b0-2a18885b0124', 'blood_pressure_systolic', 160, NULL, 'mmHg'::text, CURRENT_TIMESTAMP, 'final');
INSERT INTO observations (patient_id, observation_type, value_numeric, value_text, unit, observation_date, status)
VALUES ('e6d77597-0054-423f-a0b0-2a18885b0124', 'blood_pressure_diastolic', 95, NULL, 'mmHg'::text, CURRENT_TIMESTAMP, 'final');
INSERT INTO observations (patient_id, observation_type, value_numeric, value_text, unit, observation_date, status)
VALUES ('e6d77597-0054-423f-a0b0-2a18885b0124', 'HbA1c', 8.0, NULL, '%'::text, CURRENT_TIMESTAMP, 'final');
INSERT INTO observations (patient_id, observation_type, value_numeric, value_text, unit, observation_date, status)
VALUES ('e6d77597-0054-423f-a0b0-2a18885b0124', 'LDL_cholesterol', 107, NULL, 'mg/dL'::text, CURRENT_TIMESTAMP, 'final');
INSERT INTO observations (patient_id, observation_type, value_numeric, value_text, unit, observation_date, status)
VALUES ('e6d77597-0054-423f-a0b0-2a18885b0124', 'HDL_cholesterol', 55, NULL, 'mg/dL'::text, CURRENT_TIMESTAMP, 'final');
INSERT INTO observations (patient_id, observation_type, value_numeric, value_text, unit, observation_date, status)
VALUES ('e6d77597-0054-423f-a0b0-2a18885b0124', 'BMI', 30.0, NULL, 'kg/m²'::text, CURRENT_TIMESTAMP, 'final');
INSERT INTO observations (patient_id, observation_type, value_numeric, value_text, unit, observation_date, status)
VALUES ('e6d77597-0054-423f-a0b0-2a18885b0124', 'hemoglobin', 8.5, NULL, 'g/dL'::text, CURRENT_TIMESTAMP, 'final');
INSERT INTO observations (patient_id, observation_type, value_numeric, value_text, unit, observation_date, status)
VALUES ('e6d77597-0054-423f-a0b0-2a18885b0124', 'potassium', 5.7, NULL, 'mEq/L'::text, CURRENT_TIMESTAMP, 'final');
INSERT INTO observations (patient_id, observation_type, value_numeric, value_text, unit, observation_date, status)
VALUES ('e6d77597-0054-423f-a0b0-2a18885b0124', 'calcium', 9.4, NULL, 'mg/dL'::text, CURRENT_TIMESTAMP, 'final');
INSERT INTO observations (patient_id, observation_type, value_numeric, value_text, unit, observation_date, status)
VALUES ('e6d77597-0054-423f-a0b0-2a18885b0124', 'phosphorus', 5.9, NULL, 'mg/dL'::text, CURRENT_TIMESTAMP, 'final');
INSERT INTO observations (patient_id, observation_type, value_numeric, value_text, unit, observation_date, status)
VALUES ('e6d77597-0054-423f-a0b0-2a18885b0124', 'albumin', 2.9, NULL, 'g/dL'::text, CURRENT_TIMESTAMP, 'final');
INSERT INTO conditions (patient_id, condition_code, condition_name, clinical_status, onset_date, recorded_date, severity)
VALUES ('e6d77597-0054-423f-a0b0-2a18885b0124', 'E11.9', 'Type 2 Diabetes Mellitus', 'active', '2017-02-27', CURRENT_TIMESTAMP, 'moderate');
INSERT INTO conditions (patient_id, condition_code, condition_name, clinical_status, onset_date, recorded_date, severity)
VALUES ('e6d77597-0054-423f-a0b0-2a18885b0124', 'I10', 'Essential Hypertension', 'active', '2017-02-27', CURRENT_TIMESTAMP, 'moderate');
INSERT INTO conditions (patient_id, condition_code, condition_name, clinical_status, onset_date, recorded_date, severity)
VALUES ('e6d77597-0054-423f-a0b0-2a18885b0124', 'N18.5', 'Chronic Kidney Disease, Stage 5', 'active', '2017-02-27', CURRENT_TIMESTAMP, 'severe');
INSERT INTO conditions (patient_id, condition_code, condition_name, clinical_status, onset_date, recorded_date, severity)
VALUES ('e6d77597-0054-423f-a0b0-2a18885b0124', 'I25.10', 'Coronary Artery Disease', 'active', '2017-02-27', CURRENT_TIMESTAMP, 'moderate');

-- Patient: Albert Myers
INSERT INTO patients (
    id, medical_record_number, first_name, last_name, date_of_birth, gender, email, phone,
    weight, height, smoking_status, cvd_history, family_history_esrd,
    on_ras_inhibitor, on_sglt2i, nephrotoxic_meds, nephrologist_referral,
    diagnosis_date, last_visit_date, next_visit_date
) VALUES (
    'c971371c-b831-475a-af4f-e933c2e17949', 'MRN199'::text, 'Albert'::text, 'Myers'::text,
    '1954-11-09', 'male'::text, 'albert.myers@email.com'::text, '+1-555-0001',
    85.2, 182, 'Former'::text,
    true, false,
    true, true,
    false, true,
    '2017-02-27', '2025-10-14'::text, '2025-12-02'::text
);
INSERT INTO observations (patient_id, observation_type, value_numeric, value_text, unit, observation_date, status)
VALUES ('c971371c-b831-475a-af4f-e933c2e17949', 'eGFR', 9.87, NULL, 'mL/min/1.73m²'::text, CURRENT_TIMESTAMP, 'final');
INSERT INTO observations (patient_id, observation_type, value_numeric, value_text, unit, observation_date, status)
VALUES ('c971371c-b831-475a-af4f-e933c2e17949', 'eGFR_trend', NULL, 'down'::text, NULL, CURRENT_TIMESTAMP, 'final');
INSERT INTO observations (patient_id, observation_type, value_numeric, value_text, unit, observation_date, status)
VALUES ('c971371c-b831-475a-af4f-e933c2e17949', 'eGFR_change_percent', -8.0, NULL, '%'::text, CURRENT_TIMESTAMP, 'final');
INSERT INTO observations (patient_id, observation_type, value_numeric, value_text, unit, observation_date, status)
VALUES ('c971371c-b831-475a-af4f-e933c2e17949', 'serum_creatinine', 4.94, NULL, 'mg/dL'::text, CURRENT_TIMESTAMP, 'final');
INSERT INTO observations (patient_id, observation_type, value_numeric, value_text, unit, observation_date, status)
VALUES ('c971371c-b831-475a-af4f-e933c2e17949', 'BUN', 132, NULL, 'mg/dL'::text, CURRENT_TIMESTAMP, 'final');
INSERT INTO observations (patient_id, observation_type, value_numeric, value_text, unit, observation_date, status)
VALUES ('c971371c-b831-475a-af4f-e933c2e17949', 'uACR', 537.88, NULL, 'mg/g'::text, CURRENT_TIMESTAMP, 'final');
INSERT INTO observations (patient_id, observation_type, value_numeric, value_text, unit, observation_date, status)
VALUES ('c971371c-b831-475a-af4f-e933c2e17949', 'proteinuria_category', NULL, 'A3'::text, NULL, CURRENT_TIMESTAMP, 'final');
INSERT INTO observations (patient_id, observation_type, value_numeric, value_text, unit, observation_date, status)
VALUES ('c971371c-b831-475a-af4f-e933c2e17949', 'blood_pressure_systolic', 153, NULL, 'mmHg'::text, CURRENT_TIMESTAMP, 'final');
INSERT INTO observations (patient_id, observation_type, value_numeric, value_text, unit, observation_date, status)
VALUES ('c971371c-b831-475a-af4f-e933c2e17949', 'blood_pressure_diastolic', 106, NULL, 'mmHg'::text, CURRENT_TIMESTAMP, 'final');
INSERT INTO observations (patient_id, observation_type, value_numeric, value_text, unit, observation_date, status)
VALUES ('c971371c-b831-475a-af4f-e933c2e17949', 'HbA1c', 8.3, NULL, '%'::text, CURRENT_TIMESTAMP, 'final');
INSERT INTO observations (patient_id, observation_type, value_numeric, value_text, unit, observation_date, status)
VALUES ('c971371c-b831-475a-af4f-e933c2e17949', 'LDL_cholesterol', 157, NULL, 'mg/dL'::text, CURRENT_TIMESTAMP, 'final');
INSERT INTO observations (patient_id, observation_type, value_numeric, value_text, unit, observation_date, status)
VALUES ('c971371c-b831-475a-af4f-e933c2e17949', 'HDL_cholesterol', 61, NULL, 'mg/dL'::text, CURRENT_TIMESTAMP, 'final');
INSERT INTO observations (patient_id, observation_type, value_numeric, value_text, unit, observation_date, status)
VALUES ('c971371c-b831-475a-af4f-e933c2e17949', 'BMI', 25.7, NULL, 'kg/m²'::text, CURRENT_TIMESTAMP, 'final');
INSERT INTO observations (patient_id, observation_type, value_numeric, value_text, unit, observation_date, status)
VALUES ('c971371c-b831-475a-af4f-e933c2e17949', 'hemoglobin', 10.5, NULL, 'g/dL'::text, CURRENT_TIMESTAMP, 'final');
INSERT INTO observations (patient_id, observation_type, value_numeric, value_text, unit, observation_date, status)
VALUES ('c971371c-b831-475a-af4f-e933c2e17949', 'potassium', 5.3, NULL, 'mEq/L'::text, CURRENT_TIMESTAMP, 'final');
INSERT INTO observations (patient_id, observation_type, value_numeric, value_text, unit, observation_date, status)
VALUES ('c971371c-b831-475a-af4f-e933c2e17949', 'calcium', 9.6, NULL, 'mg/dL'::text, CURRENT_TIMESTAMP, 'final');
INSERT INTO observations (patient_id, observation_type, value_numeric, value_text, unit, observation_date, status)
VALUES ('c971371c-b831-475a-af4f-e933c2e17949', 'phosphorus', 6.0, NULL, 'mg/dL'::text, CURRENT_TIMESTAMP, 'final');
INSERT INTO observations (patient_id, observation_type, value_numeric, value_text, unit, observation_date, status)
VALUES ('c971371c-b831-475a-af4f-e933c2e17949', 'albumin', 2.8, NULL, 'g/dL'::text, CURRENT_TIMESTAMP, 'final');
INSERT INTO conditions (patient_id, condition_code, condition_name, clinical_status, onset_date, recorded_date, severity)
VALUES ('c971371c-b831-475a-af4f-e933c2e17949', 'E11.9', 'Type 2 Diabetes Mellitus', 'active', '2017-02-27', CURRENT_TIMESTAMP, 'moderate');
INSERT INTO conditions (patient_id, condition_code, condition_name, clinical_status, onset_date, recorded_date, severity)
VALUES ('c971371c-b831-475a-af4f-e933c2e17949', 'I10', 'Essential Hypertension', 'active', '2017-02-27', CURRENT_TIMESTAMP, 'moderate');
INSERT INTO conditions (patient_id, condition_code, condition_name, clinical_status, onset_date, recorded_date, severity)
VALUES ('c971371c-b831-475a-af4f-e933c2e17949', 'N18.5', 'Chronic Kidney Disease, Stage 5', 'active', '2017-02-27', CURRENT_TIMESTAMP, 'severe');
INSERT INTO conditions (patient_id, condition_code, condition_name, clinical_status, onset_date, recorded_date, severity)
VALUES ('c971371c-b831-475a-af4f-e933c2e17949', 'I25.10', 'Coronary Artery Disease', 'active', '2017-02-27', CURRENT_TIMESTAMP, 'moderate');

-- Patient: Eva Long
INSERT INTO patients (
    id, medical_record_number, first_name, last_name, date_of_birth, gender, email, phone,
    weight, height, smoking_status, cvd_history, family_history_esrd,
    on_ras_inhibitor, on_sglt2i, nephrotoxic_meds, nephrologist_referral,
    diagnosis_date, last_visit_date, next_visit_date
) VALUES (
    '2a85dc68-63d1-470a-8e3f-06c525af75f3', 'MRN200'::text, 'Eva'::text, 'Long'::text,
    '1952-11-09', 'female'::text, 'eva.long@email.com'::text, '+1-555-0001',
    55.0, 159, 'Never'::text,
    false, false,
    true, false,
    true, true,
    '2015-12-17', '2025-10-12'::text, '2025-12-06'::text
);
INSERT INTO observations (patient_id, observation_type, value_numeric, value_text, unit, observation_date, status)
VALUES ('2a85dc68-63d1-470a-8e3f-06c525af75f3', 'eGFR', 6.77, NULL, 'mL/min/1.73m²'::text, CURRENT_TIMESTAMP, 'final');
INSERT INTO observations (patient_id, observation_type, value_numeric, value_text, unit, observation_date, status)
VALUES ('2a85dc68-63d1-470a-8e3f-06c525af75f3', 'eGFR_trend', NULL, 'down'::text, NULL, CURRENT_TIMESTAMP, 'final');
INSERT INTO observations (patient_id, observation_type, value_numeric, value_text, unit, observation_date, status)
VALUES ('2a85dc68-63d1-470a-8e3f-06c525af75f3', 'eGFR_change_percent', -7.0, NULL, '%'::text, CURRENT_TIMESTAMP, 'final');
INSERT INTO observations (patient_id, observation_type, value_numeric, value_text, unit, observation_date, status)
VALUES ('2a85dc68-63d1-470a-8e3f-06c525af75f3', 'serum_creatinine', 5.75, NULL, 'mg/dL'::text, CURRENT_TIMESTAMP, 'final');
INSERT INTO observations (patient_id, observation_type, value_numeric, value_text, unit, observation_date, status)
VALUES ('2a85dc68-63d1-470a-8e3f-06c525af75f3', 'BUN', 151, NULL, 'mg/dL'::text, CURRENT_TIMESTAMP, 'final');
INSERT INTO observations (patient_id, observation_type, value_numeric, value_text, unit, observation_date, status)
VALUES ('2a85dc68-63d1-470a-8e3f-06c525af75f3', 'uACR', 897.79, NULL, 'mg/g'::text, CURRENT_TIMESTAMP, 'final');
INSERT INTO observations (patient_id, observation_type, value_numeric, value_text, unit, observation_date, status)
VALUES ('2a85dc68-63d1-470a-8e3f-06c525af75f3', 'proteinuria_category', NULL, 'A3'::text, NULL, CURRENT_TIMESTAMP, 'final');
INSERT INTO observations (patient_id, observation_type, value_numeric, value_text, unit, observation_date, status)
VALUES ('2a85dc68-63d1-470a-8e3f-06c525af75f3', 'blood_pressure_systolic', 159, NULL, 'mmHg'::text, CURRENT_TIMESTAMP, 'final');
INSERT INTO observations (patient_id, observation_type, value_numeric, value_text, unit, observation_date, status)
VALUES ('2a85dc68-63d1-470a-8e3f-06c525af75f3', 'blood_pressure_diastolic', 96, NULL, 'mmHg'::text, CURRENT_TIMESTAMP, 'final');
INSERT INTO observations (patient_id, observation_type, value_numeric, value_text, unit, observation_date, status)
VALUES ('2a85dc68-63d1-470a-8e3f-06c525af75f3', 'HbA1c', 5.8, NULL, '%'::text, CURRENT_TIMESTAMP, 'final');
INSERT INTO observations (patient_id, observation_type, value_numeric, value_text, unit, observation_date, status)
VALUES ('2a85dc68-63d1-470a-8e3f-06c525af75f3', 'LDL_cholesterol', 127, NULL, 'mg/dL'::text, CURRENT_TIMESTAMP, 'final');
INSERT INTO observations (patient_id, observation_type, value_numeric, value_text, unit, observation_date, status)
VALUES ('2a85dc68-63d1-470a-8e3f-06c525af75f3', 'HDL_cholesterol', 35, NULL, 'mg/dL'::text, CURRENT_TIMESTAMP, 'final');
INSERT INTO observations (patient_id, observation_type, value_numeric, value_text, unit, observation_date, status)
VALUES ('2a85dc68-63d1-470a-8e3f-06c525af75f3', 'BMI', 21.8, NULL, 'kg/m²'::text, CURRENT_TIMESTAMP, 'final');
INSERT INTO observations (patient_id, observation_type, value_numeric, value_text, unit, observation_date, status)
VALUES ('2a85dc68-63d1-470a-8e3f-06c525af75f3', 'hemoglobin', 9.2, NULL, 'g/dL'::text, CURRENT_TIMESTAMP, 'final');
INSERT INTO observations (patient_id, observation_type, value_numeric, value_text, unit, observation_date, status)
VALUES ('2a85dc68-63d1-470a-8e3f-06c525af75f3', 'potassium', 6.1, NULL, 'mEq/L'::text, CURRENT_TIMESTAMP, 'final');
INSERT INTO observations (patient_id, observation_type, value_numeric, value_text, unit, observation_date, status)
VALUES ('2a85dc68-63d1-470a-8e3f-06c525af75f3', 'calcium', 9.4, NULL, 'mg/dL'::text, CURRENT_TIMESTAMP, 'final');
INSERT INTO observations (patient_id, observation_type, value_numeric, value_text, unit, observation_date, status)
VALUES ('2a85dc68-63d1-470a-8e3f-06c525af75f3', 'phosphorus', 6.2, NULL, 'mg/dL'::text, CURRENT_TIMESTAMP, 'final');
INSERT INTO observations (patient_id, observation_type, value_numeric, value_text, unit, observation_date, status)
VALUES ('2a85dc68-63d1-470a-8e3f-06c525af75f3', 'albumin', 3.2, NULL, 'g/dL'::text, CURRENT_TIMESTAMP, 'final');
INSERT INTO conditions (patient_id, condition_code, condition_name, clinical_status, onset_date, recorded_date, severity)
VALUES ('2a85dc68-63d1-470a-8e3f-06c525af75f3', 'I10', 'Essential Hypertension', 'active', '2015-12-17', CURRENT_TIMESTAMP, 'moderate');
INSERT INTO conditions (patient_id, condition_code, condition_name, clinical_status, onset_date, recorded_date, severity)
VALUES ('2a85dc68-63d1-470a-8e3f-06c525af75f3', 'N18.5', 'Chronic Kidney Disease, Stage 5', 'active', '2015-12-17', CURRENT_TIMESTAMP, 'severe');

-- Patient: Samuel Cook
INSERT INTO patients (
    id, medical_record_number, first_name, last_name, date_of_birth, gender, email, phone,
    weight, height, smoking_status, cvd_history, family_history_esrd,
    on_ras_inhibitor, on_sglt2i, nephrotoxic_meds, nephrologist_referral,
    diagnosis_date, last_visit_date, next_visit_date
) VALUES (
    '36cc920f-4aca-4564-8c31-f07a615b0542', 'MRN201'::text, 'Samuel'::text, 'Cook'::text,
    '1978-11-09', 'male'::text, 'samuel.cook@email.com'::text, '+1-555-0001',
    84.0, 179, 'Never'::text,
    false, false,
    false, false,
    false, false,
    '2024-07-23', '2025-10-28'::text, '2026-03-28'::text
);
INSERT INTO observations (patient_id, observation_type, value_numeric, value_text, unit, observation_date, status)
VALUES ('36cc920f-4aca-4564-8c31-f07a615b0542', 'eGFR', 108.93, NULL, 'mL/min/1.73m²'::text, CURRENT_TIMESTAMP, 'final');
INSERT INTO observations (patient_id, observation_type, value_numeric, value_text, unit, observation_date, status)
VALUES ('36cc920f-4aca-4564-8c31-f07a615b0542', 'eGFR_trend', NULL, 'stable'::text, NULL, CURRENT_TIMESTAMP, 'final');
INSERT INTO observations (patient_id, observation_type, value_numeric, value_text, unit, observation_date, status)
VALUES ('36cc920f-4aca-4564-8c31-f07a615b0542', 'eGFR_change_percent', 4.0, NULL, '%'::text, CURRENT_TIMESTAMP, 'final');
INSERT INTO observations (patient_id, observation_type, value_numeric, value_text, unit, observation_date, status)
VALUES ('36cc920f-4aca-4564-8c31-f07a615b0542', 'serum_creatinine', 0.79, NULL, 'mg/dL'::text, CURRENT_TIMESTAMP, 'final');
INSERT INTO observations (patient_id, observation_type, value_numeric, value_text, unit, observation_date, status)
VALUES ('36cc920f-4aca-4564-8c31-f07a615b0542', 'BUN', 60, NULL, 'mg/dL'::text, CURRENT_TIMESTAMP, 'final');
INSERT INTO observations (patient_id, observation_type, value_numeric, value_text, unit, observation_date, status)
VALUES ('36cc920f-4aca-4564-8c31-f07a615b0542', 'uACR', 29.45, NULL, 'mg/g'::text, CURRENT_TIMESTAMP, 'final');
INSERT INTO observations (patient_id, observation_type, value_numeric, value_text, unit, observation_date, status)
VALUES ('36cc920f-4aca-4564-8c31-f07a615b0542', 'proteinuria_category', NULL, 'A1'::text, NULL, CURRENT_TIMESTAMP, 'final');
INSERT INTO observations (patient_id, observation_type, value_numeric, value_text, unit, observation_date, status)
VALUES ('36cc920f-4aca-4564-8c31-f07a615b0542', 'blood_pressure_systolic', 122, NULL, 'mmHg'::text, CURRENT_TIMESTAMP, 'final');
INSERT INTO observations (patient_id, observation_type, value_numeric, value_text, unit, observation_date, status)
VALUES ('36cc920f-4aca-4564-8c31-f07a615b0542', 'blood_pressure_diastolic', 81, NULL, 'mmHg'::text, CURRENT_TIMESTAMP, 'final');
INSERT INTO observations (patient_id, observation_type, value_numeric, value_text, unit, observation_date, status)
VALUES ('36cc920f-4aca-4564-8c31-f07a615b0542', 'HbA1c', 5.4, NULL, '%'::text, CURRENT_TIMESTAMP, 'final');
INSERT INTO observations (patient_id, observation_type, value_numeric, value_text, unit, observation_date, status)
VALUES ('36cc920f-4aca-4564-8c31-f07a615b0542', 'LDL_cholesterol', 137, NULL, 'mg/dL'::text, CURRENT_TIMESTAMP, 'final');
INSERT INTO observations (patient_id, observation_type, value_numeric, value_text, unit, observation_date, status)
VALUES ('36cc920f-4aca-4564-8c31-f07a615b0542', 'HDL_cholesterol', 52, NULL, 'mg/dL'::text, CURRENT_TIMESTAMP, 'final');
INSERT INTO observations (patient_id, observation_type, value_numeric, value_text, unit, observation_date, status)
VALUES ('36cc920f-4aca-4564-8c31-f07a615b0542', 'BMI', 26.2, NULL, 'kg/m²'::text, CURRENT_TIMESTAMP, 'final');
INSERT INTO observations (patient_id, observation_type, value_numeric, value_text, unit, observation_date, status)
VALUES ('36cc920f-4aca-4564-8c31-f07a615b0542', 'hemoglobin', 14.5, NULL, 'g/dL'::text, CURRENT_TIMESTAMP, 'final');
INSERT INTO observations (patient_id, observation_type, value_numeric, value_text, unit, observation_date, status)
VALUES ('36cc920f-4aca-4564-8c31-f07a615b0542', 'potassium', 4.0, NULL, 'mEq/L'::text, CURRENT_TIMESTAMP, 'final');
INSERT INTO observations (patient_id, observation_type, value_numeric, value_text, unit, observation_date, status)
VALUES ('36cc920f-4aca-4564-8c31-f07a615b0542', 'calcium', 8.3, NULL, 'mg/dL'::text, CURRENT_TIMESTAMP, 'final');
INSERT INTO observations (patient_id, observation_type, value_numeric, value_text, unit, observation_date, status)
VALUES ('36cc920f-4aca-4564-8c31-f07a615b0542', 'phosphorus', 3.8, NULL, 'mg/dL'::text, CURRENT_TIMESTAMP, 'final');
INSERT INTO observations (patient_id, observation_type, value_numeric, value_text, unit, observation_date, status)
VALUES ('36cc920f-4aca-4564-8c31-f07a615b0542', 'albumin', 3.9, NULL, 'g/dL'::text, CURRENT_TIMESTAMP, 'final');
INSERT INTO conditions (patient_id, condition_code, condition_name, clinical_status, onset_date, recorded_date, severity)
VALUES ('36cc920f-4aca-4564-8c31-f07a615b0542', 'N18.1', 'Chronic Kidney Disease, Stage 1', 'active', '2024-07-23', CURRENT_TIMESTAMP, 'mild');

-- Patient: Dylan Jenkins
INSERT INTO patients (
    id, medical_record_number, first_name, last_name, date_of_birth, gender, email, phone,
    weight, height, smoking_status, cvd_history, family_history_esrd,
    on_ras_inhibitor, on_sglt2i, nephrotoxic_meds, nephrologist_referral,
    diagnosis_date, last_visit_date, next_visit_date
) VALUES (
    '1ac42190-99f5-4165-94d4-93db0d589e66', 'MRN202'::text, 'Dylan'::text, 'Jenkins'::text,
    '1989-11-09', 'male'::text, 'dylan.jenkins@email.com'::text, '+1-555-0001',
    103.2, 184, 'Never'::text,
    false, false,
    false, false,
    false, false,
    NULL, '2025-10-20'::text, '2026-03-27'::text
);
INSERT INTO observations (patient_id, observation_type, value_numeric, value_text, unit, observation_date, status)
VALUES ('1ac42190-99f5-4165-94d4-93db0d589e66', 'eGFR', 94.69, NULL, 'mL/min/1.73m²'::text, CURRENT_TIMESTAMP, 'final');
INSERT INTO observations (patient_id, observation_type, value_numeric, value_text, unit, observation_date, status)
VALUES ('1ac42190-99f5-4165-94d4-93db0d589e66', 'eGFR_trend', NULL, 'stable'::text, NULL, CURRENT_TIMESTAMP, 'final');
INSERT INTO observations (patient_id, observation_type, value_numeric, value_text, unit, observation_date, status)
VALUES ('1ac42190-99f5-4165-94d4-93db0d589e66', 'eGFR_change_percent', 4.3, NULL, '%'::text, CURRENT_TIMESTAMP, 'final');
INSERT INTO observations (patient_id, observation_type, value_numeric, value_text, unit, observation_date, status)
VALUES ('1ac42190-99f5-4165-94d4-93db0d589e66', 'serum_creatinine', 0.77, NULL, 'mg/dL'::text, CURRENT_TIMESTAMP, 'final');
INSERT INTO observations (patient_id, observation_type, value_numeric, value_text, unit, observation_date, status)
VALUES ('1ac42190-99f5-4165-94d4-93db0d589e66', 'BUN', 73, NULL, 'mg/dL'::text, CURRENT_TIMESTAMP, 'final');
INSERT INTO observations (patient_id, observation_type, value_numeric, value_text, unit, observation_date, status)
VALUES ('1ac42190-99f5-4165-94d4-93db0d589e66', 'uACR', 10.16, NULL, 'mg/g'::text, CURRENT_TIMESTAMP, 'final');
INSERT INTO observations (patient_id, observation_type, value_numeric, value_text, unit, observation_date, status)
VALUES ('1ac42190-99f5-4165-94d4-93db0d589e66', 'proteinuria_category', NULL, 'A1'::text, NULL, CURRENT_TIMESTAMP, 'final');
INSERT INTO observations (patient_id, observation_type, value_numeric, value_text, unit, observation_date, status)
VALUES ('1ac42190-99f5-4165-94d4-93db0d589e66', 'blood_pressure_systolic', 111, NULL, 'mmHg'::text, CURRENT_TIMESTAMP, 'final');
INSERT INTO observations (patient_id, observation_type, value_numeric, value_text, unit, observation_date, status)
VALUES ('1ac42190-99f5-4165-94d4-93db0d589e66', 'blood_pressure_diastolic', 70, NULL, 'mmHg'::text, CURRENT_TIMESTAMP, 'final');
INSERT INTO observations (patient_id, observation_type, value_numeric, value_text, unit, observation_date, status)
VALUES ('1ac42190-99f5-4165-94d4-93db0d589e66', 'HbA1c', 5.7, NULL, '%'::text, CURRENT_TIMESTAMP, 'final');
INSERT INTO observations (patient_id, observation_type, value_numeric, value_text, unit, observation_date, status)
VALUES ('1ac42190-99f5-4165-94d4-93db0d589e66', 'LDL_cholesterol', 151, NULL, 'mg/dL'::text, CURRENT_TIMESTAMP, 'final');
INSERT INTO observations (patient_id, observation_type, value_numeric, value_text, unit, observation_date, status)
VALUES ('1ac42190-99f5-4165-94d4-93db0d589e66', 'HDL_cholesterol', 68, NULL, 'mg/dL'::text, CURRENT_TIMESTAMP, 'final');
INSERT INTO observations (patient_id, observation_type, value_numeric, value_text, unit, observation_date, status)
VALUES ('1ac42190-99f5-4165-94d4-93db0d589e66', 'BMI', 30.5, NULL, 'kg/m²'::text, CURRENT_TIMESTAMP, 'final');
INSERT INTO observations (patient_id, observation_type, value_numeric, value_text, unit, observation_date, status)
VALUES ('1ac42190-99f5-4165-94d4-93db0d589e66', 'hemoglobin', 13.7, NULL, 'g/dL'::text, CURRENT_TIMESTAMP, 'final');
INSERT INTO observations (patient_id, observation_type, value_numeric, value_text, unit, observation_date, status)
VALUES ('1ac42190-99f5-4165-94d4-93db0d589e66', 'potassium', 3.9, NULL, 'mEq/L'::text, CURRENT_TIMESTAMP, 'final');
INSERT INTO observations (patient_id, observation_type, value_numeric, value_text, unit, observation_date, status)
VALUES ('1ac42190-99f5-4165-94d4-93db0d589e66', 'calcium', 8.1, NULL, 'mg/dL'::text, CURRENT_TIMESTAMP, 'final');
INSERT INTO observations (patient_id, observation_type, value_numeric, value_text, unit, observation_date, status)
VALUES ('1ac42190-99f5-4165-94d4-93db0d589e66', 'phosphorus', 3.9, NULL, 'mg/dL'::text, CURRENT_TIMESTAMP, 'final');
INSERT INTO observations (patient_id, observation_type, value_numeric, value_text, unit, observation_date, status)
VALUES ('1ac42190-99f5-4165-94d4-93db0d589e66', 'albumin', 2.7, NULL, 'g/dL'::text, CURRENT_TIMESTAMP, 'final');

-- Patient: Terry Berry
INSERT INTO patients (
    id, medical_record_number, first_name, last_name, date_of_birth, gender, email, phone,
    weight, height, smoking_status, cvd_history, family_history_esrd,
    on_ras_inhibitor, on_sglt2i, nephrotoxic_meds, nephrologist_referral,
    diagnosis_date, last_visit_date, next_visit_date
) VALUES (
    'b50645b5-b82f-4a07-8c59-18843f5ec384', 'MRN203'::text, 'Terry'::text, 'Berry'::text,
    '1947-11-09', 'male'::text, 'terry.berry@email.com'::text, '+1-555-0001',
    97.6, 165, 'Never'::text,
    false, false,
    true, true,
    true, true,
    '2019-11-10', '2025-11-03'::text, '2025-12-01'::text
);
INSERT INTO observations (patient_id, observation_type, value_numeric, value_text, unit, observation_date, status)
VALUES ('b50645b5-b82f-4a07-8c59-18843f5ec384', 'eGFR', 7.51, NULL, 'mL/min/1.73m²'::text, CURRENT_TIMESTAMP, 'final');
INSERT INTO observations (patient_id, observation_type, value_numeric, value_text, unit, observation_date, status)
VALUES ('b50645b5-b82f-4a07-8c59-18843f5ec384', 'eGFR_trend', NULL, 'down'::text, NULL, CURRENT_TIMESTAMP, 'final');
INSERT INTO observations (patient_id, observation_type, value_numeric, value_text, unit, observation_date, status)
VALUES ('b50645b5-b82f-4a07-8c59-18843f5ec384', 'eGFR_change_percent', -17.3, NULL, '%'::text, CURRENT_TIMESTAMP, 'final');
INSERT INTO observations (patient_id, observation_type, value_numeric, value_text, unit, observation_date, status)
VALUES ('b50645b5-b82f-4a07-8c59-18843f5ec384', 'serum_creatinine', 4.55, NULL, 'mg/dL'::text, CURRENT_TIMESTAMP, 'final');
INSERT INTO observations (patient_id, observation_type, value_numeric, value_text, unit, observation_date, status)
VALUES ('b50645b5-b82f-4a07-8c59-18843f5ec384', 'BUN', 89, NULL, 'mg/dL'::text, CURRENT_TIMESTAMP, 'final');
INSERT INTO observations (patient_id, observation_type, value_numeric, value_text, unit, observation_date, status)
VALUES ('b50645b5-b82f-4a07-8c59-18843f5ec384', 'uACR', 820.42, NULL, 'mg/g'::text, CURRENT_TIMESTAMP, 'final');
INSERT INTO observations (patient_id, observation_type, value_numeric, value_text, unit, observation_date, status)
VALUES ('b50645b5-b82f-4a07-8c59-18843f5ec384', 'proteinuria_category', NULL, 'A3'::text, NULL, CURRENT_TIMESTAMP, 'final');
INSERT INTO observations (patient_id, observation_type, value_numeric, value_text, unit, observation_date, status)
VALUES ('b50645b5-b82f-4a07-8c59-18843f5ec384', 'blood_pressure_systolic', 171, NULL, 'mmHg'::text, CURRENT_TIMESTAMP, 'final');
INSERT INTO observations (patient_id, observation_type, value_numeric, value_text, unit, observation_date, status)
VALUES ('b50645b5-b82f-4a07-8c59-18843f5ec384', 'blood_pressure_diastolic', 100, NULL, 'mmHg'::text, CURRENT_TIMESTAMP, 'final');
INSERT INTO observations (patient_id, observation_type, value_numeric, value_text, unit, observation_date, status)
VALUES ('b50645b5-b82f-4a07-8c59-18843f5ec384', 'HbA1c', 9.5, NULL, '%'::text, CURRENT_TIMESTAMP, 'final');
INSERT INTO observations (patient_id, observation_type, value_numeric, value_text, unit, observation_date, status)
VALUES ('b50645b5-b82f-4a07-8c59-18843f5ec384', 'LDL_cholesterol', 112, NULL, 'mg/dL'::text, CURRENT_TIMESTAMP, 'final');
INSERT INTO observations (patient_id, observation_type, value_numeric, value_text, unit, observation_date, status)
VALUES ('b50645b5-b82f-4a07-8c59-18843f5ec384', 'HDL_cholesterol', 30, NULL, 'mg/dL'::text, CURRENT_TIMESTAMP, 'final');
INSERT INTO observations (patient_id, observation_type, value_numeric, value_text, unit, observation_date, status)
VALUES ('b50645b5-b82f-4a07-8c59-18843f5ec384', 'BMI', 35.8, NULL, 'kg/m²'::text, CURRENT_TIMESTAMP, 'final');
INSERT INTO observations (patient_id, observation_type, value_numeric, value_text, unit, observation_date, status)
VALUES ('b50645b5-b82f-4a07-8c59-18843f5ec384', 'hemoglobin', 11.0, NULL, 'g/dL'::text, CURRENT_TIMESTAMP, 'final');
INSERT INTO observations (patient_id, observation_type, value_numeric, value_text, unit, observation_date, status)
VALUES ('b50645b5-b82f-4a07-8c59-18843f5ec384', 'potassium', 5.4, NULL, 'mEq/L'::text, CURRENT_TIMESTAMP, 'final');
INSERT INTO observations (patient_id, observation_type, value_numeric, value_text, unit, observation_date, status)
VALUES ('b50645b5-b82f-4a07-8c59-18843f5ec384', 'calcium', 8.2, NULL, 'mg/dL'::text, CURRENT_TIMESTAMP, 'final');
INSERT INTO observations (patient_id, observation_type, value_numeric, value_text, unit, observation_date, status)
VALUES ('b50645b5-b82f-4a07-8c59-18843f5ec384', 'phosphorus', 5.7, NULL, 'mg/dL'::text, CURRENT_TIMESTAMP, 'final');
INSERT INTO observations (patient_id, observation_type, value_numeric, value_text, unit, observation_date, status)
VALUES ('b50645b5-b82f-4a07-8c59-18843f5ec384', 'albumin', 1.6, NULL, 'g/dL'::text, CURRENT_TIMESTAMP, 'final');
INSERT INTO conditions (patient_id, condition_code, condition_name, clinical_status, onset_date, recorded_date, severity)
VALUES ('b50645b5-b82f-4a07-8c59-18843f5ec384', 'E11.9', 'Type 2 Diabetes Mellitus', 'active', '2019-11-10', CURRENT_TIMESTAMP, 'moderate');
INSERT INTO conditions (patient_id, condition_code, condition_name, clinical_status, onset_date, recorded_date, severity)
VALUES ('b50645b5-b82f-4a07-8c59-18843f5ec384', 'I10', 'Essential Hypertension', 'active', '2019-11-10', CURRENT_TIMESTAMP, 'moderate');
INSERT INTO conditions (patient_id, condition_code, condition_name, clinical_status, onset_date, recorded_date, severity)
VALUES ('b50645b5-b82f-4a07-8c59-18843f5ec384', 'N18.5', 'Chronic Kidney Disease, Stage 5', 'active', '2019-11-10', CURRENT_TIMESTAMP, 'severe');

-- Patient: Craig Wood
INSERT INTO patients (
    id, medical_record_number, first_name, last_name, date_of_birth, gender, email, phone,
    weight, height, smoking_status, cvd_history, family_history_esrd,
    on_ras_inhibitor, on_sglt2i, nephrotoxic_meds, nephrologist_referral,
    diagnosis_date, last_visit_date, next_visit_date
) VALUES (
    '5c2f53b1-c862-4f75-b78a-8d6b18793eca', 'MRN204'::text, 'Craig'::text, 'Wood'::text,
    '1977-11-09', 'male'::text, 'craig.wood@email.com'::text, '+1-555-0001',
    68.6, 183, 'Current'::text,
    false, false,
    false, false,
    false, false,
    NULL, '2025-10-31'::text, '2026-03-30'::text
);
INSERT INTO observations (patient_id, observation_type, value_numeric, value_text, unit, observation_date, status)
VALUES ('5c2f53b1-c862-4f75-b78a-8d6b18793eca', 'eGFR', 102.62, NULL, 'mL/min/1.73m²'::text, CURRENT_TIMESTAMP, 'final');
INSERT INTO observations (patient_id, observation_type, value_numeric, value_text, unit, observation_date, status)
VALUES ('5c2f53b1-c862-4f75-b78a-8d6b18793eca', 'eGFR_trend', NULL, 'up'::text, NULL, CURRENT_TIMESTAMP, 'final');
INSERT INTO observations (patient_id, observation_type, value_numeric, value_text, unit, observation_date, status)
VALUES ('5c2f53b1-c862-4f75-b78a-8d6b18793eca', 'eGFR_change_percent', 1.3, NULL, '%'::text, CURRENT_TIMESTAMP, 'final');
INSERT INTO observations (patient_id, observation_type, value_numeric, value_text, unit, observation_date, status)
VALUES ('5c2f53b1-c862-4f75-b78a-8d6b18793eca', 'serum_creatinine', 0.75, NULL, 'mg/dL'::text, CURRENT_TIMESTAMP, 'final');
INSERT INTO observations (patient_id, observation_type, value_numeric, value_text, unit, observation_date, status)
VALUES ('5c2f53b1-c862-4f75-b78a-8d6b18793eca', 'BUN', 36, NULL, 'mg/dL'::text, CURRENT_TIMESTAMP, 'final');
INSERT INTO observations (patient_id, observation_type, value_numeric, value_text, unit, observation_date, status)
VALUES ('5c2f53b1-c862-4f75-b78a-8d6b18793eca', 'uACR', 32.6, NULL, 'mg/g'::text, CURRENT_TIMESTAMP, 'final');
INSERT INTO observations (patient_id, observation_type, value_numeric, value_text, unit, observation_date, status)
VALUES ('5c2f53b1-c862-4f75-b78a-8d6b18793eca', 'proteinuria_category', NULL, 'A1'::text, NULL, CURRENT_TIMESTAMP, 'final');
INSERT INTO observations (patient_id, observation_type, value_numeric, value_text, unit, observation_date, status)
VALUES ('5c2f53b1-c862-4f75-b78a-8d6b18793eca', 'blood_pressure_systolic', 125, NULL, 'mmHg'::text, CURRENT_TIMESTAMP, 'final');
INSERT INTO observations (patient_id, observation_type, value_numeric, value_text, unit, observation_date, status)
VALUES ('5c2f53b1-c862-4f75-b78a-8d6b18793eca', 'blood_pressure_diastolic', 78, NULL, 'mmHg'::text, CURRENT_TIMESTAMP, 'final');
INSERT INTO observations (patient_id, observation_type, value_numeric, value_text, unit, observation_date, status)
VALUES ('5c2f53b1-c862-4f75-b78a-8d6b18793eca', 'HbA1c', 5.9, NULL, '%'::text, CURRENT_TIMESTAMP, 'final');
INSERT INTO observations (patient_id, observation_type, value_numeric, value_text, unit, observation_date, status)
VALUES ('5c2f53b1-c862-4f75-b78a-8d6b18793eca', 'LDL_cholesterol', 153, NULL, 'mg/dL'::text, CURRENT_TIMESTAMP, 'final');
INSERT INTO observations (patient_id, observation_type, value_numeric, value_text, unit, observation_date, status)
VALUES ('5c2f53b1-c862-4f75-b78a-8d6b18793eca', 'HDL_cholesterol', 52, NULL, 'mg/dL'::text, CURRENT_TIMESTAMP, 'final');
INSERT INTO observations (patient_id, observation_type, value_numeric, value_text, unit, observation_date, status)
VALUES ('5c2f53b1-c862-4f75-b78a-8d6b18793eca', 'BMI', 20.5, NULL, 'kg/m²'::text, CURRENT_TIMESTAMP, 'final');
INSERT INTO observations (patient_id, observation_type, value_numeric, value_text, unit, observation_date, status)
VALUES ('5c2f53b1-c862-4f75-b78a-8d6b18793eca', 'hemoglobin', 12.7, NULL, 'g/dL'::text, CURRENT_TIMESTAMP, 'final');
INSERT INTO observations (patient_id, observation_type, value_numeric, value_text, unit, observation_date, status)
VALUES ('5c2f53b1-c862-4f75-b78a-8d6b18793eca', 'potassium', 4.2, NULL, 'mEq/L'::text, CURRENT_TIMESTAMP, 'final');
INSERT INTO observations (patient_id, observation_type, value_numeric, value_text, unit, observation_date, status)
VALUES ('5c2f53b1-c862-4f75-b78a-8d6b18793eca', 'calcium', 9.6, NULL, 'mg/dL'::text, CURRENT_TIMESTAMP, 'final');
INSERT INTO observations (patient_id, observation_type, value_numeric, value_text, unit, observation_date, status)
VALUES ('5c2f53b1-c862-4f75-b78a-8d6b18793eca', 'phosphorus', 3.5, NULL, 'mg/dL'::text, CURRENT_TIMESTAMP, 'final');
INSERT INTO observations (patient_id, observation_type, value_numeric, value_text, unit, observation_date, status)
VALUES ('5c2f53b1-c862-4f75-b78a-8d6b18793eca', 'albumin', 4.5, NULL, 'g/dL'::text, CURRENT_TIMESTAMP, 'final');

-- Patient: Peter Collins
INSERT INTO patients (
    id, medical_record_number, first_name, last_name, date_of_birth, gender, email, phone,
    weight, height, smoking_status, cvd_history, family_history_esrd,
    on_ras_inhibitor, on_sglt2i, nephrotoxic_meds, nephrologist_referral,
    diagnosis_date, last_visit_date, next_visit_date
) VALUES (
    '7b551862-ee62-402b-a0de-17e0c0ad6626', 'MRN205'::text, 'Peter'::text, 'Collins'::text,
    '1968-11-09', 'male'::text, 'peter.collins@email.com'::text, '+1-555-0001',
    113.1, 175, 'Never'::text,
    false, false,
    false, false,
    false, false,
    '2024-10-04', '2025-10-18'::text, '2026-03-19'::text
);
INSERT INTO observations (patient_id, observation_type, value_numeric, value_text, unit, observation_date, status)
VALUES ('7b551862-ee62-402b-a0de-17e0c0ad6626', 'eGFR', 64.61, NULL, 'mL/min/1.73m²'::text, CURRENT_TIMESTAMP, 'final');
INSERT INTO observations (patient_id, observation_type, value_numeric, value_text, unit, observation_date, status)
VALUES ('7b551862-ee62-402b-a0de-17e0c0ad6626', 'eGFR_trend', NULL, 'down'::text, NULL, CURRENT_TIMESTAMP, 'final');
INSERT INTO observations (patient_id, observation_type, value_numeric, value_text, unit, observation_date, status)
VALUES ('7b551862-ee62-402b-a0de-17e0c0ad6626', 'eGFR_change_percent', 3.7, NULL, '%'::text, CURRENT_TIMESTAMP, 'final');
INSERT INTO observations (patient_id, observation_type, value_numeric, value_text, unit, observation_date, status)
VALUES ('7b551862-ee62-402b-a0de-17e0c0ad6626', 'serum_creatinine', 1.24, NULL, 'mg/dL'::text, CURRENT_TIMESTAMP, 'final');
INSERT INTO observations (patient_id, observation_type, value_numeric, value_text, unit, observation_date, status)
VALUES ('7b551862-ee62-402b-a0de-17e0c0ad6626', 'BUN', 138, NULL, 'mg/dL'::text, CURRENT_TIMESTAMP, 'final');
INSERT INTO observations (patient_id, observation_type, value_numeric, value_text, unit, observation_date, status)
VALUES ('7b551862-ee62-402b-a0de-17e0c0ad6626', 'uACR', 98.62, NULL, 'mg/g'::text, CURRENT_TIMESTAMP, 'final');
INSERT INTO observations (patient_id, observation_type, value_numeric, value_text, unit, observation_date, status)
VALUES ('7b551862-ee62-402b-a0de-17e0c0ad6626', 'proteinuria_category', NULL, 'A2'::text, NULL, CURRENT_TIMESTAMP, 'final');
INSERT INTO observations (patient_id, observation_type, value_numeric, value_text, unit, observation_date, status)
VALUES ('7b551862-ee62-402b-a0de-17e0c0ad6626', 'blood_pressure_systolic', 138, NULL, 'mmHg'::text, CURRENT_TIMESTAMP, 'final');
INSERT INTO observations (patient_id, observation_type, value_numeric, value_text, unit, observation_date, status)
VALUES ('7b551862-ee62-402b-a0de-17e0c0ad6626', 'blood_pressure_diastolic', 85, NULL, 'mmHg'::text, CURRENT_TIMESTAMP, 'final');
INSERT INTO observations (patient_id, observation_type, value_numeric, value_text, unit, observation_date, status)
VALUES ('7b551862-ee62-402b-a0de-17e0c0ad6626', 'HbA1c', 9.1, NULL, '%'::text, CURRENT_TIMESTAMP, 'final');
INSERT INTO observations (patient_id, observation_type, value_numeric, value_text, unit, observation_date, status)
VALUES ('7b551862-ee62-402b-a0de-17e0c0ad6626', 'LDL_cholesterol', 88, NULL, 'mg/dL'::text, CURRENT_TIMESTAMP, 'final');
INSERT INTO observations (patient_id, observation_type, value_numeric, value_text, unit, observation_date, status)
VALUES ('7b551862-ee62-402b-a0de-17e0c0ad6626', 'HDL_cholesterol', 66, NULL, 'mg/dL'::text, CURRENT_TIMESTAMP, 'final');
INSERT INTO observations (patient_id, observation_type, value_numeric, value_text, unit, observation_date, status)
VALUES ('7b551862-ee62-402b-a0de-17e0c0ad6626', 'BMI', 36.9, NULL, 'kg/m²'::text, CURRENT_TIMESTAMP, 'final');
INSERT INTO observations (patient_id, observation_type, value_numeric, value_text, unit, observation_date, status)
VALUES ('7b551862-ee62-402b-a0de-17e0c0ad6626', 'hemoglobin', 14.6, NULL, 'g/dL'::text, CURRENT_TIMESTAMP, 'final');
INSERT INTO observations (patient_id, observation_type, value_numeric, value_text, unit, observation_date, status)
VALUES ('7b551862-ee62-402b-a0de-17e0c0ad6626', 'potassium', 4.4, NULL, 'mEq/L'::text, CURRENT_TIMESTAMP, 'final');
INSERT INTO observations (patient_id, observation_type, value_numeric, value_text, unit, observation_date, status)
VALUES ('7b551862-ee62-402b-a0de-17e0c0ad6626', 'calcium', 8.2, NULL, 'mg/dL'::text, CURRENT_TIMESTAMP, 'final');
INSERT INTO observations (patient_id, observation_type, value_numeric, value_text, unit, observation_date, status)
VALUES ('7b551862-ee62-402b-a0de-17e0c0ad6626', 'phosphorus', 3.5, NULL, 'mg/dL'::text, CURRENT_TIMESTAMP, 'final');
INSERT INTO observations (patient_id, observation_type, value_numeric, value_text, unit, observation_date, status)
VALUES ('7b551862-ee62-402b-a0de-17e0c0ad6626', 'albumin', 2.4, NULL, 'g/dL'::text, CURRENT_TIMESTAMP, 'final');
INSERT INTO conditions (patient_id, condition_code, condition_name, clinical_status, onset_date, recorded_date, severity)
VALUES ('7b551862-ee62-402b-a0de-17e0c0ad6626', 'E11.9', 'Type 2 Diabetes Mellitus', 'active', '2024-10-04', CURRENT_TIMESTAMP, 'moderate');
INSERT INTO conditions (patient_id, condition_code, condition_name, clinical_status, onset_date, recorded_date, severity)
VALUES ('7b551862-ee62-402b-a0de-17e0c0ad6626', 'I10', 'Essential Hypertension', 'active', '2024-10-04', CURRENT_TIMESTAMP, 'moderate');
INSERT INTO conditions (patient_id, condition_code, condition_name, clinical_status, onset_date, recorded_date, severity)
VALUES ('7b551862-ee62-402b-a0de-17e0c0ad6626', 'N18.2', 'Chronic Kidney Disease, Stage 2', 'active', '2024-10-04', CURRENT_TIMESTAMP, 'mild');
